epoch,train_loss,val_loss,val_log_mse_total,lr,train_Area (mm^2),val_Area (mm^2),val_log_mse_Area (mm^2),train_Read Latency (ns),val_Read Latency (ns),val_log_mse_Read Latency (ns),train_Write Latency (ns),val_Write Latency (ns),val_log_mse_Write Latency (ns),train_Read Energy (nJ),val_Read Energy (nJ),val_log_mse_Read Energy (nJ),train_Write Energy (nJ),val_Write Energy (nJ),val_log_mse_Write Energy (nJ),train_Leakage (mW),val_Leakage (mW),val_log_mse_Leakage (mW)
1,0.12481984335006979,0.005830424173078769,0.02055792696774006,0.00021081743653050887,0.024886832,0.000891869,0.0017843065,0.03912806,0.0010637223,0.0021274446,0.027541667,0.00492929,0.009859528,0.02267827,0.00074385916,0.0014877183,0.017727507,0.0012044573,0.0024089145,0.033772312,0.0014449491,0.0028900146
2,0.014984652176077574,0.005294502822450554,0.021222226321697235,0.00042163487306101774,0.004799811,0.0014839851,0.0029679867,0.006449034,0.0008868717,0.001773749,0.0054802955,0.0014735771,0.0029472564,0.0047452813,0.0009574007,0.0019148014,0.005376832,0.0034307183,0.0068614366,0.005709003,0.0023784984,0.004756997
3,0.006833582537587968,0.0011019288615526036,0.004430761560797691,0.0006324523095915266,0.0026186921,0.00029408772,0.00058817543,0.0024814038,0.0003073005,0.0006150116,0.0024150012,0.00033916166,0.00067864056,0.0021777747,0.00023452756,0.0004690551,0.002493523,0.00063687225,0.0012737445,0.003003134,0.00040306713,0.00080613425
4,0.003324590952631026,0.002653273111799057,0.012032553553581238,0.0008432697461220355,0.0012981623,0.0010780338,0.0021560676,0.0012378913,0.00052061887,0.0010412424,0.0010230117,0.0009855792,0.0019711584,0.00095472357,0.0009227284,0.0018454568,0.0009986721,0.0010652649,0.0021305298,0.0017797227,0.0014440493,0.0028880986
5,0.0027296887521838483,0.00036403591780906087,0.001552427071146667,0.0010540871826525443,0.000894024,0.000103919934,0.00020783987,0.0010669248,0.00015202319,0.00030404638,0.00083024293,0.00014033385,0.0002806677,0.00080549094,9.2544935e-05,0.00018508987,0.0011643985,0.0001309996,0.0002619992,0.00119779,0.000156392,0.000312784
6,0.0009576727896978901,0.00041851908646548067,0.0017454462358728051,0.0010540871826525443,0.00027840157,8.664692e-05,0.00017329384,0.0003617321,0.00019358599,0.00038717198,0.00039404642,0.00019581652,0.00039163305,0.00024122799,7.712121e-05,0.00015424241,0.00032604474,0.00010880534,0.00021761068,0.0004453415,0.0002107472,0.0004214944
7,0.0007997531192024656,0.0010896868425672027,0.005262395367026329,0.0010540572966279095,0.00023845528,0.00046850223,0.00093700446,0.00029723597,0.00031336196,0.0006267239,0.0003131109,0.00047758082,0.00095516164,0.00020339519,0.000320334,0.000640668,0.00028773447,0.00017321552,0.00034643104,0.0003745255,0.0008782032,0.0017564064
8,0.0007378332827931107,0.0003540108168402087,0.0014750540722161531,0.0010539676419433809,0.0002199974,0.00011836603,0.00023673208,0.00027196965,0.00020316096,0.00040632192,0.0002836787,0.00016508241,0.00033016482,0.00018630581,5.323821e-05,0.00010647642,0.00026182152,7.604528e-05,0.00015209056,0.00036989196,0.0001216341,0.0002432682
9,0.0006598972899229883,0.00021265347704253908,0.0009638151386752725,0.0010538182287667024,0.00019606846,6.514651e-05,0.00013029302,0.00025491396,8.816159e-05,0.00017632318,0.00026097713,7.5952856e-05,0.00015190571,0.00016488266,6.983888e-05,0.00013967777,0.00022994647,6.6792694e-05,0.00013358539,0.00030748628,0.00011601501,0.00023203003
10,0.000539474792457274,0.00021349949050247717,0.0009073354885913432,0.0010536090740428327,0.00016169161,4.9606966e-05,9.921393e-05,0.00020955538,8.2029386e-05,0.00016405877,0.00021067631,8.196725e-05,0.0001639345,0.0001321126,6.0098035e-05,0.00012019607,0.0001835382,8.264652e-05,0.00016529304,0.00026631425,9.731958e-05,0.00019463916
11,0.0005115931635111837,0.00032807815272884654,0.0017461397219449282,0.0010533402014920226,0.00015221194,0.00013498981,0.00026997962,0.00018896193,6.4785505e-05,0.00012957101,0.0001900152,6.6455075e-05,0.00013291015,0.00013044012,7.4769574e-05,0.00014953915,0.00019417089,7.2867864e-05,0.00014573573,0.00024324986,0.00045920207,0.00091840414
12,0.00047060769435837153,0.0002465238875262859,0.0010366312926635146,0.0010530116416071268,0.00014452395,5.627644e-05,0.00011255288,0.0001844461,0.00015509898,0.00031085956,0.00018579027,9.1003014e-05,0.0001828162,0.00011763586,3.3979093e-05,6.7958186e-05,0.00015729864,6.63542e-05,0.0001327084,0.00022767144,0.00011486803,0.00022973606
13,0.0004275849678169975,0.00029194193743788127,0.0014727434609085321,0.0010526234316501437,0.00012687159,0.00013711132,0.00027422264,0.000170316,0.000113451795,0.00022690359,0.00016866133,7.490124e-05,0.00014980248,0.00010391631,0.00016490035,0.0003298007,0.00014692206,9.585886e-05,0.00019171771,0.00019978448,0.0001501481,0.0003002962
14,0.00039103893390740043,0.00018853752218399105,0.0008228003280237317,0.001052175615647991,0.0001251606,5.027934e-05,0.00010055868,0.00014856663,6.9154594e-05,0.00013830919,0.00014971393,8.5173895e-05,0.00017034779,9.9468474e-05,2.9269107e-05,5.8538215e-05,0.0001326849,4.3874512e-05,8.7749024e-05,0.00019750427,0.0001336487,0.0002672974
15,0.0003566164591922603,0.000329805706258885,0.001569588901475072,0.0010516682443875117,0.00010551863,0.00015083945,0.0003016789,0.00013842409,0.00019142019,0.00038284037,0.00013737968,0.00011619326,0.00023238649,8.688154e-05,9.448766e-05,0.00018897532,0.00012882879,5.1973097e-05,0.00010394619,0.00016599643,0.0001798808,0.0003597616
16,0.021758118211128337,0.0009738046682961206,0.0038583348505198956,0.0010511013754097142,0.001700776,0.00023810954,0.00047621908,0.003796368,0.0004047096,0.0008094192,0.0037229345,0.00045266227,0.00090532453,0.0028781735,0.00022196354,0.00044392707,0.0034557036,0.00037401484,0.0007480297,0.0058677546,0.00023770766,0.00047541532
17,0.0008164966350735112,0.0003979407344637469,0.0015880780993029475,0.0010504750730032481,0.0001741727,7.883094e-05,0.00015766188,0.00030039117,0.00016676057,0.00033352114,0.000348892,0.00017343517,0.00034687034,0.00019404193,0.00010907756,0.00021815511,0.0003518427,0.00016541131,0.00033082263,0.0002596067,0.00010052349,0.00020104698
18,0.0005154307877519875,0.00030067900139523493,0.001152551150880754,0.0010497894081971113,0.00012683103,5.028099e-05,0.00010056198,0.0001889879,0.00013795568,0.00027591136,0.00021459763,0.00015481643,0.00030963286,0.0001245674,5.6894496e-05,0.00011378899,0.00021132256,0.00010361913,0.00020723826,0.00018604014,7.2708855e-05,0.00014541771
19,0.0004390034886602682,0.0002825302675460951,0.0011410866864025593,0.0010490444587525959,0.00011136035,7.273156e-05,0.00014546311,0.00016331369,7.3168674e-05,0.00014633735,0.00018086772,8.586877e-05,0.00017173754,0.00010343776,8.512428e-05,0.00017024856,0.00017400172,0.00017380988,0.00034761976,0.00017112245,7.984019e-05,0.00015968038
20,0.00037880133757730997,0.00019767686788257026,0.0008148057386279106,0.0010482403091544687,9.9027246e-05,4.380294e-05,8.760588e-05,0.00014676065,6.557011e-05,0.00013114022,0.0001568732,7.0513925e-05,0.00014102785,8.86578e-05,4.2974523e-05,8.594905e-05,0.00014032307,9.151948e-05,0.00018303897,0.00015671068,9.302191e-05,0.00018604382
21,0.0003519674288533816,0.0002341437566319577,0.0009895029943436384,0.0010473770506013896,9.170333e-05,8.511291e-05,0.00017022582,0.000135841,0.00010598364,0.0002119673,0.00014225776,9.686831e-05,0.00019373662,8.123316e-05,5.2794177e-05,0.00010558834,0.00013350404,7.639191e-05,0.00015278382,0.00014849211,7.760056e-05,0.00015520112
22,0.00029394882463716014,0.0002836520296742827,0.0012115822173655033,0.0010464547809955697,8.1298276e-05,9.182107e-05,0.00018364214,0.000118200136,0.00014847124,0.00029694248,0.0001224012,0.0001391029,0.0002782058,7.066571e-05,3.8516235e-05,7.703247e-05,0.00010326788,4.6001845e-05,9.200369e-05,0.00012137608,0.00014187781,0.00028375562
23,0.00029380054841222203,0.0002030697624653525,0.0007654373184777796,0.0010454736049316674,7.9565696e-05,3.9673414e-05,7.934683e-05,0.00011530172,6.163867e-05,0.00012327734,0.000116986135,5.777554e-05,0.00011555108,6.7904926e-05,3.2726744e-05,6.545349e-05,0.00010798703,0.00013548566,0.00027097133,0.00013039561,5.5418615e-05,0.00011083723
24,0.00025750854033134893,0.0005269456365097459,0.002096167765557766,0.001044433633684926,7.024227e-05,6.808662e-05,0.00013617324,0.00010498415,0.00029702578,0.0005943653,0.00010566586,0.0003168787,0.0006339747,6.049726e-05,4.5888613e-05,9.177723e-05,9.3586204e-05,5.94528e-05,0.0001189056,0.00010257544,0.00026048595,0.0005209719
25,0.00024475696731482606,0.0001064906796929842,0.000474055326776579,0.0010433349851985548,6.747506e-05,3.420011e-05,6.8400215e-05,9.806119e-05,3.9044553e-05,7.8089106e-05,9.8574805e-05,3.781639e-05,7.563278e-05,5.7647976e-05,3.571907e-05,7.143814e-05,8.893437e-05,3.9558e-05,7.9116e-05,0.000103831,5.068955e-05,0.0001013791
26,0.0002198615647137202,0.0001756258338947948,0.0007555445190519094,0.001042177784070353,6.228191e-05,5.7860027e-05,0.00011572005,8.61531e-05,4.1884752e-05,8.3769504e-05,8.6002095e-05,4.6148947e-05,9.2297894e-05,5.210273e-05,4.423195e-05,8.84639e-05,8.093798e-05,9.648778e-05,0.00019297557,9.81261e-05,9.115881e-05,0.00018231761
27,0.00021943215324668854,0.00012049092301255759,0.0005592519883066416,0.0010409621615385784,5.9337253e-05,4.0704806e-05,8.140961e-05,8.961902e-05,4.4174718e-05,8.8349436e-05,8.926235e-05,3.8739505e-05,7.747901e-05,5.04212e-05,4.1163592e-05,8.2327184e-05,7.928299e-05,4.038552e-05,8.077104e-05,9.129106e-05,7.4457836e-05,0.00014891567
28,0.00018831467389856865,0.00015111470086852372,0.0006375458324328065,0.0010396882554670648,5.4983524e-05,3.095416e-05,6.190832e-05,7.432868e-05,0.00010500256,0.00021000512,7.4305106e-05,6.5665474e-05,0.00013133096,4.573013e-05,2.3014922e-05,4.6029843e-05,6.789077e-05,2.5592666e-05,5.1185332e-05,8.299259e-05,6.854314e-05,0.00013708627
29,0.000195380945496122,0.00011085495835121705,0.0004792672407347709,0.0010383562103295856,5.4197335e-05,2.9678598e-05,5.9357197e-05,8.0025085e-05,6.2453626e-05,0.00012490725,7.955911e-05,3.871222e-05,7.742444e-05,4.4876648e-05,2.3213437e-05,4.6426874e-05,6.898857e-05,3.296284e-05,6.592568e-05,8.322493e-05,5.2612897e-05,0.00010522581
30,0.0001744232949379297,0.00011014542211766828,0.00047234282828867435,0.0010369661771934694,4.880001e-05,3.1837786e-05,6.367557e-05,7.00353e-05,4.5344397e-05,9.0688794e-05,6.9932365e-05,4.7288908e-05,9.4577816e-05,4.1063973e-05,1.527875e-05,3.05575e-05,6.228588e-05,2.9037092e-05,5.8074183e-05,7.650676e-05,6.7384484e-05,0.00013476897
31,0.0001686079725857395,0.00014000013996369955,0.0005757111357524991,0.0010355183137024685,4.8603826e-05,3.8811202e-05,7.7622404e-05,6.423748e-05,7.588124e-05,0.00015176248,6.427568e-05,7.416555e-05,0.0001483311,4.160087e-05,2.1163773e-05,4.2327545e-05,6.532181e-05,2.4997698e-05,4.99954e-05,7.309302e-05,5.2836094e-05,0.0001056722
32,0.00016020709604198293,0.00010588407315424314,0.0004519305657595396,0.001034012784058879,4.431332e-05,3.80549e-05,7.61098e-05,6.325679e-05,3.0755204e-05,6.151041e-05,6.339042e-05,4.3428798e-05,8.6857595e-05,3.734574e-05,2.5257685e-05,5.051537e-05,5.889634e-05,4.063652e-05,8.127304e-05,7.07281e-05,4.7832178e-05,9.5664356e-05
33,0.0001522630489827343,8.051560853202261e-05,0.00034385453909635544,0.001032449759004919,4.46786e-05,2.6248168e-05,5.2496336e-05,5.8371625e-05,2.5249788e-05,5.0499577e-05,5.8174617e-05,2.6061138e-05,5.2122276e-05,3.6998652e-05,1.8514187e-05,3.7028374e-05,5.5856577e-05,3.693313e-05,7.386626e-05,7.185863e-05,3.892088e-05,7.784176e-05
34,0.0001523839286545433,8.716289078760437e-05,0.00042436603689566255,0.001030829415803366,4.2504e-05,4.446292e-05,8.892584e-05,6.1365536e-05,2.8208116e-05,5.641623e-05,6.099836e-05,2.8959304e-05,5.791861e-05,3.556203e-05,4.0092003e-05,8.018401e-05,5.556248e-05,2.6897744e-05,5.3795487e-05,6.4541186e-05,4.3562923e-05,8.7125845e-05
35,0.0001407794652621624,6.452480082701486e-05,0.0002590959775261581,0.0010291519382174515,4.2073745e-05,1.4556376e-05,2.9112753e-05,5.4127217e-05,2.3374761e-05,4.6749523e-05,5.370195e-05,2.9845887e-05,5.9691774e-05,3.5218054e-05,1.0450355e-05,2.090071e-05,5.1152394e-05,2.328446e-05,4.656892e-05,6.630222e-05,2.803615e-05,5.60723e-05
36,0.00013160358812589154,8.36679612254186e-05,0.00035588385071605444,0.0010274175164900218,3.885883e-05,1.5294754e-05,3.058951e-05,5.0327762e-05,3.068113e-05,6.136226e-05,5.0118975e-05,3.955719e-05,7.911438e-05,3.2246906e-05,2.7281947e-05,5.4563894e-05,4.916926e-05,2.6117317e-05,5.2234634e-05,6.032101e-05,3.900959e-05,7.801918e-05
37,0.0001312495049909582,0.00016000854796987952,0.000729554274585098,0.0010256263473219622,3.7439993e-05,5.221625e-05,0.0001044325,5.1916722e-05,2.1218759e-05,4.2437518e-05,5.167812e-05,2.1796794e-05,4.3593584e-05,3.0632258e-05,5.988286e-05,0.00011976572,4.8024645e-05,0.00010707816,0.00021415632,5.7896053e-05,0.00010258434,0.00020516868
38,0.00026040650307873863,4.1777405913500325e-05,0.00017823738744482398,0.001023778633849889,9.137105e-05,1.3351021e-05,2.6702042e-05,8.183348e-05,1.5896736e-05,3.1793472e-05,8.2382416e-05,1.700883e-05,3.401766e-05,9.533605e-05,1.1815668e-05,2.3631335e-05,0.00010622033,1.5235921e-05,3.0471841e-05,0.0001353627,1.5810518e-05,3.1621035e-05
39,7.756350259730034e-05,5.8793264842470956e-05,0.0002500243717804551,0.0010218745856231115,2.08612e-05,1.5169449e-05,3.0338899e-05,3.32216e-05,1.6191447e-05,3.2382894e-05,3.2840264e-05,1.7859038e-05,3.5718076e-05,1.631451e-05,1.3957783e-05,2.7915567e-05,2.721584e-05,2.9398387e-05,5.8796773e-05,2.9746205e-05,3.243608e-05,6.487216e-05
40,0.00010206545576549622,9.448456204833651e-05,0.0003850530192721635,0.0010199144185798678,3.0045681e-05,1.8919969e-05,3.7839938e-05,4.0181814e-05,1.9534851e-05,3.9069702e-05,3.9869232e-05,2.0908374e-05,4.1816747e-05,2.2844346e-05,2.0240192e-05,4.0480383e-05,3.7076883e-05,6.3494466e-05,0.00012698893,4.634424e-05,4.942865e-05,9.88573e-05
41,0.00011103079278554767,5.57731943253181e-05,0.00024294658214785159,0.001017898355022835,3.1703217e-05,2.2921391e-05,4.5842782e-05,4.3326603e-05,1.9327164e-05,3.865433e-05,4.302999e-05,1.9015655e-05,3.803131e-05,2.47971e-05,1.0898117e-05,2.1796233e-05,4.1338368e-05,2.1571954e-05,4.3143908e-05,5.0435487e-05,2.7739003e-05,5.5478005e-05
42,0.00011427816965894417,8.576333875871006e-05,0.00044501107186079025,0.0010158266235939166,3.3518176e-05,3.5447298e-05,7.0894595e-05,4.3781387e-05,3.1170275e-05,6.234055e-05,4.3317574e-05,2.6688807e-05,5.3377615e-05,2.7878874e-05,6.310154e-05,0.00012620309,4.308988e-05,2.4330277e-05,4.8660553e-05,5.212686e-05,4.176732e-05,8.353464e-05
43,0.00010391200257040911,7.225348414559545e-05,0.0003466088674031198,0.001013699459248314,3.1182273e-05,2.3550321e-05,4.7100642e-05,3.884242e-05,2.6582255e-05,5.316451e-05,3.8678936e-05,2.3246503e-05,4.6493e-05,2.5425596e-05,2.5169133e-05,5.0338265e-05,3.9507042e-05,1.9820176e-05,3.9640352e-05,4.9098773e-05,5.4936052e-05,0.000109872104
44,0.00011002382197975256,7.710104266987393e-05,0.00033348321449011564,0.001011517103227879,3.153989e-05,1.6443259e-05,3.2886517e-05,4.316317e-05,5.7640296e-05,0.00011528061,4.2604104e-05,2.9259305e-05,5.851862e-05,2.6049374e-05,1.779494e-05,3.558988e-05,4.0522722e-05,1.494148e-05,2.988296e-05,4.9820064e-05,3.0662308e-05,6.1324616e-05
45,9.648132091762632e-05,5.331662245299302e-05,0.00024083862081170082,0.0010092798030337557,3.1033916e-05,1.7438655e-05,3.487731e-05,3.507832e-05,2.1929254e-05,4.385851e-05,3.502055e-05,1.7204438e-05,3.4408877e-05,2.5057541e-05,1.5319925e-05,3.0639847e-05,3.618084e-05,1.8336716e-05,3.667343e-05,4.7642712e-05,3.0190335e-05,6.0380662e-05
46,9.965830358380757e-05,6.720774061193885e-05,0.0003044525801669806,0.0010069878123983099,2.993855e-05,2.8874569e-05,5.7749137e-05,3.7592574e-05,1.925501e-05,3.851002e-05,3.753029e-05,2.6867392e-05,5.3734784e-05,2.4573517e-05,1.329134e-05,2.658268e-05,3.7652484e-05,1.8987308e-05,3.7974616e-05,4.5971487e-05,4.4950673e-05,8.990135e-05
47,9.379963179127986e-05,4.9041284160756307e-05,0.0002073957584798336,0.001004641391256354,2.8563374e-05,1.681848e-05,3.363696e-05,3.4975506e-05,1.5802974e-05,3.160595e-05,3.479127e-05,1.1988361e-05,2.3976721e-05,2.2777496e-05,9.256712e-06,1.8513423e-05,3.5690537e-05,2.6529973e-05,5.3059946e-05,4.439309e-05,2.3301378e-05,4.6602756e-05
48,9.373804464388575e-05,7.324671694423031e-05,0.0003043286851607263,0.0010022408057156684,2.9115734e-05,1.8080715e-05,3.616143e-05,3.4515164e-05,3.6202677e-05,7.240535e-05,3.435837e-05,2.4068626e-05,4.813725e-05,2.4161012e-05,1.1955149e-05,2.3910297e-05,3.5731824e-05,2.893849e-05,5.7876983e-05,4.457938e-05,3.2918684e-05,6.583737e-05
49,8.912216689343087e-05,5.465327014660012e-05,0.00023123566643334925,0.0009997863280268215,2.755686e-05,1.8458599e-05,3.6917198e-05,3.3061653e-05,1.8374161e-05,3.6748323e-05,3.2910822e-05,2.611945e-05,5.22389e-05,2.157951e-05,1.2271052e-05,2.4542103e-05,3.3578057e-05,1.6490316e-05,3.298063e-05,4.318232e-05,2.3904253e-05,4.7808506e-05
50,0.00024049353524051932,3.578560705719306e-05,0.0001549686276121065,0.0009972782365522935,9.2681694e-05,1.215951e-05,2.431902e-05,8.46407e-05,1.3200089e-05,2.6400177e-05,8.318122e-05,1.32874375e-05,2.6574871e-05,7.455162e-05,9.905816e-06,1.9811632e-05,8.602454e-05,1.3633998e-05,2.7267995e-05,0.000121723584,1.5297466e-05,3.0594932e-05
51,4.923014681582342e-05,3.849656615293051e-05,0.00016934280574787408,0.0009947168157349074,1.6667924e-05,1.2419744e-05,2.4839486e-05,1.7123746e-05,1.2415159e-05,2.4830319e-05,1.6961521e-05,1.34723705e-05,2.6944741e-05,1.2705704e-05,9.534439e-06,1.9068879e-05,2.0031488e-05,1.4742355e-05,2.948471e-05,2.3335413e-05,2.2087333e-05,4.4174667e-05
52,5.432294880679505e-05,3.319859190191809e-05,0.00014030051534064114,0.0009921023560655717,1.7560442e-05,1.0798773e-05,2.1597545e-05,1.942946e-05,1.2863819e-05,2.5727639e-05,1.9432155e-05,1.2375287e-05,2.4750574e-05,1.3840645e-05,7.2886896e-06,1.4577379e-05,2.211472e-05,1.297152e-05,2.594304e-05,2.409746e-05,1.38521655e-05,2.7704331e-05
53,7.904117727548012e-05,7.784946465352652e-05,0.0003052809042856097,0.0009894351540503336,2.4310344e-05,1.3209449e-05,2.6418895e-05,2.9468913e-05,3.0038305e-05,6.007661e-05,2.9567238e-05,3.480472e-05,6.960944e-05,2.0060445e-05,1.4953635e-05,2.9907269e-05,2.9959423e-05,3.2067826e-05,6.413565e-05,3.64186e-05,2.7566519e-05,5.5133038e-05
54,8.120843494383466e-05,4.0693922263619815e-05,0.00016800004232209176,0.0009867155121767537,2.4745028e-05,1.2074493e-05,2.4148985e-05,3.0531188e-05,1.3133418e-05,2.6266836e-05,3.0289046e-05,1.7178996e-05,3.4357992e-05,1.9951583e-05,9.99762e-06,1.999524e-05,3.0553154e-05,1.6741948e-05,3.3483895e-05,3.8311937e-05,1.4873547e-05,2.9747094e-05
55,7.87954077859529e-05,3.745364416502915e-05,0.00016530041466467083,0.0009839437388796007,2.4614954e-05,1.8493249e-05,3.6986497e-05,2.7746815e-05,1.1694764e-05,2.3389528e-05,2.7610546e-05,1.0977049e-05,2.1954098e-05,2.0045522e-05,9.514103e-06,1.9028206e-05,3.191371e-05,1.709831e-05,3.419662e-05,3.81133e-05,1.4872734e-05,2.9745468e-05
56,7.694978573237052e-05,8.408364251530604e-05,0.0003840914578177035,0.000981120148505871,2.3648201e-05,2.744837e-05,5.4896747e-05,2.8900215e-05,2.0247076e-05,4.0494153e-05,2.854316e-05,1.6051532e-05,3.2103064e-05,1.857949e-05,3.681076e-05,7.362152e-05,2.9098088e-05,4.9555543e-05,9.937182e-05,3.637177e-05,4.180206e-05,8.360412e-05
57,7.659957799057095e-05,3.993667791153612e-05,0.00016989665164146572,0.00097824506127914,2.3828266e-05,1.17254785e-05,2.3450957e-05,2.7722399e-05,1.6309072e-05,3.2618143e-05,2.7677486e-05,1.2548447e-05,2.5096893e-05,1.933005e-05,8.785121e-06,1.7570243e-05,2.9936782e-05,1.719445e-05,3.43889e-05,3.66046e-05,1.8385756e-05,3.677151e-05
58,7.432946103284343e-05,0.00010024728011212606,0.0003821196442004293,0.0009753188032632435,2.3424018e-05,1.812767e-05,3.625534e-05,2.7342448e-05,6.0032307e-05,0.00012006463,2.7271306e-05,4.7892598e-05,9.5785195e-05,1.8427685e-05,1.2987826e-05,2.5975653e-05,2.8247674e-05,3.147651e-05,6.295302e-05,3.5601803e-05,2.0542906e-05,4.1085812e-05
59,7.43418012713031e-05,4.336444430478001e-05,0.00020458706421777606,0.0009723417063253011,2.3732868e-05,2.1075552e-05,4.2151103e-05,2.644046e-05,1.0631313e-05,2.1262626e-05,2.6334845e-05,1.0557399e-05,2.1114798e-05,2.0055713e-05,2.2710165e-05,4.542033e-05,2.8763418e-05,2.236805e-05,4.4736098e-05,3.6880603e-05,1.49510615e-05,2.9902123e-05
60,7.061935687077812e-05,4.223360172860798e-05,0.00017360290803480893,0.0009693141080980772,2.2524877e-05,9.650277e-06,1.9300554e-05,2.5766394e-05,1.1279611e-05,2.2559221e-05,2.5505933e-05,1.4802159e-05,2.9604318e-05,1.791939e-05,9.354165e-06,1.870833e-05,2.7233238e-05,2.121607e-05,4.243214e-05,3.3729244e-05,2.0499176e-05,4.099835e-05
61,7.667346139056986e-05,0.00018385555216511766,0.0006898645078763366,0.0009662363519416914,2.408003e-05,3.0763415e-05,6.152683e-05,2.8450542e-05,4.875406e-05,9.750812e-05,2.8138415e-05,6.9462934e-05,0.00013892587,1.9639512e-05,3.2249925e-05,6.449985e-05,2.924819e-05,0.00010931054,0.00021862108,3.58303e-05,5.439139e-05,0.00010878278
62,0.00011077241852583995,2.490464918990581e-05,0.00011414838081691414,0.000963108786904677,3.6221783e-05,1.00399775e-05,2.0079955e-05,4.3248816e-05,6.423261e-06,1.2846522e-05,4.3806518e-05,6.4937444e-06,1.2987489e-05,3.1263084e-05,5.6604886e-06,1.1320977e-05,3.6564645e-05,1.0669293e-05,2.1338587e-05,5.1225026e-05,1.7787426e-05,3.5574853e-05
63,4.749838888614519e-05,4.0470812851308334e-05,0.00017693349218461663,0.0009599317676843961,1.5836302e-05,1.3891232e-05,2.778246e-05,1.6331694e-05,1.4469934e-05,2.8939869e-05,1.6037586e-05,1.7450031e-05,3.4900062e-05,1.1839177e-05,1.4273859e-05,2.8547718e-05,1.9823618e-05,1.3551082e-05,2.7102164e-05,2.2883463e-05,1.4830606e-05,2.9661212e-05
64,6.82292888705334e-05,5.2068157250392195e-05,0.00022737812832929194,0.0009567056545868126,2.0337477e-05,2.7751474e-05,5.5502947e-05,2.5639998e-05,1.5280988e-05,3.0561976e-05,2.5547684e-05,2.1893311e-05,4.3786622e-05,1.607888e-05,9.654386e-06,1.9308773e-05,2.6132755e-05,1.6958982e-05,3.3917964e-05,3.169844e-05,2.2149918e-05,4.4299835e-05
65,6.516534253085853e-05,4.112239202698004e-05,0.00017434923211112618,0.000953430813485631,2.147934e-05,1.20914465e-05,2.4182893e-05,2.2593973e-05,1.0934039e-05,2.1868078e-05,2.238832e-05,1.01937985e-05,2.0387597e-05,1.7360846e-05,9.316366e-06,1.8632732e-05,2.6327196e-05,2.3294151e-05,4.6588302e-05,3.1814034e-05,2.1344818e-05,4.2689637e-05
66,6.233432558809967e-05,6.607083417410103e-05,0.00026087649166584015,0.0009501076157808015,2.0742495e-05,1.2215278e-05,2.4430556e-05,2.2421265e-05,4.4033568e-05,8.8067136e-05,2.2226437e-05,3.3639357e-05,6.7278714e-05,1.6323307e-05,8.268895e-06,1.653779e-05,2.3952498e-05,1.307717e-05,2.615434e-05,3.0076471e-05,1.9203984e-05,3.840797e-05
67,6.497049408232636e-05,5.696506176079528e-05,0.00022486431407742202,0.0009467364383564002,2.0267045e-05,1.0555834e-05,2.1111668e-05,2.4378223e-05,3.69196e-05,7.38392e-05,2.420508e-05,2.6512265e-05,5.302453e-05,1.5962387e-05,6.8101717e-06,1.3620343e-05,2.3913986e-05,1.42278805e-05,2.8455761e-05,3.1561027e-05,1.7406403e-05,3.4812805e-05
68,6.35857268938657e-05,3.133830107150761e-05,0.00012342333502601832,0.0009433176635378865,1.9954667e-05,8.3866225e-06,1.6773245e-05,2.3141209e-05,9.218452e-06,1.8436904e-05,2.3031409e-05,1.06535645e-05,2.1307129e-05,1.6552705e-05,5.7247685e-06,1.1449537e-05,2.4984492e-05,1.7520819e-05,3.5041638e-05,2.933251e-05,1.0207442e-05,2.0414884e-05
69,6.057874779672092e-05,7.590837034577467e-05,0.0003477990976534784,0.0009398516790487429,1.958341e-05,3.3879198e-05,6.7758396e-05,2.175771e-05,2.4979578e-05,4.9959155e-05,2.1698865e-05,2.958977e-05,5.917954e-05,1.5422816e-05,1.5151852e-05,3.0303703e-05,2.329397e-05,1.9516945e-05,3.903389e-05,2.976507e-05,5.0782204e-05,0.00010156441
70,5.956762820794512e-05,3.790260999177153e-05,0.00016034118016250432,0.0009363388779665049,1.9259422e-05,1.0847996e-05,2.1695992e-05,2.1624483e-05,9.006382e-06,1.8012764e-05,2.156006e-05,1.4480373e-05,2.8960745e-05,1.538202e-05,8.893926e-06,1.7787852e-05,2.2636632e-05,1.6785936e-05,3.3571872e-05,2.8891e-05,2.0155981e-05,4.0311963e-05
71,6.501740280142715e-05,3.1017760634303364e-05,0.00013546916306950152,0.0009327796586781798,2.0608353e-05,1.1844951e-05,2.3689901e-05,2.3645569e-05,1.01270425e-05,2.0254085e-05,2.3535351e-05,1.1196476e-05,2.2392955e-05,1.7215554e-05,8.985652e-06,1.7971302e-05,2.5448768e-05,1.2482228e-05,2.4964454e-05,2.9936422e-05,1.30982335e-05,2.6196467e-05
72,5.45642323754961e-05,3.14645245752829e-05,0.00013691668573301286,0.0009291744248350678,1.8329501e-05,9.831323e-06,1.9662646e-05,1.9157056e-05,1.2124062e-05,2.4248124e-05,1.9067245e-05,1.0351404e-05,2.0702808e-05,1.4440477e-05,6.941612e-06,1.3883224e-05,2.1147838e-05,1.219011e-05,2.438022e-05,2.729606e-05,1.7019831e-05,3.4039662e-05
73,8.517288820859442e-05,1.9559769265676208e-05,8.542498835595325e-05,0.0009255235853069821,2.9875318e-05,8.476443e-06,1.6952887e-05,2.9995805e-05,5.4762177e-06,1.0952435e-05,2.9286199e-05,5.7358407e-06,1.1471681e-05,3.5754652e-05,4.7967133e-06,9.5934265e-06,2.9145123e-05,9.386405e-06,1.877281e-05,4.4207216e-05,8.840874e-06,1.7681748e-05
74,4.181732032477224e-05,3.0216081459223688e-05,0.00012614770093932748,0.0009218275541358801,1.3636316e-05,9.343818e-06,1.8687637e-05,1.4318988e-05,9.89013e-06,1.978026e-05,1.4237454e-05,1.1180451e-05,2.2360902e-05,9.785032e-06,5.6140275e-06,1.1228055e-05,1.8770907e-05,1.2827427e-05,2.5654854e-05,1.7594008e-05,1.4217997e-05,2.8435992e-05
75,5.6066058286783584e-05,7.653164586966511e-05,0.0003661049995571375,0.0009180867504889064,1.820906e-05,3.5585548e-05,7.1171096e-05,1.9916539e-05,9.085398e-06,1.8170796e-05,1.9793933e-05,8.498059e-06,1.6996119e-05,1.2726579e-05,3.398358e-05,6.796716e-05,2.1843893e-05,4.967388e-05,9.934776e-05,2.8647673e-05,4.6226043e-05,9.245209e-05
76,5.4631408404438393e-05,3.854650173922883e-05,0.00017754672444425523,0.0009143015986108552,1.7416645e-05,1.307956e-05,2.615912e-05,2.0222673e-05,1.10844e-05,2.21688e-05,1.9939109e-05,1.2770163e-05,2.5540327e-05,1.30399585e-05,1.4122666e-05,2.8245333e-05,2.1064669e-05,1.4664026e-05,2.9328052e-05,2.562036e-05,2.305255e-05,4.61051e-05
77,5.3295051526098496e-05,3.1097930591712356e-05,0.00013905327068641782,0.0009104725277760565,1.6788192e-05,9.646761e-06,1.9293522e-05,1.9286128e-05,8.483933e-06,1.6967866e-05,1.8957011e-05,9.125243e-06,1.8250486e-05,1.3499099e-05,1.2175803e-05,2.4351606e-05,2.1474363e-05,1.5140499e-05,3.0280999e-05,2.4493585e-05,1.4954394e-05,2.9908788e-05
78,5.51613896801344e-05,3.684414557409272e-05,0.00015516886196564883,0.0009065999722396921,1.7769458e-05,1.3754301e-05,2.7508602e-05,2.0132917e-05,7.929847e-06,1.5859696e-05,2.0072865e-05,8.186278e-06,1.6372556e-05,1.4299006e-05,1.2509443e-05,2.5018886e-05,2.1169182e-05,2.4819205e-05,4.963841e-05,2.590223e-05,1.0385362e-05,2.0770723e-05
79,5.16818216536852e-05,3.629890535493505e-05,0.0001472481817472726,0.0009026843711885469,1.6761653e-05,1.0107215e-05,2.021443e-05,1.8532253e-05,1.1529125e-05,2.305825e-05,1.8516212e-05,1.0273345e-05,2.054669e-05,1.3136606e-05,6.450441e-06,1.2900882e-05,2.0119203e-05,2.0386118e-05,4.0772236e-05,2.483428e-05,1.4877844e-05,2.9755687e-05
80,5.4254645045595875e-05,3.7007046267439214e-05,0.0001787716755643487,0.0008987261686912002,1.7458946e-05,1.5583624e-05,3.116725e-05,2.0486274e-05,8.483292e-06,1.6966584e-05,2.0358008e-05,8.857519e-06,1.7715038e-05,1.35362625e-05,1.28887905e-05,2.5777581e-05,1.9839883e-05,1.5217925e-05,3.043585e-05,2.5523595e-05,2.835469e-05,5.670938e-05
81,4.906367316697551e-05,4.8406305997663674e-05,0.00020252552349120378,0.0008947258136476647,1.6571083e-05,1.48558565e-05,2.9711713e-05,1.6777703e-05,1.2180494e-05,2.4360988e-05,1.6617918e-05,1.3105124e-05,2.6210248e-05,1.3464415e-05,1.0477352e-05,2.0954703e-05,1.9749074e-05,2.7472814e-05,5.4945627e-05,2.4457471e-05,2.3171127e-05,4.6342255e-05
82,5.453090575735242e-05,4.40412490709616e-05,0.00018156456644646823,0.0008906837597384757,1.7034983e-05,9.601197e-06,1.9202394e-05,2.0483632e-05,1.1217137e-05,2.2434275e-05,2.0165468e-05,1.1775335e-05,2.355067e-05,1.3612781e-05,1.6756332e-05,3.3512664e-05,2.05024e-05,2.8578255e-05,5.715651e-05,2.5695288e-05,1.2854023e-05,2.5708046e-05
83,4.8023486314946854e-05,4.5102337352710446e-05,0.00020955655782017857,0.0008866004653732399,1.5997124e-05,1.7684431e-05,3.5368863e-05,1.7132521e-05,1.2706443e-05,2.5412886e-05,1.7087972e-05,1.3041951e-05,2.6083902e-05,1.2165932e-05,1.6530215e-05,3.306043e-05,1.8458699e-05,1.8728164e-05,3.7456328e-05,2.3657025e-05,2.6087075e-05,5.217415e-05
84,4.836581350246066e-05,2.546739431447587e-05,0.00011988727055722848,0.000882476393638647,1.6181097e-05,1.3932029e-05,2.7864058e-05,1.7068216e-05,7.551247e-06,1.5102494e-05,1.6941192e-05,7.777313e-06,1.5554626e-05,1.2685981e-05,6.946332e-06,1.3892664e-05,1.9258277e-05,8.77156e-06,1.754312e-05,2.2930608e-05,1.4965152e-05,2.9930308e-05
85,4.95308120350289e-05,3.250937251324407e-05,0.00013849431707058102,0.0008783120122459509,1.6298647e-05,1.0771289e-05,2.1542579e-05,1.7913935e-05,8.442334e-06,1.6884667e-05,1.7927143e-05,1.1479607e-05,2.2959213e-05,1.31660445e-05,7.44577e-06,1.489154e-05,1.8945104e-05,1.4754234e-05,2.9508468e-05,2.3391747e-05,1.6353924e-05,3.270785e-05
86,0.00013086395378386384,1.8030701179899857e-05,7.874428411014378e-05,0.0008741077934779263,4.3966505e-05,6.5431177e-06,1.3086235e-05,3.6545243e-05,6.454348e-06,1.2908696e-05,3.5852343e-05,5.7060834e-06,1.1412167e-05,6.941027e-05,4.633152e-06,9.266304e-06,6.076133e-05,7.625027e-06,1.5250054e-05,6.1619336e-05,8.410418e-06,1.6820835e-05
87,2.586676277929497e-05,2.183664304175667e-05,0.00010564191325102001,0.0008698642141353076,9.575346e-06,8.93394e-06,1.786788e-05,8.808334e-06,5.3808703e-06,1.0761741e-05,8.570498e-06,5.006744e-06,1.0013488e-05,6.534696e-06,6.073602e-06,1.2147204e-05,1.09127e-05,8.403597e-06,1.6807195e-05,1.1799758e-05,1.9022207e-05,3.8044414e-05
88,3.2981059976425846e-05,6.771538318005187e-05,0.00025842938339337707,0.0008655817554827143,1.1316259e-05,1.445251e-05,2.890502e-05,1.2427617e-05,2.7798265e-05,5.559653e-05,1.2358572e-05,4.1949406e-05,8.389881e-05,7.0522833e-06,7.1438053e-06,1.4287611e-05,1.22652355e-05,1.5767262e-05,3.1534524e-05,1.5115653e-05,2.210344e-05,4.420688e-05
89,4.4462997850639433e-05,4.4359420837382696e-05,0.00018554153211880475,0.0008612609031940715,1.4414877e-05,9.737225e-06,1.947445e-05,1.6908563e-05,2.1734026e-05,4.346805e-05,1.6806904e-05,1.8511108e-05,3.7022215e-05,9.167259e-06,5.290956e-06,1.0581912e-05,1.6198695e-05,1.2148527e-05,2.4297055e-05,2.1506234e-05,2.5348925e-05,5.069785e-05
90,4.484250129927623e-05,2.9878257314834012e-05,0.00012674399476964027,0.0008569021472975287,1.5123355e-05,1.2086251e-05,2.4172503e-05,1.6152877e-05,8.991524e-06,1.7983048e-05,1.6025993e-05,1.2243697e-05,2.4487394e-05,1.0671375e-05,5.3306435e-06,1.0661287e-05,1.6839573e-05,1.1089324e-05,2.2178649e-05,2.2784354e-05,1.363056e-05,2.726112e-05
91,4.464468869709336e-05,3.2954182512651066e-05,0.00014031192404218018,0.0008525059821198865,1.4710467e-05,9.792855e-06,1.958571e-05,1.622215e-05,1.0777561e-05,2.1555123e-05,1.5977554e-05,1.096465e-05,2.19293e-05,1.122053e-05,5.70258e-06,1.140516e-05,1.741047e-05,1.4016269e-05,2.8032538e-05,2.0959422e-05,1.8902045e-05,3.780409e-05
92,4.446929688828939e-05,4.288840610490706e-05,0.00018759912927635014,0.0008480729062305346,1.4804994e-05,1.7948487e-05,3.5896974e-05,1.591062e-05,1.1249811e-05,2.2499622e-05,1.5789932e-05,1.9590814e-05,3.918163e-05,1.1477719e-05,8.356522e-06,1.6713044e-05,1.7286293e-05,1.2531509e-05,2.5063011e-05,2.137181e-05,2.4122426e-05,4.8244852e-05
93,4.231162027838298e-05,3.126500758290948e-05,0.0001364822528557852,0.0008436034223849086,1.4192239e-05,1.009686e-05,2.019372e-05,1.5091191e-05,9.613837e-06,1.9227675e-05,1.5093528e-05,1.0871365e-05,2.174273e-05,1.0751872e-05,9.605169e-06,1.9210338e-05,1.6201691e-05,1.3352196e-05,2.6704394e-05,2.0793655e-05,1.4701702e-05,2.94034e-05
94,4.394706061132601e-05,2.59300621743011e-05,0.0001227172469953075,0.0008390980374674733,1.450738e-05,1.0524248e-05,2.1048496e-05,1.5724321e-05,5.7098896e-06,1.1419779e-05,1.5571277e-05,6.399073e-06,1.2798146e-05,1.1377154e-05,1.0174949e-05,2.0349898e-05,1.6902886e-05,1.1962806e-05,2.3925611e-05,2.169908e-05,1.6587655e-05,3.317531e-05
95,4.29431139889527e-05,2.2732454945774282e-05,0.00010658852261258289,0.0008345572624342361,1.4165874e-05,9.79041e-06,1.958082e-05,1.5310132e-05,6.4124074e-06,1.2824815e-05,1.5248683e-05,6.429718e-06,1.2859436e-05,1.1228006e-05,7.4679274e-06,1.4935855e-05,1.6979431e-05,8.94603e-06,1.789206e-05,2.0113957e-05,1.4247769e-05,2.849554e-05
96,4.341264431776446e-05,4.542223087885603e-05,0.00018861671560443938,0.0008299816122548005,1.4354427e-05,1.3281557e-05,2.6563113e-05,1.6025047e-05,2.3645067e-05,4.7290134e-05,1.5853022e-05,2.2095326e-05,4.4190652e-05,1.0833763e-05,1.0034622e-05,2.0069245e-05,1.6181766e-05,1.1090928e-05,2.2181855e-05,2.09527e-05,1.4160862e-05,2.8321723e-05
97,4.1193341580719246e-05,2.1277896738553384e-05,9.038402640726417e-05,0.0008253716058539616,1.3951084e-05,8.044852e-06,1.6089703e-05,1.4259473e-05,7.378113e-06,1.4756226e-05,1.4197799e-05,6.9650127e-06,1.39300255e-05,1.0799507e-05,4.6335863e-06,9.267173e-06,1.6317976e-05,9.571198e-06,1.9142395e-05,2.0527881e-05,8.599254e-06,1.7198508e-05
98,4.145208891676881e-05,2.4560091791479147e-05,0.00010756535630207509,0.0008207277660528572,1.3875072e-05,6.9565353e-06,1.3913071e-05,1.4753152e-05,7.293929e-06,1.4587858e-05,1.45612885e-05,7.691644e-06,1.5383288e-05,1.0743551e-05,7.849941e-06,1.5699881e-05,1.6360524e-05,1.1387823e-05,2.2775646e-05,1.9756028e-05,1.2602805e-05,2.520561e-05
99,4.195808067348769e-05,3.5412033623999844e-05,0.00015578871534671634,0.000816050619509672,1.3802805e-05,1.7071226e-05,3.4142453e-05,1.4446028e-05,7.0934634e-06,1.4186927e-05,1.4308392e-05,6.470149e-06,1.2940298e-05,1.0864237e-05,7.2678577e-06,1.4535715e-05,1.7128697e-05,2.141208e-05,4.282416e-05,2.0675248e-05,1.857958e-05,3.715916e-05
100,6.284903149879876e-05,0.00018130141718577795,0.000982152996584773,0.0008113406966599114,2.1466614e-05,0.0002495905,0.000499181,2.221208e-05,4.9677456e-05,9.935491e-05,2.2127964e-05,4.5955207e-05,9.191041e-05,2.06337e-05,5.91369e-05,0.00011827381,2.3228156e-05,3.7958773e-05,7.5917545e-05,3.0959753e-05,4.8757644e-05,9.751529e-05
101,2.8543558133590974e-05,1.7286339827372937e-05,7.320091390283778e-05,0.0008065985316562438,1.1396898e-05,6.391708e-06,1.2783416e-05,9.353068e-06,5.542718e-06,1.1085436e-05,9.172115e-06,5.4534385e-06,1.0906877e-05,8.607601e-06,3.959665e-06,7.91933e-06,1.1664839e-05,8.327589e-06,1.665518e-05,1.3603635e-05,6.9253365e-06,1.3850675e-05
102,3.539141426622284e-05,4.392040856205658e-05,0.00018492189701646566,0.0008018246623079225,1.0882678e-05,8.639314e-06,1.7278628e-05,1.32266605e-05,2.3456063e-05,4.6912126e-05,1.3159409e-05,1.6211727e-05,3.2423453e-05,7.79296e-06,8.241496e-06,1.648299e-05,1.4056761e-05,1.403697e-05,2.807394e-05,1.562168e-05,2.187538e-05,4.375076e-05
103,4.348097765950128e-05,6.995444053609278e-05,0.00031635339837521315,0.0007970196300197924,1.4246314e-05,2.3970177e-05,4.7940353e-05,1.5857284e-05,2.6466387e-05,5.2932774e-05,1.566557e-05,3.109878e-05,6.219756e-05,1.0796047e-05,2.1862405e-05,4.372481e-05,1.6280084e-05,1.6618696e-05,3.3237393e-05,2.1754538e-05,3.8160255e-05,7.632051e-05
104,3.569886663542995e-05,3.810673269285255e-05,0.0001530473819002509,0.0007921839797308896,1.2371182e-05,1.000728e-05,2.001456e-05,1.2368599e-05,1.905052e-05,3.810104e-05,1.24395665e-05,1.5947759e-05,3.1895517e-05,9.328308e-06,5.539217e-06,1.1078434e-05,1.4041495e-05,1.3244043e-05,2.6488085e-05,1.74456e-05,1.2734877e-05,2.5469753e-05
105,3.5845188806376254e-05,2.013521400783463e-05,8.702756895218045e-05,0.0007873182598526397,1.2415216e-05,7.2117873e-06,1.4423575e-05,1.27465655e-05,7.1866675e-06,1.4373335e-05,1.2557045e-05,6.3855086e-06,1.2771017e-05,9.362776e-06,5.1501206e-06,1.0300241e-05,1.3851549e-05,8.853208e-06,1.7706416e-05,1.743498e-05,8.726493e-06,1.7452987e-05
106,3.942195801868092e-05,5.034875669013594e-05,0.00020514411153271794,0.0007824230222066629,1.2969149e-05,7.3262663e-06,1.4652533e-05,1.4226822e-05,3.0395806e-05,6.079161e-05,1.4077449e-05,2.469324e-05,4.938648e-05,9.977892e-06,4.8170846e-06,9.634169e-06,1.5209362e-05,9.018642e-06,1.8037284e-05,1.9080218e-05,2.632102e-05,5.264204e-05
107,3.6046447147535775e-05,3.311770450728448e-05,0.00015040766447782516,0.0007774988219621909,1.2376483e-05,1.1434857e-05,2.286971e-05,1.250461e-05,1.2744789e-05,2.5489579e-05,1.2420499e-05,1.1597812e-05,2.3195624e-05,9.563978e-06,1.4536061e-05,2.9072122e-05,1.4384194e-05,1.2391946e-05,2.4783893e-05,1.748023e-05,1.2498374e-05,2.4996749e-05
108,3.5440999790923824e-05,2.9482748998317212e-05,0.0001245890452992171,0.0007725462175731056,1.2088141e-05,9.437964e-06,1.8875928e-05,1.2545017e-05,6.3864327e-06,1.2772865e-05,1.2430733e-05,5.3283143e-06,1.0656629e-05,9.247342e-06,7.2712955e-06,1.4542591e-05,1.4073852e-05,1.9818612e-05,3.9637223e-05,1.6608905e-05,1.4051902e-05,2.8103805e-05
109,3.624287511693135e-05,3.1679759530284606e-05,0.00014231637760531157,0.0007675657707146055,1.1993631e-05,1.1496532e-05,2.2993063e-05,1.3585328e-05,6.168363e-06,1.2336726e-05,1.3484444e-05,6.301993e-06,1.2603986e-05,8.988665e-06,1.0633618e-05,2.1267237e-05,1.3560668e-05,1.8781695e-05,3.756339e-05,1.650273e-05,1.777599e-05,3.555198e-05
110,3.572834034001378e-05,2.132595186478947e-05,9.660203795647249e-05,0.0007625580462195047,1.208788e-05,8.2794795e-06,1.6558959e-05,1.2549635e-05,6.383263e-06,1.2766526e-05,1.24664975e-05,7.4752916e-06,1.4950583e-05,9.242584e-06,5.5593746e-06,1.1118749e-05,1.40487555e-05,7.4578493e-06,1.4915699e-05,1.74875e-05,1.3145759e-05,2.6291518e-05
111,3.3143149248205846e-05,2.809815613197742e-05,0.00012148841051384807,0.0007575236120141764,1.1269028e-05,1.0457141e-05,2.0914282e-05,1.1586432e-05,7.213652e-06,1.4427304e-05,1.143782e-05,7.85589e-06,1.571178e-05,8.5958145e-06,5.657682e-06,1.1315364e-05,1.3051156e-05,1.4048097e-05,2.8096198e-05,1.6495409e-05,1.551174e-05,3.102348e-05
112,3.455917782740771e-05,3.2212757254609776e-05,0.00013283277803566307,0.0007524630390541435,1.1955254e-05,7.97589e-06,1.595178e-05,1.202925e-05,1.4156014e-05,2.8312028e-05,1.18519e-05,1.3886211e-05,2.7772421e-05,9.034149e-06,6.9024213e-06,1.3804843e-05,1.3804898e-05,1.0985092e-05,2.1970183e-05,1.67866e-05,1.251076e-05,2.502152e-05
113,3.372901699403145e-05,3.260267754520082e-05,0.00013643970305565745,0.000747376901259327,1.1614853e-05,8.625651e-06,1.7251303e-05,1.1575417e-05,1.727916e-05,3.455832e-05,1.1533504e-05,1.6325583e-05,3.265116e-05,8.940722e-06,7.1769555e-06,1.4353911e-05,1.3390122e-05,6.8480167e-06,1.3696033e-05,1.6882053e-05,1.1964487e-05,2.3928975e-05
114,3.487213255957417e-05,1.7384771657498094e-05,7.624606951139867e-05,0.000742265775448958,1.186622e-05,5.932559e-06,1.1865118e-05,1.24100325e-05,5.5944492e-06,1.11888985e-05,1.2424647e-05,5.9677404e-06,1.1935481e-05,8.976553e-06,4.644554e-06,9.289108e-06,1.3743359e-05,7.0266983e-06,1.4053397e-05,1.6117907e-05,8.957034e-06,1.7914068e-05
115,3.240294640453143e-05,2.607072822645018e-05,0.00010762016609078273,0.000737130241276159,1.1346141e-05,8.477474e-06,1.6954948e-05,1.113681e-05,9.84166e-06,1.968332e-05,1.1012243e-05,1.331711e-05,2.663422e-05,8.514526e-06,6.1834417e-06,1.2366883e-05,1.29339105e-05,7.688897e-06,1.5377795e-05,1.6061815e-05,8.301501e-06,1.6603002e-05
116,3.401422742324203e-05,2.154778662272681e-05,9.164908260572702e-05,0.0007319708811622077,1.1493266e-05,6.5909094e-06,1.3181819e-05,1.2153926e-05,7.412006e-06,1.4824012e-05,1.2048141e-05,7.71973e-06,1.5439462e-05,8.611261e-06,5.525183e-06,1.1050366e-05,1.290813e-05,9.162973e-06,1.8325945e-05,1.708545e-05,9.413738e-06,1.8827475e-05
117,8.512604763190613e-05,1.6193616508273796e-05,7.011218986008316e-05,0.0007267882802304826,3.9243183e-05,6.012542e-06,1.2025084e-05,2.5607142e-05,4.9077144e-06,9.815429e-06,2.5546427e-05,5.2990094e-06,1.0598019e-05,2.44627e-05,4.0137124e-06,8.027425e-06,4.1431213e-05,7.2223397e-06,1.4444679e-05,2.8984148e-05,7.6007746e-06,1.5201549e-05
118,1.9672405394815543e-05,1.2527210301692194e-05,5.316422902978957e-05,0.0007215830262401056,7.3746696e-06,4.8510574e-06,9.702115e-06,6.479792e-06,3.7344091e-06,7.4688182e-06,6.4268843e-06,4.188092e-06,8.376184e-06,5.077254e-06,2.6599898e-06,5.3199797e-06,8.2113265e-06,5.792912e-06,1.1585824e-05,9.575041e-06,5.355654e-06,1.0711308e-05
119,2.3814394784775e-05,1.9160173590191693e-05,7.929543789941818e-05,0.0007163557095192827,8.262623e-06,5.760979e-06,1.1521958e-05,8.441271e-06,9.3563285e-06,1.8712657e-05,8.340834e-06,8.380607e-06,1.6761214e-05,5.786657e-06,3.3280069e-06,6.6560137e-06,8.802802e-06,5.6977865e-06,1.1395573e-05,1.2747186e-05,7.1240083e-06,1.4248017e-05
120,3.1726876413350266e-05,1.9669364104098154e-05,8.818108472041786e-05,0.0007111069228983563,1.0649764e-05,6.9433104e-06,1.3886621e-05,1.1549135e-05,7.0135366e-06,1.4027073e-05,1.1451511e-05,6.333101e-06,1.2666202e-05,8.012317e-06,4.2465663e-06,8.493133e-06,1.1526454e-05,6.993461e-06,1.3986922e-05,1.635343e-05,1.2560564e-05,2.5121128e-05
121,2.9339253159428027e-05,1.858321591329345e-05,8.005071867955849e-05,0.0007058372616425712,1.0119097e-05,6.7640963e-06,1.35281925e-05,1.041716e-05,6.0618486e-06,1.2123697e-05,1.0284895e-05,7.058169e-06,1.4116338e-05,7.5676785e-06,4.343238e-06,8.686476e-06,1.1430091e-05,7.1373815e-06,1.4274763e-05,1.4157676e-05,8.660626e-06,1.7321252e-05
122,2.8997149929145457e-05,4.700257422582132e-05,0.00020416219194885343,0.0007005473233845665,9.916204e-06,1.48786e-05,2.97572e-05,1.0423221e-05,2.7097512e-05,5.4195025e-05,1.0435447e-05,2.2077156e-05,4.4154312e-05,7.3455135e-06,6.266879e-06,1.2533757e-05,1.0973837e-05,6.2179483e-06,1.2435897e-05,1.4047885e-05,2.5543008e-05,5.1086015e-05
123,3.106766840214551e-05,2.195923731467207e-05,9.100390889216214e-05,0.0006952377080565968,1.069122e-05,6.8595054e-06,1.3719011e-05,1.08327795e-05,7.731582e-06,1.5463163e-05,1.0765623e-05,7.844442e-06,1.5688884e-05,8.015809e-06,3.5601065e-06,7.120213e-06,1.2300752e-05,9.4740035e-06,1.8948007e-05,1.5157173e-05,1.0032315e-05,2.006463e-05
124,2.9285220341146e-05,3.1188981087703245e-05,0.00013497995678335428,0.0006899090178224949,1.0189785e-05,1.0146785e-05,2.029357e-05,1.0096838e-05,1.1857575e-05,2.371515e-05,1.00121815e-05,1.0603202e-05,2.1206404e-05,7.5685166e-06,7.811448e-06,1.5622896e-05,1.185481e-05,1.2459448e-05,2.4918896e-05,1.4081364e-05,1.4611527e-05,2.9223054e-05
125,3.0518354676267835e-05,2.2207870583354405e-05,9.542350744595751e-05,0.0006845618570093801,1.0829531e-05,5.8967553e-06,1.1793511e-05,1.034117e-05,8.295799e-06,1.6591597e-05,1.0168953e-05,8.53089e-06,1.706178e-05,8.206483e-06,5.9939275e-06,1.1987855e-05,1.222671e-05,8.233078e-06,1.6466156e-05,1.549296e-05,1.0761305e-05,2.152261e-05
126,2.900852028483698e-05,2.0971877245263078e-05,9.022508311318234e-05,0.0006791968320391212,1.0191497e-05,7.881249e-06,1.5762498e-05,1.017532e-05,6.731629e-06,1.3463258e-05,1.0122086e-05,6.805756e-06,1.3611512e-05,7.443921e-06,4.461066e-06,8.922132e-06,1.1427096e-05,9.219607e-06,1.8439214e-05,1.3862522e-05,1.0013234e-05,2.0026468e-05
127,2.7533674282960744e-05,1.9966823697338356e-05,9.62209451245144e-05,0.000673814551359562,9.636745e-06,1.0541012e-05,2.1082024e-05,9.370994e-06,6.0834545e-06,1.2166909e-05,9.233744e-06,5.9654276e-06,1.1930855e-05,7.127953e-06,3.931773e-06,7.863546e-06,1.1247132e-05,5.470371e-06,1.0940742e-05,1.35551845e-05,1.6118433e-05,3.2236865e-05
128,2.933632980896676e-05,2.6021684101855137e-05,0.00011612293019425124,0.0006684156253755178,1.0265281e-05,8.350393e-06,1.6700786e-05,1.0215558e-05,9.497821e-06,1.8995643e-05,1.0090501e-05,9.204765e-06,1.840953e-05,7.6014394e-06,4.165779e-06,8.331558e-06,1.1698589e-05,7.898463e-06,1.5796926e-05,1.41489145e-05,1.8944243e-05,3.7888487e-05
129,2.611338350178702e-05,1.9096163019966695e-05,7.771994569338858e-05,0.0006630006663795489,9.525385e-06,5.937815e-06,1.187563e-05,8.903739e-06,6.594005e-06,1.318801e-05,8.901271e-06,7.1435506e-06,1.4287101e-05,6.8375325e-06,4.2154447e-06,8.4308895e-06,1.03326975e-05,8.932494e-06,1.7864988e-05,1.2862731e-05,6.036663e-06,1.2073326e-05
130,2.8112880335257248e-05,2.3613396009926673e-05,9.644526289775968e-05,0.0006575702884825206,9.6897975e-06,8.068623e-06,1.6137246e-05,1.0014861e-05,6.203968e-06,1.2407936e-05,9.84791e-06,7.241804e-06,1.4483608e-05,7.2104717e-06,5.2691857e-06,1.05383715e-05,1.0966953e-05,1.3454377e-05,2.6908754e-05,1.3526745e-05,7.984674e-06,1.5969348e-05
131,2.7292165277745167e-05,1.4095046834459352e-05,6.143684004200622e-05,0.000652125107543957,9.533363e-06,5.241292e-06,1.0482584e-05,9.4882635e-06,4.2124734e-06,8.424947e-06,9.489945e-06,4.261785e-06,8.52357e-06,6.9045336e-06,3.158867e-06,6.317734e-06,1.1014762e-05,6.3918496e-06,1.2783699e-05,1.2754064e-05,7.4521527e-06,1.4904305e-05
132,2.598448520880269e-05,2.6776344048898064e-05,0.0001288341882172972,0.0006466657411021953,9.193295e-06,6.8522286e-06,1.3704457e-05,9.23418e-06,5.7772404e-06,1.1554481e-05,9.154838e-06,4.8895167e-06,9.7790335e-06,6.703369e-06,1.8606386e-05,3.7212772e-05,1.0108706e-05,1.6106145e-05,3.221229e-05,1.2242582e-05,1.2185578e-05,2.4371157e-05
133,2.729557500142834e-05,2.6027775010463256e-05,0.00012562572374008596,0.0006411928083043529,9.841696e-06,1.2086768e-05,2.4173536e-05,9.104316e-06,8.376325e-06,1.6752654e-05,8.936839e-06,8.244799e-06,1.6489596e-05,7.19189e-06,6.344813e-06,1.2689625e-05,1.123021e-05,6.7105643e-06,1.3421129e-05,1.3715311e-05,2.1049591e-05,4.2099182e-05
134,2.558458702348857e-05,1.8457666626199598e-05,7.841242040740326e-05,0.0006357069298361073,9.152232e-06,6.4270853e-06,1.2854171e-05,8.862007e-06,6.5638055e-06,1.3127611e-05,8.765777e-06,6.6619455e-06,1.3323893e-05,6.511065e-06,3.3305946e-06,6.6611883e-06,1.0223934e-05,7.280274e-06,1.4560546e-05,1.2323688e-05,8.942506e-06,1.7885011e-05
135,2.5288483124842123e-05,1.72298315763645e-05,7.308462227229029e-05,0.0006302087278513062,9.26792e-06,5.295166e-06,1.0590332e-05,8.699692e-06,4.3562786e-06,8.712557e-06,8.654695e-06,5.665502e-06,1.1331004e-05,6.6920043e-06,5.195086e-06,1.0390172e-05,1.0076608e-05,8.87091e-06,1.774182e-05,1.2023706e-05,7.1593663e-06,1.4318733e-05
136,2.6025344213515146e-05,1.3540201495023255e-05,6.188217957969755e-05,0.0006246988259014078,9.206297e-06,6.412638e-06,1.2825276e-05,8.927967e-06,4.066581e-06,8.133162e-06,8.838808e-06,3.8230187e-06,7.646037e-06,6.7117194e-06,3.3671076e-06,6.7342153e-06,1.0511724e-05,5.5104997e-06,1.1020999e-05,1.2643278e-05,7.761246e-06,1.5522492e-05
137,2.5653660571654393e-05,1.3074461174803285e-05,5.990107456455007e-05,0.0006191778488647639,9.155523e-06,5.1603242e-06,1.03206485e-05,8.964216e-06,4.036561e-06,8.073122e-06,8.858405e-06,4.1335593e-06,8.267119e-06,6.558279e-06,5.2556184e-06,1.0511237e-05,1.0263214e-05,5.425771e-06,1.0851542e-05,1.2055388e-05,5.938705e-06,1.187741e-05
138,2.3391333294579483e-05,2.008851284764695e-05,8.851467282511294e-05,0.0006136464228757533,8.740563e-06,6.661612e-06,1.3323224e-05,7.98377e-06,1.1490066e-05,2.2980132e-05,7.896425e-06,6.484478e-06,1.2968956e-05,6.122268e-06,3.319941e-06,6.639882e-06,9.409622e-06,5.5665314e-06,1.1133063e-05,1.11536265e-05,1.0734708e-05,2.1469416e-05
139,2.4338435451290233e-05,2.0598175937306158e-05,8.927001908887178e-05,0.0006081051752537708,8.730444e-06,8.900488e-06,1.7800976e-05,8.4908415e-06,8.978993e-06,1.7957986e-05,8.363912e-06,8.1089665e-06,1.6217933e-05,6.231377e-06,5.4023767e-06,1.0804753e-05,9.563422e-06,6.8048953e-06,1.3609791e-05,1.1899592e-05,6.43929e-06,1.287858e-05
140,2.5071956739432756e-05,1.7140215095923042e-05,7.810015085851774e-05,0.000602554734432083,8.75226e-06,8.104315e-06,1.620863e-05,8.737122e-06,5.754221e-06,1.1508442e-05,8.708495e-06,6.172567e-06,1.2345134e-05,6.317098e-06,6.0063444e-06,1.2012689e-05,1.0083904e-05,6.071337e-06,1.2142674e-05,1.1804527e-05,6.941291e-06,1.388258e-05
141,2.3075733292194332e-05,2.664324590967699e-05,0.00010363159526605159,0.0005969957298865582,8.782817e-06,5.634918e-06,1.1269836e-05,7.5780786e-06,1.09440125e-05,2.1888025e-05,7.5674816e-06,1.01006735e-05,2.0201347e-05,6.3024645e-06,4.274992e-06,8.549984e-06,9.340122e-06,1.2716445e-05,2.543289e-05,1.1558067e-05,8.144756e-06,1.6289512e-05
142,2.4087623637590284e-05,1.5840944137232897e-05,7.640619151061401e-05,0.0005914287920642772,8.612278e-06,9.077345e-06,1.815469e-05,8.488681e-06,4.475521e-06,8.951042e-06,8.333575e-06,3.6899946e-06,7.3799893e-06,6.278843e-06,3.3794454e-06,6.758891e-06,9.473972e-06,5.7048583e-06,1.14097165e-05,1.1463942e-05,1.1875932e-05,2.3751863e-05
143,2.2778683374196733e-05,2.184104685643271e-05,9.340135875390843e-05,0.0005858545523120343,8.594293e-06,6.079603e-06,1.2159206e-05,7.493646e-06,8.798069e-06,1.7596138e-05,7.4479e-06,9.682857e-06,1.9365714e-05,5.8929754e-06,5.013886e-06,1.0027772e-05,9.420997e-06,6.3438297e-06,1.2687659e-05,1.1227731e-05,1.0782434e-05,2.1564869e-05
144,2.1981197295623552e-05,2.5236519536984472e-05,0.00011755889136111364,0.0005802736428047362,8.255752e-06,1.2211817e-05,2.4423634e-05,7.337894e-06,7.662585e-06,1.532517e-05,7.300915e-06,8.32894e-06,1.665788e-05,5.837616e-06,1.05800145e-05,2.1160029e-05,8.9666055e-06,9.721376e-06,1.9442752e-05,1.0644736e-05,1.0274711e-05,2.0549422e-05
145,2.2922991645954867e-05,2.0843990364079303e-05,8.330045238835737e-05,0.0005746866964737065,8.174092e-06,4.6024966e-06,9.204993e-06,7.968703e-06,1.5077115e-05,3.0154228e-05,7.794274e-06,8.916972e-06,1.7833943e-05,5.7765615e-06,2.536031e-06,5.072062e-06,9.317804e-06,5.0623125e-06,1.0124624e-05,1.0834713e-05,5.455303e-06,1.0910606e-05
146,2.291354426641618e-05,1.3447696189701733e-05,6.394890078809112e-05,0.0005690943469349061,8.341386e-06,6.1984933e-06,1.2396987e-05,7.865228e-06,3.5416135e-06,7.083227e-06,7.846625e-06,3.764428e-06,7.528856e-06,6.098761e-06,5.817125e-06,1.163425e-05,9.128391e-06,5.6358754e-06,1.1271751e-05,1.0946334e-05,7.0169153e-06,1.4033831e-05
147,2.094014723501357e-05,1.4504178420398925e-05,6.536214641528204e-05,0.0005634972284170735,7.942109e-06,5.396193e-06,1.0792386e-05,6.9063476e-06,5.2411483e-06,1.0482297e-05,6.87881e-06,3.852014e-06,7.704028e-06,5.474567e-06,4.5553834e-06,9.110767e-06,8.511051e-06,6.410757e-06,1.2821514e-05,1.0490831e-05,7.2255757e-06,1.4451151e-05
148,2.2463381884125293e-05,1.6965381028335136e-05,7.043140067253262e-05,0.0005578959756897976,7.997048e-06,6.067763e-06,1.2135526e-05,8.085503e-06,6.1830547e-06,1.236611e-05,7.987106e-06,7.0819583e-06,1.4163917e-05,5.623823e-06,2.780154e-06,5.560308e-06,8.773542e-06,6.1789488e-06,1.23578975e-05,1.0226125e-05,6.92382e-06,1.384764e-05
149,2.040533034297037e-05,2.1227382728607177e-05,8.31238940008916e-05,0.0005522912239915285,7.630023e-06,5.3615586e-06,1.0723117e-05,6.720052e-06,8.218005e-06,1.643601e-05,6.665682e-06,7.3577016e-06,1.4715403e-05,5.3067556e-06,3.8276703e-06,7.655341e-06,8.570056e-06,1.1064083e-05,2.2128166e-05,9.813691e-06,5.732928e-06,1.1465856e-05
150,2.1576771508943718e-05,2.1749354857133354e-05,9.375648369314149e-05,0.0005466836089575343,8.15744e-06,7.0703913e-06,1.41407845e-05,7.4090067e-06,6.1845067e-06,1.2369013e-05,7.2850166e-06,7.739287e-06,1.5478574e-05,5.642427e-06,5.0191197e-06,1.0038239e-05,8.532048e-06,9.157804e-06,1.8315608e-05,1.0468805e-05,1.1707131e-05,2.3414263e-05
151,2.0617944580463105e-05,1.5162240768399404e-05,6.292462057899684e-05,0.000541073766547815,7.747163e-06,4.392876e-06,8.785752e-06,6.730417e-06,6.151667e-06,1.2303334e-05,6.65591e-06,6.4348505e-06,1.2869701e-05,5.271661e-06,2.6907662e-06,5.3815324e-06,8.622102e-06,5.164773e-06,1.0329546e-05,1.0288422e-05,6.6273774e-06,1.3254755e-05
152,2.0587623176272827e-05,1.2994075247454992e-05,5.7509947509970516e-05,0.0005354623329749768,7.6136666e-06,5.7466664e-06,1.1493333e-05,6.98438e-06,3.7560587e-06,7.5121175e-06,6.9187054e-06,3.0400615e-06,6.080123e-06,5.4140874e-06,3.4857087e-06,6.9714174e-06,8.434757e-06,6.818392e-06,1.3636784e-05,9.6659605e-06,5.908084e-06,1.1816168e-05
153,2.1157683885969777e-05,1.4780429258626441e-05,6.0397767811082304e-05,0.0005298499446320796,7.864348e-06,4.4837875e-06,8.967575e-06,7.404511e-06,5.7449633e-06,1.1489927e-05,7.228553e-06,7.1050613e-06,1.4210121e-05,5.3690574e-06,2.7377212e-06,5.4754423e-06,8.320722e-06,4.6925115e-06,9.385023e-06,1.016805e-05,5.434842e-06,1.0869684e-05
154,2.0659809260987236e-05,1.2646317319144856e-05,5.6410557590425014e-05,0.0005242372380204648,7.525962e-06,6.0007483e-06,1.20014965e-05,7.1328427e-06,3.7991897e-06,7.5983794e-06,7.0841934e-06,3.907357e-06,7.814714e-06,5.1944176e-06,3.0249157e-06,6.0498314e-06,8.376816e-06,5.2973473e-06,1.0594695e-05,9.610869e-06,6.1757205e-06,1.2351441e-05
155,1.9328628222153713e-05,1.227105699485425e-05,5.8509416703600436e-05,0.0005186248496775678,7.3832302e-06,5.1673555e-06,1.033471e-05,6.315481e-06,3.6326971e-06,7.2653943e-06,6.2299036e-06,3.654714e-06,7.309428e-06,5.050667e-06,6.8018862e-06,1.36037725e-05,8.148871e-06,5.209695e-06,1.041939e-05,9.343409e-06,4.788362e-06,9.576724e-06
156,1.7586670233552266e-05,1.818318319626996e-05,7.989524601725861e-05,0.0005130134161047293,6.847862e-06,8.4350995e-06,1.6870199e-05,5.7525403e-06,5.637291e-06,1.1274582e-05,5.64325e-06,7.2476278e-06,1.44952555e-05,4.7558656e-06,5.4424045e-06,1.088481e-05,7.3571236e-06,6.7060296e-06,1.3412059e-05,8.477923e-06,6.4791698e-06,1.29583395e-05
157,1.9588952992609515e-05,1.9715184793939916e-05,8.175837137969211e-05,0.00050740357369501,7.441943e-06,6.2479744e-06,1.2495949e-05,6.6137977e-06,7.641931e-06,1.5283862e-05,6.473245e-06,8.578587e-06,1.7157174e-05,5.0985595e-06,3.5478001e-06,7.0956003e-06,7.996311e-06,6.721138e-06,1.3442276e-05,9.416164e-06,8.141756e-06,1.6283511e-05
158,1.956539014608366e-05,1.2581240707477547e-05,5.6228225730592385e-05,0.000501795958661016,7.3535366e-06,5.49551e-06,1.099102e-05,6.575392e-06,3.634339e-06,7.268677e-06,6.4883957e-06,3.8561584e-06,7.712316e-06,5.0085805e-06,3.336281e-06,6.672562e-06,7.999044e-06,5.405807e-06,1.0811614e-05,9.485708e-06,6.3860193e-06,1.2772039e-05
159,1.8003136038381793e-05,1.4063784151654165e-05,6.694730836898088e-05,0.0004961912069627467,7.027878e-06,6.136612e-06,1.2273224e-05,5.928656e-06,3.958361e-06,7.916722e-06,5.840857e-06,3.900236e-06,7.800472e-06,4.638985e-06,4.4929084e-06,8.985817e-06,7.414109e-06,5.1798543e-06,1.03597085e-05,8.839428e-06,9.805683e-06,1.9611365e-05
160,1.8672417121854022e-05,1.035110076962532e-05,4.5408782170852646e-05,0.000490589954235471,7.1264967e-06,5.051946e-06,1.0103892e-05,6.3586185e-06,3.2933092e-06,6.5866184e-06,6.2637587e-06,3.4592442e-06,6.9184885e-06,4.816469e-06,2.3914597e-06,4.7829194e-06,7.5566245e-06,4.2681677e-06,8.536335e-06,8.817692e-06,4.240264e-06,8.480528e-06
161,1.7400651201632402e-05,1.5866112488222784e-05,6.989570101723075e-05,0.0004849928357176383,6.77037e-06,4.911345e-06,9.82269e-06,5.6254885e-06,5.255902e-06,1.0511804e-05,5.570732e-06,5.3506124e-06,1.0701225e-05,4.5856173e-06,2.7377905e-06,5.475581e-06,7.3511233e-06,5.7293387e-06,1.1458677e-05,8.4237345e-06,1.0962862e-05,2.1925724e-05
162,1.7179250156879253e-05,1.5489661859228997e-05,7.490337884519249e-05,0.00047940048617883785,6.8013264e-06,6.5195263e-06,1.3039053e-05,5.559859e-06,3.2136577e-06,6.4273154e-06,5.4958914e-06,3.4841275e-06,6.968255e-06,4.5164743e-06,4.198844e-06,8.397688e-06,7.1816694e-06,6.2628296e-06,1.2525659e-05,8.388086e-06,1.3772703e-05,2.7545406e-05
163,1.81801446682168e-05,1.1036117886711053e-05,4.901037027593702e-05,0.0004738135398478083,6.9118623e-06,4.99764e-06,9.99528e-06,6.342314e-06,3.1084155e-06,6.216831e-06,6.2353342e-06,2.9518833e-06,5.9037666e-06,4.5180936e-06,2.6289147e-06,5.2578293e-06,7.194583e-06,5.2534024e-06,1.0506805e-05,8.52087e-06,5.564929e-06,1.1129858e-05
164,1.782874593882109e-05,1.8233526832014987e-05,7.318463758565485e-05,0.00046823263034050994,6.9998778e-06,4.1597914e-06,8.319583e-06,5.8065402e-06,1.0990376e-05,2.1980752e-05,5.7420384e-06,7.5935754e-06,1.5187151e-05,4.7532185e-06,3.8271255e-06,7.654251e-06,7.412232e-06,6.0264897e-06,1.2052979e-05,8.671576e-06,3.994958e-06,7.989916e-06
165,1.6588154996772403e-05,1.5562612361732212e-05,6.478605064330623e-05,0.00046265839058826715,6.4262704e-06,4.6428368e-06,9.2856735e-06,5.5167307e-06,6.729959e-06,1.3459918e-05,5.4625557e-06,5.292803e-06,1.0585606e-05,4.172354e-06,2.3725297e-06,4.7450594e-06,6.915089e-06,6.2985882e-06,1.25971765e-05,7.784035e-06,7.056308e-06,1.4112616e-05
166,1.6507995884207412e-05,1.2059028505162109e-05,5.1511779020074755e-05,0.0004570914527659863,6.5710838e-06,4.8854154e-06,9.770831e-06,5.271613e-06,3.6904687e-06,7.3809374e-06,5.1863835e-06,3.8108237e-06,7.6216475e-06,4.3537343e-06,2.5473348e-06,5.0946696e-06,7.007302e-06,5.64867e-06,1.129734e-05,8.1087655e-06,5.173176e-06,1.0346352e-05
167,1.7728736407896465e-05,1.6709590287714093e-05,7.197480590548366e-05,0.00045153244822046155,6.6673506e-06,5.369583e-06,1.0739166e-05,6.2372346e-06,7.669554e-06,1.5339108e-05,6.1075434e-06,7.165289e-06,1.4330578e-05,4.4005096e-06,3.7261434e-06,7.452287e-06,7.0318224e-06,4.5353154e-06,9.070631e-06,8.20002e-06,7.5215175e-06,1.5043035e-05
168,1.599108680432436e-05,1.5908129458667135e-05,6.806961755501106e-05,0.00044598200739877375,6.452246e-06,5.0897966e-06,1.0179593e-05,5.2370406e-06,3.8118885e-06,7.623777e-06,5.080748e-06,4.1758353e-06,8.351671e-06,4.232926e-06,4.76592e-06,9.531839e-06,6.6530824e-06,9.155935e-06,1.831187e-05,7.743308e-06,7.0354326e-06,1.4070865e-05
169,1.6058075572656986e-05,2.058787165640627e-05,8.909814641810954e-05,0.00044044075977679113,6.2537993e-06,8.2010465e-06,1.6402093e-05,5.3425447e-06,3.6780266e-06,7.356053e-06,5.294974e-06,3.4417942e-06,6.8835884e-06,4.03888e-06,7.819562e-06,1.5639123e-05,6.737262e-06,1.4768074e-05,2.9536148e-05,7.3886404e-06,6.6405696e-06,1.3281139e-05
170,1.597627991813433e-05,1.066832777045539e-05,4.856884334003553e-05,0.0004349093337877806,6.3757407e-06,4.1563335e-06,8.312666e-06,5.164549e-06,2.7340898e-06,5.4681796e-06,5.0905983e-06,2.9256253e-06,5.8512505e-06,4.1454864e-06,4.803361e-06,9.606722e-06,6.7571964e-06,5.4366747e-06,1.0873349e-05,7.663084e-06,4.22834e-06,8.45668e-06
171,1.5331663941514807e-05,1.3389295668700472e-05,6.301514804363251e-05,0.00042938835675113677,6.1315204e-06,5.907128e-06,1.1814256e-05,4.98823e-06,3.5347862e-06,7.0695723e-06,4.870577e-06,3.5179546e-06,7.035909e-06,3.948919e-06,3.9389515e-06,7.877903e-06,6.4992373e-06,5.396028e-06,1.0792056e-05,7.3099286e-06,9.2127275e-06,1.8425455e-05
172,1.5134167851370235e-05,9.717694279409763e-06,4.565978451864794e-05,0.0004238784548012382,6.0873203e-06,5.532677e-06,1.1065354e-05,4.9237115e-06,2.4495064e-06,4.8990128e-06,4.8210545e-06,2.3145167e-06,4.6290334e-06,3.9685897e-06,2.6323391e-06,5.2646783e-06,6.3429816e-06,4.25375e-06,8.5075e-06,7.2807497e-06,5.6471044e-06,1.1294209e-05
173,1.4810690165712146e-05,1.017338589717274e-05,4.5646356738870963e-05,0.0004183802528164371,6.0734696e-06,5.2700966e-06,1.0540193e-05,4.7718077e-06,2.838763e-06,5.677526e-06,4.707832e-06,2.8090114e-06,5.618023e-06,3.8496796e-06,2.6391526e-06,5.2783053e-06,6.2108434e-06,4.70658e-06,9.41316e-06,7.124359e-06,4.559573e-06,9.119146e-06
174,1.571364496189025e-05,1.1379084034659064e-05,4.877405444858596e-05,0.00041289437434819157,6.0133184e-06,3.713113e-06,7.426226e-06,5.491132e-06,3.932343e-06,7.864686e-06,5.3910344e-06,3.53999e-06,7.07998e-06,3.8673734e-06,2.1239516e-06,4.2479032e-06,6.3862744e-06,4.96773e-06,9.93546e-06,6.952068e-06,6.109899e-06,1.2219798e-05
175,1.4666304690956593e-05,9.92227636088077e-06,4.5409433369059116e-05,0.00040742144155034895,5.9248455e-06,4.449856e-06,8.899712e-06,4.670922e-06,2.5974957e-06,5.1949914e-06,4.6180116e-06,2.6772636e-06,5.3545273e-06,3.839707e-06,2.235458e-06,4.4709154e-06,6.29092e-06,4.193976e-06,8.387952e-06,6.9877747e-06,6.550667e-06,1.3101334e-05
176,1.435407201331208e-05,1.1609492038872159e-05,5.1935683586634696e-05,0.00040196207510858744,5.8572123e-06,4.646328e-06,9.292656e-06,4.605349e-06,3.7470613e-06,7.4941227e-06,4.556819e-06,3.6013187e-06,7.2026373e-06,3.7481414e-06,2.476647e-06,4.953294e-06,6.076861e-06,4.5055745e-06,9.011149e-06,6.8348086e-06,6.9909133e-06,1.3981827e-05
177,1.4474720970398444e-05,1.3650481564564414e-05,5.4925651056692004e-05,0.0003965168941700237,5.848644e-06,4.1057383e-06,8.211477e-06,4.765861e-06,6.000989e-06,1.2001978e-05,4.6735577e-06,6.0956568e-06,1.21913135e-05,3.734699e-06,2.4047517e-06,4.8095035e-06,6.0472044e-06,4.832152e-06,9.664304e-06,6.783975e-06,4.0235377e-06,8.047075e-06
178,1.4063431848466862e-05,1.0858130722362688e-05,4.747152343043126e-05,0.00039108651627299545,5.8128685e-06,4.4100734e-06,8.820147e-06,4.440089e-06,3.1810898e-06,6.3621796e-06,4.3560085e-06,3.2013431e-06,6.4026863e-06,3.663333e-06,3.0791975e-06,6.158395e-06,6.040932e-06,5.249161e-06,1.0498322e-05,6.798535e-06,4.6148957e-06,9.229791e-06
179,1.4158161795423173e-05,1.1840504471847566e-05,5.302742283674888e-05,0.0003856715572770267,5.7217712e-06,5.7255384e-06,1.1451077e-05,4.6690047e-06,3.52394e-06,7.04788e-06,4.5593115e-06,4.308267e-06,8.616534e-06,3.6035167e-06,1.7553092e-06,3.5106184e-06,5.897109e-06,3.8097419e-06,7.6194838e-06,6.7180213e-06,7.390914e-06,1.4781831e-05
180,1.360804949624626e-05,8.858191465086584e-06,3.871887020068243e-05,0.00038027263129298254,5.512735e-06,3.7772772e-06,7.5545545e-06,4.4241688e-06,3.0976432e-06,6.1952865e-06,4.327275e-06,2.7664319e-06,5.5328637e-06,3.3881095e-06,2.1888814e-06,4.3777627e-06,5.813249e-06,3.8112416e-06,7.6224833e-06,6.3799466e-06,3.7179598e-06,7.4359195e-06
181,1.393605679534426e-05,1.1030441865749339e-05,5.249112655292265e-05,0.0003748903506134234,5.7477882e-06,7.1117456e-06,1.4223491e-05,4.4462768e-06,2.252657e-06,4.505314e-06,4.374658e-06,2.8952104e-06,5.790421e-06,3.575264e-06,2.8564834e-06,5.712967e-06,5.935127e-06,4.5110332e-06,9.0220665e-06,6.687227e-06,6.6184343e-06,1.3236867e-05
182,1.2902498514431378e-05,8.417324723785871e-06,3.8115631468826905e-05,0.00036952532564316434,5.4404372e-06,4.291568e-06,8.583136e-06,4.120106e-06,2.1949468e-06,4.3898935e-06,4.0236055e-06,2.2527647e-06,4.5055294e-06,3.3106521e-06,2.2105198e-06,4.4210396e-06,5.539476e-06,3.898541e-06,7.797082e-06,6.0392135e-06,4.2094753e-06,8.4189505e-06
183,1.3005885112813886e-05,9.259996619810738e-06,4.196473673800938e-05,0.00036417816483004934,5.4399593e-06,3.6556626e-06,7.311325e-06,4.1631456e-06,2.376274e-06,4.752548e-06,4.074588e-06,2.4793724e-06,4.9587447e-06,3.3146925e-06,3.1623485e-06,6.324697e-06,5.5280516e-06,4.4835347e-06,8.967069e-06,6.206764e-06,4.825177e-06,9.650354e-06
184,1.2528241807902178e-05,8.577420616621132e-06,3.81863719667308e-05,0.00035884947459594756,5.2849396e-06,4.30819e-06,8.61638e-06,3.9692964e-06,2.0900202e-06,4.1800404e-06,3.878897e-06,2.2277634e-06,4.455527e-06,3.2090043e-06,2.01202e-06,4.02404e-06,5.375441e-06,4.2680667e-06,8.5361335e-06,5.9849976e-06,4.1871263e-06,8.3742525e-06
185,1.2776318763682143e-05,1.0271046884552327e-05,4.480775533011183e-05,0.00035353985926797783,5.341797e-06,3.9990905e-06,7.998181e-06,4.07893e-06,3.894307e-06,7.788614e-06,3.9874453e-06,4.0651807e-06,8.1303615e-06,3.3279791e-06,2.9932723e-06,5.986545e-06,5.507609e-06,3.569568e-06,7.139136e-06,5.9385584e-06,3.8824573e-06,7.764915e-06
186,1.25439928530723e-05,1.1968089005179294e-05,5.226828943705186e-05,0.000348249921009973,5.3200665e-06,4.041722e-06,8.083444e-06,3.9797765e-06,4.084215e-06,8.16843e-06,3.883357e-06,5.2000096e-06,1.0400019e-05,3.1795348e-06,4.363705e-06,8.72741e-06,5.373796e-06,4.114909e-06,8.229818e-06,5.9960703e-06,4.329583e-06,8.659166e-06
187,1.2605143484652018e-05,8.015081462771935e-06,3.3828418963821605e-05,0.0003429802597541881,5.3026693e-06,3.473903e-06,6.947806e-06,4.0579966e-06,1.7858355e-06,3.5716714e-06,3.973052e-06,3.1313048e-06,6.2626095e-06,3.2392572e-06,1.6999654e-06,3.3999308e-06,5.3564713e-06,3.5771825e-06,7.154365e-06,5.885948e-06,3.2460175e-06,6.492035e-06
188,1.2033274035085209e-05,1.2052340866781482e-05,5.085020529804751e-05,0.00033773147313326165,5.205318e-06,4.896063e-06,9.792126e-06,3.6978452e-06,4.692532e-06,9.385064e-06,3.6113047e-06,3.6059132e-06,7.2118264e-06,3.1065906e-06,2.7824997e-06,5.5649994e-06,5.253714e-06,5.7918e-06,1.15836e-05,5.8533806e-06,3.6562942e-06,7.3125884e-06
189,1.229573434673274e-05,1.0966464631637003e-05,4.5197604777058586e-05,0.00033250415641243884,5.1375996e-06,3.5506891e-06,7.1013783e-06,3.975122e-06,5.3617487e-06,1.0723497e-05,3.879424e-06,4.5989455e-06,9.197891e-06,3.1459322e-06,1.9434594e-06,3.886919e-06,5.2055043e-06,3.5747337e-06,7.1494674e-06,5.7899983e-06,3.5692246e-06,7.1384493e-06
190,1.1544213458960492e-05,8.254127235955403e-06,3.5544679121812806e-05,0.0003272989024220617,5.0280237e-06,4.068618e-06,8.137236e-06,3.5649189e-06,2.1165906e-06,4.233181e-06,3.473527e-06,2.3382354e-06,4.676471e-06,2.9703563e-06,1.6429153e-06,3.2858306e-06,5.049373e-06,4.220696e-06,8.441392e-06,5.5217965e-06,3.3852855e-06,6.770571e-06
191,1.14642873211414e-05,1.2944339785055103e-05,5.276220690575428e-05,0.00032211630149033677,4.973785e-06,3.5540106e-06,7.1080212e-06,3.5562534e-06,6.175346e-06,1.2350692e-05,3.458228e-06,6.1014384e-06,1.2202877e-05,2.9384958e-06,1.6271115e-06,3.254223e-06,5.0016124e-06,3.5079681e-06,7.0159363e-06,5.4913985e-06,5.41523e-06,1.083046e-05
192,1.1875925798060337e-05,7.177342120789907e-06,3.267949432483874e-05,0.0003169569413763854,5.07126e-06,3.5130379e-06,7.0260758e-06,3.7704413e-06,2.1515584e-06,4.303117e-06,3.7049806e-06,1.8985442e-06,3.7970885e-06,3.043889e-06,1.7590859e-06,3.5181718e-06,5.0678395e-06,3.1049735e-06,6.209947e-06,5.6022222e-06,3.912548e-06,7.825096e-06
193,1.1015887299378635e-05,7.5752565181481335e-06,3.440593718551099e-05,0.0003118214072035864,4.7507992e-06,4.04437e-06,8.08874e-06,3.4889345e-06,1.7515371e-06,3.5030741e-06,3.3860535e-06,1.8994765e-06,3.798953e-06,2.7669082e-06,2.0305492e-06,4.0610985e-06,4.758763e-06,3.7223217e-06,7.4446434e-06,5.183635e-06,3.7547134e-06,7.5094267e-06
194,1.1246341077988099e-05,1.1136083692147396e-05,4.598621671902947e-05,0.00030671028139321724,4.94139e-06,3.730451e-06,7.460902e-06,3.3625251e-06,5.0107615e-06,1.0021523e-05,3.2778696e-06,5.0188114e-06,1.0037623e-05,2.9613734e-06,1.936387e-06,3.872774e-06,5.0259605e-06,3.3991082e-06,6.7982164e-06,5.47674e-06,3.8975904e-06,7.795181e-06
195,1.1042960218515494e-05,8.199558803342404e-06,3.613775334088132e-05,0.0003016241435984008,4.735829e-06,3.4944098e-06,6.9888197e-06,3.5506375e-06,2.149366e-06,4.298732e-06,3.4415148e-06,1.9408876e-06,3.8817752e-06,2.78425e-06,2.328773e-06,4.657546e-06,4.745293e-06,4.4674102e-06,8.9348205e-06,5.0817684e-06,3.6880301e-06,7.3760602e-06
196,1.0888759128156985e-05,6.931384977134762e-06,3.167086106259376e-05,0.00029656357063836806,4.8016477e-06,3.3182812e-06,6.6365615e-06,3.4427353e-06,1.7872679e-06,3.5745368e-06,3.3331196e-06,1.6925153e-06,3.3850306e-06,2.767901e-06,1.8043072e-06,3.6086144e-06,4.6458267e-06,3.2548664e-06,6.509733e-06,5.183196e-06,3.978192e-06,7.956384e-06
197,1.0694147132484576e-05,7.778531803824296e-06,3.531239053700119e-05,0.0002915291364330396,4.6985656e-06,3.9977494e-06,7.995499e-06,3.3149772e-06,1.919477e-06,3.838954e-06,3.2078194e-06,1.5872515e-06,3.174503e-06,2.6974633e-06,2.2855659e-06,4.5711317e-06,4.7067924e-06,4.225608e-06,8.451216e-06,5.044832e-06,3.6405443e-06,7.2810885e-06
198,1.0620394932625868e-05,1.425731051170274e-05,6.496478454209864e-05,0.0002865214119379389,4.7662875e-06,7.2208745e-06,1.4441749e-05,3.2278308e-06,4.445778e-06,8.891556e-06,3.157497e-06,4.365008e-06,8.730016e-06,2.7239714e-06,2.9140294e-06,5.828059e-06,4.6522764e-06,5.2542387e-06,1.0508477e-05,5.108356e-06,8.282464e-06,1.6564927e-05
199,1.0509597082530962e-05,8.009807308579762e-06,3.6416884540813044e-05,0.00028154096507943866,4.651633e-06,3.9448873e-06,7.889775e-06,3.21006e-06,2.0413997e-06,4.0827995e-06,3.0880651e-06,2.1688113e-06,4.3376226e-06,2.68139e-06,1.6240224e-06,3.2480448e-06,4.6576147e-06,3.4542793e-06,6.9085586e-06,5.0603753e-06,4.9750433e-06,9.950087e-06
200,1.0361194586424745e-05,1.0481909798593007e-05,4.5819291699444875e-05,0.0002765883606903536,4.610418e-06,5.0436074e-06,1.0087215e-05,3.2568023e-06,2.4803196e-06,4.960639e-06,3.1702684e-06,2.9646087e-06,5.9292174e-06,2.6406212e-06,3.4003076e-06,6.800615e-06,4.460764e-06,5.6622066e-06,1.1324413e-05,4.832579e-06,3.3585936e-06,6.717188e-06
201,1.0121620836494773e-05,7.870474086692224e-06,3.446639675530605e-05,0.00027166416044588143,4.5491893e-06,3.6508904e-06,7.3017814e-06,3.0899366e-06,2.0469365e-06,4.093873e-06,2.9954347e-06,2.4194217e-06,4.8388433e-06,2.575755e-06,1.6577839e-06,3.3155677e-06,4.4675367e-06,3.6023573e-06,7.2047146e-06,4.8081165e-06,3.8558082e-06,7.7116165e-06
202,1.0222815997623075e-05,6.885968728480738e-06,3.130620461888611e-05,0.0002667689227999047,4.501585e-06,3.6373228e-06,7.2746457e-06,3.2311382e-06,1.3924036e-06,2.7848073e-06,3.144894e-06,1.5432909e-06,3.0865817e-06,2.5262755e-06,1.8347935e-06,3.669587e-06,4.410749e-06,3.6384974e-06,7.276995e-06,4.7644803e-06,3.606794e-06,7.213588e-06
203,9.677494943638682e-06,6.976295805169999e-06,3.179869963787496e-05,0.00026190320292165486,4.4419617e-06,3.7708369e-06,7.5416747e-06,2.8723948e-06,1.5897014e-06,3.1794027e-06,2.770844e-06,1.6332234e-06,3.2664468e-06,2.4718086e-06,1.5263491e-06,3.0526983e-06,4.3925834e-06,3.3895278e-06,6.7790556e-06,4.575764e-06,3.9897104e-06,7.979421e-06
204,9.706223709394101e-06,7.423752814040984e-06,3.2075080525828525e-05,0.000257067552632752,4.4067465e-06,3.7908976e-06,7.581795e-06,2.9549542e-06,1.8221713e-06,3.6443425e-06,2.8935854e-06,1.9489687e-06,3.8979374e-06,2.4461992e-06,1.4270603e-06,2.8541206e-06,4.2746915e-06,3.9402316e-06,7.880463e-06,4.5680345e-06,3.1082102e-06,6.2164204e-06
205,9.39301231210487e-06,7.050556003526757e-06,3.1948926334735006e-05,0.0002522625203446217,4.315116e-06,3.7359137e-06,7.4718273e-06,2.8575635e-06,1.817126e-06,3.634252e-06,2.742624e-06,2.0235323e-06,4.0470645e-06,2.4093943e-06,2.079477e-06,4.158954e-06,4.150945e-06,3.217609e-06,6.435218e-06,4.45771e-06,3.100806e-06,6.201612e-06
206,9.508504398070762e-06,6.457772220664811e-06,2.847612813638989e-05,0.0002474886509963005,4.3446207e-06,3.3036072e-06,6.6072143e-06,2.8666454e-06,1.46302e-06,2.92604e-06,2.7643425e-06,1.4657024e-06,2.9314049e-06,2.441379e-06,1.3795607e-06,2.7591213e-06,4.2078345e-06,3.5433188e-06,7.0866377e-06,4.5867328e-06,3.082855e-06,6.16571e-06
207,9.392261099989674e-06,1.1681617172028043e-05,5.070350380265154e-05,0.0002427464859926329,4.290665e-06,4.122671e-06,8.245342e-06,2.8769807e-06,4.9955083e-06,9.991017e-06,2.7808803e-06,4.1588523e-06,8.317705e-06,2.3531802e-06,2.2257432e-06,4.4514863e-06,4.165123e-06,3.9473916e-06,7.894783e-06,4.3566197e-06,5.9015856e-06,1.1803171e-05
208,9.107258347271765e-06,6.6269723517242636e-06,2.969063280033879e-05,0.00023803656314287249,4.214605e-06,3.585695e-06,7.17139e-06,2.7515111e-06,1.4400002e-06,2.8800007e-06,2.6220157e-06,1.7165635e-06,3.433127e-06,2.2659299e-06,1.430394e-06,2.860788e-06,4.0456157e-06,3.2719026e-06,6.5438044e-06,4.399315e-06,3.4007603e-06,6.8015206e-06
209,9.353248752100034e-06,8.488663437500823e-06,3.910823943442665e-05,0.00023335941659968727,4.256396e-06,3.5598937e-06,7.1197874e-06,2.859175e-06,1.6726183e-06,3.3452366e-06,2.7338888e-06,1.5707915e-06,3.141583e-06,2.3698874e-06,3.3769186e-06,6.753837e-06,4.1565336e-06,4.996216e-06,9.992432e-06,4.4110875e-06,4.3776813e-06,8.755363e-06
210,8.971595242046333e-06,6.033983347288323e-06,2.7089781724498607e-05,0.00022871557679858282,4.1795665e-06,3.4929733e-06,6.9859466e-06,2.7306946e-06,1.310895e-06,2.62179e-06,2.634441e-06,1.526668e-06,3.053336e-06,2.213657e-06,1.2291513e-06,2.4583026e-06,3.940201e-06,2.9850312e-06,5.9700624e-06,4.270155e-06,3.0001727e-06,6.0003454e-06
211,8.47196015044128e-06,6.252070966444757e-06,2.8443704650271684e-05,0.00022410557039774398,3.9836714e-06,3.551044e-06,7.102088e-06,2.5042248e-06,1.403436e-06,2.806872e-06,2.4202432e-06,1.3418746e-06,2.6837492e-06,2.1454669e-06,1.4372334e-06,2.8744669e-06,3.8477556e-06,3.234826e-06,6.469652e-06,3.9524484e-06,3.2534376e-06,6.5068753e-06
212,8.68200116397757e-06,6.8708258645949984e-06,3.0570357921533287e-05,0.00021952992021830834,4.1082935e-06,3.7256964e-06,7.451393e-06,2.5264053e-06,1.8480663e-06,3.6961326e-06,2.4477974e-06,1.7756248e-06,3.5512496e-06,2.2148615e-06,1.4960968e-06,2.9921937e-06,3.9413953e-06,3.3422484e-06,6.684497e-06,4.158285e-06,3.0974452e-06,6.1948904e-06
213,8.641615270728825e-06,6.8536282310936365e-06,3.1124895031098276e-05,0.00021498914518507122,4.0837763e-06,3.6069055e-06,7.213811e-06,2.554601e-06,1.7306287e-06,3.4612574e-06,2.4477192e-06,1.4729472e-06,2.9458945e-06,2.1936846e-06,1.5254961e-06,3.0509923e-06,3.8784624e-06,3.447686e-06,6.895372e-06,4.1637218e-06,3.778785e-06,7.55757e-06
214,8.620505417744309e-06,5.959442391252005e-06,2.7935639081988484e-05,0.0002104837602676358,4.0306277e-06,3.4617815e-06,6.923563e-06,2.578367e-06,1.2945808e-06,2.5891616e-06,2.4798505e-06,1.1161701e-06,2.2323402e-06,2.1440587e-06,1.4248138e-06,2.8496277e-06,3.8887583e-06,2.972415e-06,5.94483e-06,4.037173e-06,3.6980582e-06,7.3961164e-06
215,8.348216753103185e-06,6.2871578487454094e-06,2.7744339604396373e-05,0.00020601427642200974,4.014264e-06,3.2629503e-06,6.5259005e-06,2.472988e-06,1.5366836e-06,3.0733672e-06,2.3891212e-06,1.5471807e-06,3.0943613e-06,2.1130259e-06,1.4803701e-06,2.9607402e-06,3.73068e-06,3.324314e-06,6.648628e-06,3.9346723e-06,2.720671e-06,5.441342e-06
216,8.247407575268292e-06,8.261425131366155e-06,4.0464787161909044e-05,0.00020158120053265786,3.897517e-06,5.101252e-06,1.0202504e-05,2.4493459e-06,1.8002422e-06,3.6004844e-06,2.3479915e-06,1.7971892e-06,3.5943783e-06,2.0600498e-06,1.9648548e-06,3.9297097e-06,3.7490138e-06,3.184889e-06,6.369778e-06,3.8392727e-06,6.383967e-06,1.2767934e-05
217,8.139585544714826e-06,6.556013772413223e-06,2.9140333936084062e-05,0.00019718503535501566,3.9095908e-06,3.333221e-06,6.666442e-06,2.3179762e-06,1.2927875e-06,2.585575e-06,2.2523952e-06,1.6538688e-06,3.3077376e-06,2.0744103e-06,1.4497468e-06,2.8994937e-06,3.738681e-06,3.426065e-06,6.85213e-06,3.924141e-06,3.4144778e-06,6.8289555e-06
218,7.983084962927276e-06,6.782558909688346e-06,3.083792398683727e-05,0.00019282627945847307,3.8580533e-06,3.8175845e-06,7.635169e-06,2.3534328e-06,1.8656028e-06,3.7312057e-06,2.262506e-06,1.6820445e-06,3.364089e-06,1.9917795e-06,1.2133466e-06,2.4266933e-06,3.5896192e-06,3.0070294e-06,6.0140587e-06,3.778965e-06,3.8333533e-06,7.666706e-06
219,8.077169053109443e-06,6.155541894267426e-06,2.8607119020307437e-05,0.0001885054271698301,3.8981966e-06,3.6827207e-06,7.3654414e-06,2.34019e-06,1.4879331e-06,2.9758662e-06,2.231253e-06,1.3808965e-06,2.761793e-06,2.0660818e-06,1.2620059e-06,2.5240117e-06,3.6698802e-06,2.7966378e-06,5.5932755e-06,3.9124743e-06,3.6933648e-06,7.3867295e-06
220,8.039940293740384e-06,6.050660565634876e-06,2.692347152333241e-05,0.00018422296851723676,3.8308335e-06,3.1899697e-06,6.3799394e-06,2.3699115e-06,1.1707077e-06,2.3414154e-06,2.3082594e-06,1.8204629e-06,3.6409258e-06,1.9944237e-06,1.285938e-06,2.571876e-06,3.6552347e-06,2.8388677e-06,5.6777353e-06,3.7023465e-06,3.1557902e-06,6.3115804e-06
221,7.585934203997347e-06,6.203729944798277e-06,2.782254341582302e-05,0.0001799793891746181,3.7281989e-06,3.0863607e-06,6.1727214e-06,2.1550902e-06,2.1145602e-06,4.2291203e-06,2.0607904e-06,1.6262541e-06,3.2525081e-06,1.9089712e-06,1.5352318e-06,3.0704637e-06,3.5220844e-06,2.7731633e-06,5.5463265e-06,3.6055746e-06,2.7757021e-06,5.551405e-06
222,7.640206716641901e-06,5.905037077667205e-06,2.6330140826757997e-05,0.0001757751704065934,3.716123e-06,3.210923e-06,6.421846e-06,2.275752e-06,1.6595751e-06,3.3191502e-06,2.16991e-06,1.4659813e-06,2.9319626e-06,1.878678e-06,1.3321803e-06,2.6643606e-06,3.45172e-06,2.9022324e-06,5.8044648e-06,3.5268272e-06,2.5941786e-06,5.188357e-06
223,7.3948681904754745e-06,6.643325695176141e-06,2.9822154829162173e-05,0.00017161078901389734,3.6776428e-06,3.4389575e-06,6.877915e-06,2.0906384e-06,1.58086e-06,3.16172e-06,1.9907907e-06,1.5334533e-06,3.0669066e-06,1.8661489e-06,1.2733054e-06,2.5466109e-06,3.4084976e-06,3.3264369e-06,6.652873e-06,3.5864969e-06,3.758064e-06,7.516128e-06
224,7.37146926430131e-06,5.699543859149608e-06,2.6811187126440927e-05,0.00016748671727930445,3.6650438e-06,3.5617288e-06,7.1234576e-06,2.1162277e-06,1.0935069e-06,2.1870137e-06,2.022749e-06,1.1551824e-06,2.3103648e-06,1.8434235e-06,1.3221304e-06,2.6442608e-06,3.3987446e-06,2.775713e-06,5.551426e-06,3.44481e-06,3.4973323e-06,6.9946645e-06
225,7.477785284904801e-06,6.375076907354594e-06,2.884987770812586e-05,0.00016340342291406863,3.6896959e-06,3.4615318e-06,6.9230646e-06,2.1516128e-06,1.4558095e-06,2.911619e-06,2.0555647e-06,1.439765e-06,2.87953e-06,1.8563952e-06,1.4872094e-06,2.9744187e-06,3.4416237e-06,3.2700914e-06,6.5401828e-06,3.525259e-06,3.3105316e-06,6.6210623e-06
226,7.494611833816864e-06,5.892699470889511e-06,2.7014801162295043e-05,0.0001593613690048796,3.6579086e-06,3.5488872e-06,7.0977744e-06,2.1965484e-06,1.2844864e-06,2.5689728e-06,2.0907632e-06,1.3181501e-06,2.6363002e-06,1.8458594e-06,1.4182791e-06,2.8365582e-06,3.4185482e-06,2.9655862e-06,5.9311724e-06,3.5151081e-06,2.9720118e-06,5.9440235e-06
227,6.991918226087293e-06,5.992632257137275e-06,2.661888902366627e-05,0.0001553610139613441,3.530775e-06,3.1995576e-06,6.3991147e-06,1.9813324e-06,1.6289506e-06,3.2579012e-06,1.88908e-06,1.5306647e-06,3.0613294e-06,1.7514451e-06,1.1407296e-06,2.2814593e-06,3.2520038e-06,2.879292e-06,5.758584e-06,3.2606572e-06,2.9302507e-06,5.8605015e-06
228,6.9898140326026526e-06,5.5238583181563415e-06,2.527204378566239e-05,0.00015140281146399742,3.5222383e-06,3.2379191e-06,6.4758383e-06,1.987617e-06,1.209831e-06,2.419662e-06,1.8985643e-06,1.130004e-06,2.260008e-06,1.7481577e-06,1.1752181e-06,2.3504363e-06,3.237751e-06,2.8448871e-06,5.6897743e-06,3.2641087e-06,3.0381623e-06,6.0763246e-06
229,6.927911021728672e-06,5.586726420469375e-06,2.5555400497978553e-05,0.00014748721041285223,3.4846946e-06,3.25192e-06,6.50384e-06,1.9520946e-06,1.2434641e-06,2.4869282e-06,1.8633959e-06,1.2455303e-06,2.4910605e-06,1.7157433e-06,1.2187799e-06,2.4375597e-06,3.2266196e-06,2.7723795e-06,5.544759e-06,3.2800458e-06,3.0456272e-06,6.0912544e-06
230,7.003639262887211e-06,6.142126969469475e-06,2.8527460017357953e-05,0.00014361465487648775,3.5729738e-06,3.5871606e-06,7.174321e-06,1.9894362e-06,1.1886492e-06,2.3772984e-06,1.8970833e-06,1.3869978e-06,2.7739957e-06,1.7454606e-06,1.7357725e-06,3.471545e-06,3.212134e-06,3.0800627e-06,6.1601254e-06,3.321997e-06,3.285087e-06,6.570174e-06
231,6.79496895706199e-06,5.0419569934249635e-06,2.2877386072650552e-05,0.0001397855840416892,3.454988e-06,3.0800982e-06,6.1601963e-06,1.9229335e-06,1.0067745e-06,2.013549e-06,1.816631e-06,9.941118e-07,1.9882236e-06,1.6892716e-06,9.862955e-07,1.972591e-06,3.1495058e-06,2.7279268e-06,5.4558536e-06,3.2274977e-06,2.6434864e-06,5.2869727e-06
232,6.746561702817323e-06,5.879241172751424e-06,2.780050999717787e-05,0.00013600043216363796,3.443365e-06,3.5483913e-06,7.0967826e-06,1.9036173e-06,1.098389e-06,2.196778e-06,1.8037578e-06,1.116303e-06,2.2326062e-06,1.6613257e-06,2.0030336e-06,4.0060677e-06,3.1291218e-06,3.1275135e-06,6.255027e-06,3.204824e-06,3.0066237e-06,6.0132475e-06
233,6.7021773577085285e-06,5.1330978396526655e-06,2.3457532734028064e-05,0.00013225962851666438,3.4255615e-06,3.100568e-06,6.201136e-06,1.8912979e-06,9.420654e-07,1.8841308e-06,1.8071503e-06,1.0684375e-06,2.136875e-06,1.6563577e-06,1.1277056e-06,2.2554111e-06,3.1156255e-06,2.7291824e-06,5.4583647e-06,3.1243478e-06,2.7608075e-06,5.521615e-06
234,6.676676010546496e-06,5.3565002392313535e-06,2.3820184651413e-05,0.00012856359734556236,3.4112952e-06,2.8940804e-06,5.7881607e-06,1.8460802e-06,1.5492005e-06,3.098401e-06,1.755953e-06,1.1937859e-06,2.3875718e-06,1.6609762e-06,9.918718e-07,1.9837437e-06,3.1512939e-06,2.7009082e-06,5.4018165e-06,3.1610284e-06,2.5802458e-06,5.1604916e-06
235,6.472717248065307e-06,5.281140792023905e-06,2.3947366571519524e-05,0.00012491275781747674,3.3694907e-06,3.1192747e-06,6.2385493e-06,1.8060712e-06,1.3062646e-06,2.6125292e-06,1.7164425e-06,1.2159383e-06,2.4318765e-06,1.6020134e-06,1.0063782e-06,2.0127563e-06,3.0119038e-06,2.559149e-06,5.118298e-06,3.05217e-06,2.7666795e-06,5.533359e-06
236,6.508198157681664e-06,5.507705005753199e-06,2.520587804610841e-05,0.00012130752397436441,3.39379e-06,3.1046661e-06,6.2093322e-06,1.8067764e-06,1.1949234e-06,2.3898467e-06,1.71499e-06,1.152049e-06,2.304098e-06,1.6092952e-06,1.1536183e-06,2.3072366e-06,3.041772e-06,2.7952913e-06,5.5905825e-06,3.0734243e-06,3.202391e-06,6.404782e-06
237,6.329346842977118e-06,5.325149285031889e-06,2.4399188987445086e-05,0.00011774830468603951,3.317159e-06,3.306582e-06,6.613164e-06,1.7448232e-06,1.3589548e-06,2.7179096e-06,1.6435571e-06,1.0958829e-06,2.1917658e-06,1.5572634e-06,1.0634333e-06,2.1268665e-06,2.9885214e-06,2.630949e-06,5.261898e-06,2.984576e-06,2.7437925e-06,5.487585e-06
238,6.3193744204358094e-06,5.1355055152194925e-06,2.3296681320061907e-05,0.00011423550360380131,3.3005895e-06,3.1320617e-06,6.2641234e-06,1.7409963e-06,1.0297392e-06,2.0594784e-06,1.6549265e-06,1.1538315e-06,2.307663e-06,1.5536451e-06,1.0304781e-06,2.0609561e-06,2.975824e-06,2.6394068e-06,5.2788137e-06,2.9779442e-06,2.6628238e-06,5.3256476e-06
239,6.210981119240398e-06,5.044188913600982e-06,2.2659505702904426e-05,0.00011076951911465793,3.2782955e-06,2.9953621e-06,5.9907243e-06,1.7066184e-06,1.0965098e-06,2.1930196e-06,1.6119452e-06,1.1218522e-06,2.2437043e-06,1.5308831e-06,1.1511441e-06,2.3022883e-06,2.9357034e-06,2.7043511e-06,5.4087022e-06,2.9098603e-06,2.2605336e-06,4.521067e-06
240,6.141963227876515e-06,5.005541048030102e-06,2.2434698621509597e-05,0.00010735074429614408,3.2382413e-06,2.9380005e-06,5.876001e-06,1.7012326e-06,1.0700016e-06,2.1400033e-06,1.5991665e-06,1.0350976e-06,2.0701953e-06,1.501853e-06,1.1010796e-06,2.2021593e-06,2.8982174e-06,2.7755277e-06,5.5510554e-06,2.865692e-06,2.297642e-06,4.595284e-06
241,6.1193107843269405e-06,4.934798507362877e-06,2.2686032025376335e-05,0.00010397956687174292,3.238412e-06,3.1197153e-06,6.239431e-06,1.6805554e-06,9.088699e-07,1.8177398e-06,1.5846351e-06,9.933581e-07,1.9867161e-06,1.5110802e-06,1.2140496e-06,2.4280992e-06,2.884813e-06,2.6637933e-06,5.3275867e-06,2.8843617e-06,2.4432297e-06,4.8864595e-06
242,6.125985545459308e-06,5.022059761504899e-06,2.2938475012779236e-05,0.0001006563691669134,3.237499e-06,2.9795676e-06,5.9591353e-06,1.6772076e-06,1.4336699e-06,2.8673398e-06,1.5838438e-06,1.0684353e-06,2.1368705e-06,1.5129092e-06,1.2473084e-06,2.4946169e-06,2.9014677e-06,2.492323e-06,4.984646e-06,2.8746035e-06,2.2479337e-06,4.4958674e-06
243,5.97334635477845e-06,5.1247361185669236e-06,2.3215477995108813e-05,9.738152806573184e-05,3.201248e-06,3.057266e-06,6.114532e-06,1.6350044e-06,9.79209e-07,1.958418e-06,1.5338942e-06,9.337445e-07,1.867489e-06,1.4526647e-06,1.2642196e-06,2.5284392e-06,2.8145996e-06,2.978799e-06,5.957598e-06,2.8326733e-06,2.3945015e-06,4.7890026e-06
244,5.911499730142878e-06,5.073809493955529e-06,2.3455500922864303e-05,9.41554149681484e-05,3.1646211e-06,3.0744934e-06,6.148987e-06,1.6048328e-06,1.0294584e-06,2.0589168e-06,1.5205729e-06,1.047306e-06,2.094612e-06,1.4480372e-06,1.3232013e-06,2.6464027e-06,2.7991475e-06,2.639247e-06,5.278494e-06,2.7841243e-06,2.6140442e-06,5.2280884e-06
245,5.854544601859967e-06,5.081583159598984e-06,2.3445256374543533e-05,9.097839574786747e-05,3.1354878e-06,3.0707563e-06,6.1415126e-06,1.6094332e-06,9.2037385e-07,1.8407477e-06,1.5117337e-06,9.690999e-07,1.9381998e-06,1.4375807e-06,1.0509152e-06,2.1018304e-06,2.7622614e-06,2.6871576e-06,5.374315e-06,2.7328074e-06,3.024325e-06,6.04865e-06
246,5.830243102436608e-06,4.990089857692535e-06,2.2428121155826375e-05,8.785083071085298e-05,3.1114691e-06,2.857617e-06,5.715234e-06,1.5856097e-06,1.0658429e-06,2.1316857e-06,1.4881548e-06,1.1754273e-06,2.3508546e-06,1.4278562e-06,1.2442808e-06,2.4885617e-06,2.7777312e-06,2.6408989e-06,5.2817977e-06,2.7386698e-06,2.229994e-06,4.459988e-06
247,5.790444168460071e-06,4.886386011123574e-06,2.2724423615727574e-05,8.477307455446709e-05,3.1223901e-06,3.2070402e-06,6.4140804e-06,1.5894925e-06,8.215801e-07,1.6431602e-06,1.4918368e-06,9.292933e-07,1.8585866e-06,1.3986954e-06,1.052669e-06,2.105338e-06,2.7254846e-06,2.5761035e-06,5.152207e-06,2.7219357e-06,2.775525e-06,5.55105e-06
248,5.726721680687399e-06,4.714860579698119e-06,2.1284964532242157e-05,8.174547632724322e-05,3.108135e-06,2.9055468e-06,5.8110936e-06,1.541435e-06,8.867903e-07,1.7735806e-06,1.449158e-06,8.7657827e-07,1.7531565e-06,1.3969259e-06,1.0293837e-06,2.0587674e-06,2.737024e-06,2.7139663e-06,5.4279326e-06,2.680039e-06,2.2302168e-06,4.4604335e-06
249,5.623440601542994e-06,4.616883037666596e-06,2.1467265469254926e-05,7.876837938930086e-05,3.073924e-06,2.942134e-06,5.884268e-06,1.5262015e-06,9.162788e-07,1.8325576e-06,1.4334644e-06,9.1938887e-07,1.8387777e-06,1.3738482e-06,1.302047e-06,2.604094e-06,2.6519704e-06,2.4436947e-06,4.8873894e-06,2.6482246e-06,2.2100892e-06,4.4201784e-06
250,5.626577140923096e-06,4.82740228228947e-06,2.214885171269998e-05,7.58421213734044e-05,3.051808e-06,2.9875205e-06,5.975041e-06,1.5255372e-06,1.0272686e-06,2.0545372e-06,1.4383492e-06,1.0050721e-06,2.0101443e-06,1.3566832e-06,1.1693022e-06,2.3386044e-06,2.6761995e-06,2.5201068e-06,5.0402136e-06,2.6220073e-06,2.3651553e-06,4.7303106e-06
251,5.597942894632606e-06,4.743722473479043e-06,2.1727191779064015e-05,7.296703414667315e-05,3.0690724e-06,2.9817534e-06,5.963507e-06,1.4976506e-06,8.6665943e-07,1.7333189e-06,1.4078597e-06,9.121513e-07,1.8243026e-06,1.3667429e-06,1.0223112e-06,2.0446223e-06,2.6739779e-06,2.5848672e-06,5.1697343e-06,2.6286552e-06,2.495854e-06,4.991708e-06
252,5.520982792647238e-06,4.596112932412984e-06,2.126285653503146e-05,7.014344377294365e-05,3.0256742e-06,2.932266e-06,5.864532e-06,1.5016287e-06,9.405538e-07,1.8811076e-06,1.4009458e-06,7.97613e-07,1.595226e-06,1.3320621e-06,1.1440865e-06,2.288173e-06,2.6138073e-06,2.53104e-06,5.06208e-06,2.5888178e-06,2.2858685e-06,4.571737e-06
253,5.455695625831126e-06,4.647082371411036e-06,2.1420673874672502e-05,6.737167047579054e-05,3.00326e-06,3.005123e-06,6.010246e-06,1.457969e-06,8.034292e-07,1.6068584e-06,1.3684707e-06,8.6506236e-07,1.7301247e-06,1.3192962e-06,9.484879e-07,1.8969758e-06,2.6132338e-06,2.5132495e-06,5.026499e-06,2.552153e-06,2.5749848e-06,5.1499696e-06
254,5.418325163093657e-06,4.780440885710319e-06,2.1926807676209137e-05,6.465202860221077e-05,2.9957796e-06,3.0139179e-06,6.0278358e-06,1.4489054e-06,8.52695e-07,1.70539e-06,1.3547334e-06,8.3780526e-07,1.6756107e-06,1.3137642e-06,1.127208e-06,2.254416e-06,2.5947807e-06,2.7235558e-06,5.4471116e-06,2.530983e-06,2.4082215e-06,4.816443e-06
255,5.378882102078934e-06,4.496496267286175e-06,2.083706931443885e-05,6.198482658697268e-05,2.9864648e-06,3.0384672e-06,6.0769344e-06,1.4396202e-06,7.924692e-07,1.5849384e-06,1.3420931e-06,8.180814e-07,1.6361628e-06,1.3045836e-06,1.0483338e-06,2.0966677e-06,2.5703735e-06,2.4606086e-06,4.921217e-06,2.518089e-06,2.2605743e-06,4.5211486e-06
256,5.315901203420811e-06,4.5493032783253174e-06,2.0753690478159115e-05,5.937036691763695e-05,2.9506134e-06,2.9552825e-06,5.910565e-06,1.429337e-06,8.241966e-07,1.6483932e-06,1.3347545e-06,7.681493e-07,1.5362986e-06,1.2706298e-06,8.737944e-07,1.7475886e-06,2.5337752e-06,2.5941906e-06,5.1883812e-06,2.4845172e-06,2.361232e-06,4.722464e-06
257,5.314563500285926e-06,4.327719830327977e-06,1.9570397853385657e-05,5.680894610025094e-05,2.943754e-06,2.7744748e-06,5.5489495e-06,1.4140529e-06,7.4424133e-07,1.4884827e-06,1.318294e-06,7.2634236e-07,1.4526847e-06,1.2820155e-06,8.8546744e-07,1.7709349e-06,2.5572444e-06,2.5745521e-06,5.1491043e-06,2.4888438e-06,2.0801208e-06,4.1602416e-06
258,5.2426261556246e-06,4.364255587899851e-06,2.012188997468911e-05,5.430085462572284e-05,2.933189e-06,2.9122616e-06,5.824523e-06,1.3978191e-06,7.292308e-07,1.4584616e-06,1.2942943e-06,7.176108e-07,1.4352215e-06,1.2613508e-06,9.334922e-07,1.8669843e-06,2.522762e-06,2.491247e-06,4.982494e-06,2.4400315e-06,2.2771032e-06,4.5542065e-06
259,5.213954494195898e-06,4.343604002344338e-06,2.0136460079811513e-05,5.184637693687582e-05,2.9165544e-06,3.0310348e-06,6.0620696e-06,1.3892007e-06,7.0878195e-07,1.4175639e-06,1.2914937e-06,7.443474e-07,1.4886948e-06,1.255509e-06,8.6212833e-07,1.7242567e-06,2.500395e-06,2.396013e-06,4.792026e-06,2.437561e-06,2.3259242e-06,4.6518485e-06
260,5.183458688130589e-06,4.4516629577175016e-06,2.029180177487433e-05,4.944579139619038e-05,2.9047649e-06,2.9471043e-06,5.8942087e-06,1.3835837e-06,9.061724e-07,1.8123447e-06,1.2827145e-06,8.138365e-07,1.627673e-06,1.246268e-06,8.6150845e-07,1.7230169e-06,2.4848819e-06,2.4456742e-06,4.8913485e-06,2.4205972e-06,2.1716046e-06,4.343209e-06
261,5.144364928755294e-06,4.364264909905493e-06,2.024972673098091e-05,4.70993702542346e-05,2.8698194e-06,2.907207e-06,5.814414e-06,1.3723909e-06,7.8604546e-07,1.5720909e-06,1.269757e-06,7.555667e-07,1.5111333e-06,1.2359941e-06,9.743349e-07,1.9486697e-06,2.4811177e-06,2.3924645e-06,4.784929e-06,2.3895266e-06,2.309244e-06,4.618488e-06
262,5.077709905007244e-06,4.627999583522113e-06,2.1218202164163813e-05,4.480737961878877e-05,2.8601796e-06,3.068594e-06,6.137188e-06,1.3573901e-06,8.6408494e-07,1.7281699e-06,1.257304e-06,8.3964864e-07,1.6792973e-06,1.2152937e-06,9.1033115e-07,1.8206623e-06,2.4290553e-06,2.5382458e-06,5.0764916e-06,2.3676332e-06,2.3881962e-06,4.7763924e-06
263,5.0990246300037934e-06,4.350491263853762e-06,2.0201458028168418e-05,4.2570079424665345e-05,2.869142e-06,3.0769409e-06,6.1538817e-06,1.3570314e-06,7.689774e-07,1.5379547e-06,1.2560357e-06,7.281483e-07,1.4562966e-06,1.2208689e-06,9.140688e-07,1.8281376e-06,2.4495826e-06,2.4030528e-06,4.8061056e-06,2.381118e-06,2.20954e-06,4.41908e-06
264,5.0253032729654515e-06,4.388923636351919e-06,1.9901526684407145e-05,4.03877234042306e-05,2.8395384e-06,2.8935028e-06,5.7870056e-06,1.3225377e-06,7.5565504e-07,1.5113101e-06,1.2334032e-06,8.003763e-07,1.6007526e-06,1.2031979e-06,8.8123437e-07,1.7624687e-06,2.428046e-06,2.5216475e-06,5.043295e-06,2.3374741e-06,2.098347e-06,4.196694e-06
265,4.996549768964924e-06,4.349897714507877e-06,2.0055680579389445e-05,3.826055905862791e-05,2.831097e-06,2.8666475e-06,5.733295e-06,1.3266665e-06,7.5811386e-07,1.5162277e-06,1.2276307e-06,7.455831e-07,1.4911662e-06,1.1940696e-06,8.881138e-07,1.7762276e-06,2.4008816e-06,2.419838e-06,4.839676e-06,2.3275625e-06,2.3495443e-06,4.6990885e-06
266,4.9508813678835445e-06,4.4547259827377304e-06,2.049964496109169e-05,3.6188827629709476e-05,2.8141128e-06,2.97549e-06,5.95098e-06,1.3148498e-06,7.774496e-07,1.5548992e-06,1.2178033e-06,7.859608e-07,1.5719216e-06,1.1794095e-06,8.58762e-07,1.717524e-06,2.3777823e-06,2.453706e-06,4.907412e-06,2.2991046e-06,2.398454e-06,4.796908e-06
267,4.920406326139544e-06,4.280036139493857e-06,1.962896203622222e-05,3.417276407267637e-05,2.7921674e-06,2.8924956e-06,5.784991e-06,1.3023244e-06,7.222474e-07,1.4444948e-06,1.2054404e-06,6.9628595e-07,1.3925719e-06,1.1744828e-06,8.622545e-07,1.724509e-06,2.361136e-06,2.472451e-06,4.944902e-06,2.3105e-06,2.1687463e-06,4.337493e-06
268,4.890095533651532e-06,4.201440758322843e-06,1.9233762941439636e-05,3.221259702943276e-05,2.790493e-06,2.866353e-06,5.732706e-06,1.2904276e-06,7.1155023e-07,1.4231005e-06,1.1890533e-06,7.920886e-07,1.5841772e-06,1.1569563e-06,8.614232e-07,1.7228464e-06,2.362272e-06,2.3331029e-06,4.666205e-06,2.278892e-06,2.052364e-06,4.104728e-06
269,4.857558576020695e-06,4.229140785991512e-06,1.9595016055973247e-05,3.030854880265533e-05,2.7823369e-06,2.9019686e-06,5.8039373e-06,1.2810627e-06,7.418073e-07,1.4836146e-06,1.1801158e-06,7.002875e-07,1.400575e-06,1.1535155e-06,8.6663823e-07,1.7332765e-06,2.3461741e-06,2.3483863e-06,4.6967725e-06,2.256486e-06,2.2384197e-06,4.4768394e-06
270,4.849249322619948e-06,4.127872823608917e-06,1.8997659935848787e-05,2.8460835330582075e-05,2.770596e-06,2.8124396e-06,5.624879e-06,1.2804904e-06,6.9282066e-07,1.3856413e-06,1.1854079e-06,7.5607795e-07,1.5121559e-06,1.1469588e-06,8.4726935e-07,1.6945387e-06,2.3399173e-06,2.2782563e-06,4.5565125e-06,2.2469599e-06,2.1119663e-06,4.2239326e-06
271,4.817774093393265e-06,4.0836456157204745e-06,1.8782197003019974e-05,2.666966616252247e-05,2.7530623e-06,2.785623e-06,5.571246e-06,1.2760212e-06,6.3944685e-07,1.2788937e-06,1.1780436e-06,6.586563e-07,1.3173126e-06,1.147425e-06,8.509087e-07,1.7018174e-06,2.3244074e-06,2.3763048e-06,4.7526096e-06,2.2219408e-06,2.0801585e-06,4.160317e-06
272,4.760576950990128e-06,4.275210909090108e-06,1.9635885109892115e-05,2.4935244435092854e-05,2.740939e-06,2.85679e-06,5.71358e-06,1.2602015e-06,8.1026883e-07,1.6205377e-06,1.1584907e-06,7.502642e-07,1.5005284e-06,1.1335925e-06,8.7582043e-07,1.7516409e-06,2.2855054e-06,2.3673927e-06,4.7347853e-06,2.21662e-06,2.157406e-06,4.314812e-06
273,4.7545431640751905e-06,4.185846868336287e-06,1.9318084014230408e-05,2.3257766849178346e-05,2.7246956e-06,2.9054556e-06,5.8109113e-06,1.2539742e-06,7.195183e-07,1.4390366e-06,1.1550319e-06,6.9436146e-07,1.3887229e-06,1.1248603e-06,8.3751183e-07,1.6750237e-06,2.2965453e-06,2.3541863e-06,4.7083727e-06,2.2093425e-06,2.1480084e-06,4.296017e-06
274,4.73778793057494e-06,4.197473264861863e-06,1.9238401364418678e-05,2.163742364762536e-05,2.7435203e-06,2.8868294e-06,5.773659e-06,1.2445298e-06,6.698111e-07,1.3396221e-06,1.1416732e-06,6.8256315e-07,1.3651263e-06,1.1224578e-06,8.3770595e-07,1.6754119e-06,2.2858937e-06,2.446242e-06,4.892484e-06,2.2100157e-06,2.0960492e-06,4.1920985e-06
275,4.720539240749038e-06,4.166414370867882e-06,1.9153141693095677e-05,2.007439859366553e-05,2.7369092e-06,2.8841657e-06,5.7683314e-06,1.2425588e-06,6.8294395e-07,1.3658879e-06,1.1422317e-06,6.9031256e-07,1.3806251e-06,1.1133641e-06,8.473722e-07,1.6947444e-06,2.270767e-06,2.3920331e-06,4.7840663e-06,2.2021013e-06,2.0797431e-06,4.1594863e-06
276,4.685884390365152e-06,4.2394197235582355e-06,1.9572342353058048e-05,1.8568868950075935e-05,2.6998866e-06,2.9230373e-06,5.8460746e-06,1.2297963e-06,7.43691e-07,1.487382e-06,1.1343308e-06,6.835786e-07,1.3671572e-06,1.1090157e-06,8.2465743e-07,1.6493149e-06,2.266904e-06,2.3858545e-06,4.771709e-06,2.1746594e-06,2.2253523e-06,4.4507046e-06
277,4.66182846356911e-06,4.174250237919797e-06,1.9389659428270534e-05,1.7121005459074915e-05,2.7067397e-06,2.9411271e-06,5.8822543e-06,1.2215553e-06,6.413855e-07,1.282771e-06,1.1210286e-06,6.8527305e-07,1.3705461e-06,1.1045333e-06,8.524713e-07,1.7049426e-06,2.2524232e-06,2.3463128e-06,4.692625e-06,2.170852e-06,2.2282597e-06,4.4565195e-06
278,4.651907729741746e-06,4.204282685726869e-06,1.9770643120864406e-05,1.5730972322958835e-05,2.6968164e-06,3.0482065e-06,6.096413e-06,1.216211e-06,6.605572e-07,1.3211144e-06,1.1246374e-06,6.634243e-07,1.3268486e-06,1.1020669e-06,8.627877e-07,1.7255754e-06,2.249124e-06,2.2977733e-06,4.595546e-06,2.1568683e-06,2.3525727e-06,4.7051453e-06
279,4.635520654936053e-06,4.11391401327951e-06,1.900891584227793e-05,1.439892718547947e-05,2.6956236e-06,2.8890008e-06,5.7780017e-06,1.2123018e-06,6.5892266e-07,1.3178453e-06,1.1202729e-06,6.655249e-07,1.3310498e-06,1.0955501e-06,8.4164844e-07,1.6832969e-06,2.2393194e-06,2.3515483e-06,4.7030967e-06,2.1477786e-06,2.0978118e-06,4.1956237e-06
280,4.606748091676934e-06,4.141718680309527e-06,1.908434569486417e-05,1.3125021113965842e-05,2.6772027e-06,2.9194368e-06,5.8388737e-06,1.210217e-06,6.676121e-07,1.3352242e-06,1.1018458e-06,6.4364104e-07,1.2872821e-06,1.0869828e-06,8.396864e-07,1.6793728e-06,2.234301e-06,2.4124863e-06,4.8249726e-06,2.1353326e-06,2.0593102e-06,4.1186204e-06
281,4.584235015369637e-06,4.027619024698603e-06,1.8531884052208625e-05,1.1909398582191357e-05,2.6683247e-06,2.8785707e-06,5.7571415e-06,1.2070975e-06,6.529061e-07,1.3058122e-06,1.1053559e-06,6.28601e-07,1.257202e-06,1.0788359e-06,8.0401185e-07,1.6080237e-06,2.2121583e-06,2.3505652e-06,4.7011304e-06,2.123007e-06,1.951287e-06,3.902574e-06
282,4.567292436849314e-06,4.072229667475456e-06,1.8981838366016746e-05,1.0752197453989555e-05,2.6746293e-06,2.9642376e-06,5.9284753e-06,1.2009529e-06,6.330802e-07,1.2661604e-06,1.0973932e-06,6.339974e-07,1.2679948e-06,1.0711487e-06,8.410727e-07,1.6821454e-06,2.198521e-06,2.3068276e-06,4.613655e-06,2.12641e-06,2.1117041e-06,4.2234083e-06
283,4.529566386436978e-06,4.058008431238617e-06,1.8814618670148775e-05,9.65354896761844e-06,2.638161e-06,2.852798e-06,5.705596e-06,1.1885644e-06,6.4083343e-07,1.2816669e-06,1.0899629e-06,6.530199e-07,1.3060398e-06,1.0696263e-06,8.419407e-07,1.6838814e-06,2.1888522e-06,2.3061884e-06,4.6123764e-06,2.0987252e-06,2.1125295e-06,4.225059e-06
284,4.520714132436278e-06,4.1316458813508515e-06,1.9053737560170703e-05,8.613577720876974e-06,2.6410935e-06,2.9157306e-06,5.8314613e-06,1.185085e-06,6.40373e-07,1.280746e-06,1.0837364e-06,6.455318e-07,1.2910637e-06,1.0644719e-06,8.4264303e-07,1.6852861e-06,2.1850105e-06,2.4092492e-06,4.8184984e-06,2.0992347e-06,2.0733407e-06,4.1466815e-06
285,4.520672634410669e-06,4.043729974724703e-06,1.8703867681324482e-05,7.632401656974564e-06,2.6519524e-06,2.8826676e-06,5.765335e-06,1.181253e-06,6.499128e-07,1.2998256e-06,1.084191e-06,6.453117e-07,1.2906233e-06,1.0650557e-06,7.999189e-07,1.5998378e-06,2.1814367e-06,2.3052016e-06,4.6104033e-06,2.1017397e-06,2.0689208e-06,4.1378416e-06
286,4.483913727849185e-06,4.073321243363081e-06,1.904574310174212e-05,6.7101320511547434e-06,2.6231464e-06,2.9297423e-06,5.8594856e-06,1.1713747e-06,6.1147574e-07,1.2229515e-06,1.0718386e-06,6.1777075e-07,1.2355415e-06,1.0529562e-06,8.2268167e-07,1.6453633e-06,2.176014e-06,2.3005998e-06,4.6011996e-06,2.0738216e-06,2.2406007e-06,4.4812014e-06
287,4.490484389358223e-06,4.061458515780142e-06,1.8797494703903794e-05,5.8468734980758316e-06,2.6323066e-06,2.8948757e-06,5.7897514e-06,1.1733723e-06,6.3817475e-07,1.2763495e-06,1.0759593e-06,6.380393e-07,1.2760788e-06,1.0579718e-06,8.200112e-07,1.6400224e-06,2.1740962e-06,2.3334437e-06,4.6668874e-06,2.0754126e-06,2.0742018e-06,4.1484036e-06
288,4.4738138898923485e-06,4.025281488710846e-06,1.864856676547788e-05,5.042723899948537e-06,2.6262394e-06,2.8708328e-06,5.7416655e-06,1.1701654e-06,6.246764e-07,1.2493527e-06,1.072483e-06,6.153243e-07,1.2306486e-06,1.0531164e-06,8.1189984e-07,1.6237997e-06,2.162753e-06,2.3262567e-06,4.6525133e-06,2.069294e-06,2.0752934e-06,4.150587e-06
289,4.44629332044623e-06,4.0796959829920375e-06,1.8807710148394108e-05,4.2977744554331175e-06,2.6012387e-06,2.8895595e-06,5.779119e-06,1.1677571e-06,6.20506e-07,1.241012e-06,1.0649812e-06,6.1260084e-07,1.2252017e-06,1.0486507e-06,8.361992e-07,1.6723984e-06,2.1533424e-06,2.4147882e-06,4.8295765e-06,2.0495897e-06,2.030201e-06,4.060402e-06
290,4.449151601727335e-06,4.015196218278068e-06,1.861239979916718e-05,3.612109649296344e-06,2.6173511e-06,2.8725121e-06,5.7450243e-06,1.1661617e-06,6.1661007e-07,1.2332201e-06,1.059042e-06,6.110708e-07,1.2221416e-06,1.0480737e-06,8.074811e-07,1.6149622e-06,2.1517042e-06,2.3215134e-06,4.643027e-06,2.0642865e-06,2.077012e-06,4.154024e-06
291,4.434759740735466e-06,3.970979916805656e-06,1.8418006220599636e-05,2.985807242830189e-06,2.611976e-06,2.8692987e-06,5.7385973e-06,1.1592589e-06,6.0548655e-07,1.2109731e-06,1.0597792e-06,6.05259e-07,1.210518e-06,1.0427265e-06,8.175886e-07,1.6351772e-06,2.1451708e-06,2.3018144e-06,4.603629e-06,2.0499406e-06,2.0095556e-06,4.019111e-06
292,4.4127007026888516e-06,4.038768584824398e-06,1.86721226782538e-05,2.418938265032777e-06,2.5911975e-06,2.8875713e-06,5.7751427e-06,1.1562316e-06,6.276425e-07,1.255285e-06,1.0469565e-06,6.29293e-07,1.258586e-06,1.040766e-06,8.0856944e-07,1.6171389e-06,2.1432586e-06,2.3348628e-06,4.6697255e-06,2.0387138e-06,2.0481223e-06,4.0962445e-06
293,4.41688297506156e-06,4.027096558781665e-06,1.867916580522433e-05,1.9115670045532864e-06,2.596552e-06,2.8810182e-06,5.7620364e-06,1.1544054e-06,6.144773e-07,1.2289546e-06,1.056603e-06,6.177849e-07,1.2355698e-06,1.0378936e-06,8.192551e-07,1.6385102e-06,2.1362462e-06,2.323755e-06,4.64751e-06,2.0447753e-06,2.0832927e-06,4.1665853e-06
294,4.4233479829757695e-06,4.015270342360264e-06,1.8602775526233017e-05,1.4637510024005115e-06,2.604253e-06,2.880414e-06,5.760828e-06,1.1566422e-06,6.270564e-07,1.2541128e-06,1.0558929e-06,6.195266e-07,1.2390532e-06,1.0364456e-06,8.0352424e-07,1.6070485e-06,2.141942e-06,2.3114808e-06,4.6229616e-06,2.0444234e-06,2.0593861e-06,4.1187723e-06
295,4.39557845458742e-06,4.042664529624874e-06,1.869765401352197e-05,1.0755410454174856e-06,2.5799638e-06,2.884665e-06,5.76933e-06,1.1500239e-06,6.2793845e-07,1.2558769e-06,1.0505713e-06,6.240525e-07,1.248105e-06,1.0270475e-06,8.050374e-07,1.6100748e-06,2.1312644e-06,2.3383707e-06,4.6767414e-06,2.0300101e-06,2.0687637e-06,4.137527e-06
296,4.416494315931549e-06,4.050116033326423e-06,1.8767659639706835e-05,7.469811605216365e-07,2.6087223e-06,2.8941217e-06,5.788244e-06,1.1504953e-06,6.1871856e-07,1.2374371e-06,1.0518664e-06,6.1563304e-07,1.2312661e-06,1.0415888e-06,8.138643e-07,1.6277286e-06,2.1399005e-06,2.345946e-06,4.691892e-06,2.0392658e-06,2.0955454e-06,4.1910907e-06
297,4.3919086232917875e-06,4.027340000353879e-06,1.8650262063601986e-05,4.781086097117632e-07,2.5889524e-06,2.8815841e-06,5.7631682e-06,1.1505033e-06,6.183144e-07,1.2366288e-06,1.0485694e-06,6.190474e-07,1.2380948e-06,1.0308431e-06,8.093705e-07,1.618741e-06,2.1256121e-06,2.3292757e-06,4.6585515e-06,2.0249827e-06,2.0675384e-06,4.135077e-06
298,4.396661818211971e-06,4.0320291459048885e-06,1.8667735275812447e-05,2.689538858418916e-07,2.5828397e-06,2.8802328e-06,5.7604657e-06,1.1502203e-06,6.113152e-07,1.2226304e-06,1.0499793e-06,6.095888e-07,1.2191776e-06,1.0305067e-06,8.0940976e-07,1.6188195e-06,2.1309002e-06,2.3468335e-06,4.693667e-06,2.0309226e-06,2.0764874e-06,4.1529747e-06
299,4.3999264863841436e-06,4.017872861512106e-06,1.8594560970086604e-05,1.1954070916347273e-07,2.5962681e-06,2.8775883e-06,5.7551765e-06,1.146732e-06,6.1840285e-07,1.2368057e-06,1.0459587e-06,6.149823e-07,1.2299646e-06,1.0335267e-06,8.0804074e-07,1.6160815e-06,2.1323679e-06,2.331049e-06,4.6620976e-06,2.0388156e-06,2.0472185e-06,4.094437e-06
300,4.385516627000426e-06,4.018711870155706e-06,1.8616727174958214e-05,2.9886024634868526e-08,2.588205e-06,2.879043e-06,5.758086e-06,1.1457672e-06,6.1608523e-07,1.2321705e-06,1.044553e-06,6.129459e-07,1.2258918e-06,1.0233396e-06,8.075386e-07,1.6150772e-06,2.1243675e-06,2.327373e-06,4.654746e-06,2.0287075e-06,2.0653774e-06,4.130755e-06
