epoch,train_loss,val_loss,val_log_mse_total,lr,train_Read Latency (ns),val_Read Latency (ns),val_log_mse_Read Latency (ns),train_Write Energy (nJ),val_Write Energy (nJ),val_log_mse_Write Energy (nJ),train_Area (mm^2),val_Area (mm^2),val_log_mse_Area (mm^2),train_Leakage (mW),val_Leakage (mW),val_log_mse_Leakage (mW)
1,515.1494782521016,0.016461938614254802,0.034443072974681854,0.0005552324057632344,0.1481277,0.003507312,0.0070157168,0.11721773,0.009754388,0.019508984,0.058808926,0.0007619156,0.0015238312,0.100147955,0.0031972695,0.006394539
2,211.50558421520498,0.016505521412084098,0.050456590950489044,0.0011104648115264689,0.03628742,0.005814956,0.011634363,0.040857077,0.004642859,0.009286484,0.019907258,0.0065622707,0.013125705,0.057033677,0.008061899,0.016410038
3,0.41221521823452756,0.01652763073777615,0.05323294177651405,0.0016656972172897032,0.01429974,0.0025563505,0.005112701,0.00915053,0.004814608,0.009662658,0.017757885,0.0061106966,0.012222303,0.022697663,0.01310638,0.026235279
4,0.320834721155387,0.009477984763054904,0.03130786120891571,0.0022209296230529378,0.011359667,0.0029971534,0.0059943465,0.0082392385,0.001976976,0.0039549633,0.008267554,0.0015996117,0.0031992234,0.019935118,0.008935741,0.018159328
5,0.25138777868859913,0.010265495491467972,0.029793864116072655,0.002776162028816172,0.010067094,0.0091394335,0.018360293,0.006315786,0.0013583716,0.0027176456,0.010218037,0.0013906562,0.0027813823,0.016064554,0.002934412,0.0059345434
6,0.2560252078527919,0.007089007861896174,0.021953793242573738,0.002776162028816172,0.008008256,0.0042337636,0.008469048,0.00478116,0.0012868842,0.002574566,0.00474245,0.002232481,0.0044652363,0.009524442,0.0031757487,0.0064449436
7,0.18703803719481857,0.008311129934787465,0.023010417819023132,0.002776134072965742,0.0069530546,0.004275862,0.008551724,0.0042200605,0.0025065842,0.005013269,0.004858841,0.0022359442,0.0044718883,0.009657629,0.0024845032,0.004973536
8,0.1371479012621222,0.004311396012109937,0.013600107282400131,0.0027760502065405095,0.007392729,0.0021510855,0.004302171,0.0037167212,0.00085017463,0.0017003493,0.003445827,0.0016722528,0.0033445056,0.007944556,0.0021261082,0.0042530824
9,0.1417854098535993,0.007414934483944684,0.02029464580118656,0.002775910432918602,0.006209346,0.0025679504,0.005136094,0.003563286,0.0027826754,0.005565351,0.0047605634,0.0030139373,0.0060278745,0.006745895,0.0017826504,0.0035653268
10,0.10729113574613855,0.003394990086732323,0.009715658612549305,0.00277571475773008,0.0058289696,0.002019581,0.004039162,0.002813115,0.00082857814,0.0016571563,0.0027941947,0.00077585864,0.0015517173,0.0056307334,0.0012338114,0.0024676227
11,0.12105010234960581,0.003907122865973031,0.011559057049453259,0.002775463188856712,0.0040951264,0.0018412998,0.0036834292,0.0024817924,0.0010044082,0.0020089592,0.0023439769,0.00096161495,0.0019232299,0.0045689126,0.0019713014,0.0039434386
12,0.1056413481363951,0.0038091604990625203,0.011777554638683796,0.002775155736431656,0.0041237613,0.0017826315,0.0035654805,0.002400714,0.00083086814,0.0016617363,0.0021602158,0.000966275,0.00193255,0.004174774,0.002308894,0.004617788
13,0.08186164045388107,0.003191613410698892,0.009701370261609554,0.00277479241283905,0.003550787,0.0015633147,0.0031266294,0.0016117682,0.00076296757,0.0015259351,0.0016145632,0.0014542772,0.0029085544,0.0027577674,0.0010701257,0.0021402515
14,0.08739654548116471,0.004860714538408266,0.014047108590602875,0.0027743732327135165,0.0034820256,0.0040854043,0.008170809,0.0017168942,0.000723611,0.001447222,0.0016260559,0.0007012932,0.0014025863,0.0026433296,0.0015126487,0.0030264913
15,0.07708251014326864,0.002814261865512062,0.00871380977332592,0.0027738982129395682,0.003655108,0.0014236532,0.0028473064,0.0015005353,0.0005957681,0.0011915362,0.0013888157,0.0010582436,0.0021164871,0.0027853423,0.0012792398,0.0025584796
16,0.0763125310890058,0.002381422520094683,0.006620615255087614,0.0027733673726509337,0.0035284408,0.0014225132,0.0028450263,0.0017722778,0.00063507777,0.0012701555,0.0013687804,0.0004950346,0.0009900692,0.0024911247,0.00075768196,0.0015153639
17,0.06371357210360555,0.0022755248557612766,0.006603045389056206,0.002772780733229782,0.0029658845,0.0014584466,0.0029168932,0.001245627,0.00049288524,0.0009857705,0.0011592971,0.0005179688,0.0010359376,0.0018111469,0.000832222,0.001664444
18,0.06874196016698195,0.002404152227619681,0.006670646369457245,0.002772138318305863,0.0031404682,0.0014542412,0.0029084824,0.0013363652,0.00064364064,0.0012872813,0.0012302179,0.0005736691,0.0011473382,0.001878578,0.0006637468,0.0013275445
19,0.06311546459730699,0.0024065018794516085,0.006307986564934254,0.002771440153755557,0.0029996946,0.0014419911,0.0028839821,0.0012184737,0.0007541581,0.0015083163,0.001123935,0.0004708054,0.0009416108,0.0018409509,0.00048703866,0.0009740773
20,0.054414041263266905,0.0028654732072899607,0.008166197687387466,0.0027706862677008295,0.002847064,0.0022843454,0.004568691,0.0011427973,0.0005041075,0.001008215,0.00095965964,0.00044269132,0.00088538264,0.0013570156,0.0008519546,0.0017039092
21,0.057838985015435315,0.002185121523714293,0.006100117228925228,0.002769876690508101,0.0032030854,0.0015615212,0.0031230424,0.0012246933,0.00048861944,0.0009772389,0.0011189078,0.00043203426,0.0008640685,0.0015165476,0.0005678837,0.0011357674
22,0.04615682231483363,0.0017445215769380051,0.004726455546915531,0.002769011454787023,0.0028726489,0.0012910501,0.0025821002,0.001123535,0.00041819175,0.0008363835,0.0009824852,0.00033465782,0.00066931563,0.0012532091,0.00031932807,0.00063865614
23,0.04665734205754531,0.002128850957421169,0.005927467253059149,0.0027680905953891646,0.003192834,0.0015663714,0.0031327428,0.0011610133,0.00046496972,0.00092993944,0.0010856062,0.0004077059,0.0008154118,0.0015335472,0.0005246865,0.001049373
24,0.04897407918174586,0.0019312540035394741,0.0052811335772275925,0.002767114149406607,0.0028905594,0.0014093865,0.002818773,0.0011230964,0.00045688293,0.00091376586,0.0010298496,0.00040451856,0.0008090371,0.0015790977,0.00036977886,0.0007395577
25,0.049207789952555696,0.002935658100933494,0.008272597566246986,0.0027660821561704533,0.002826913,0.0016446213,0.0032892425,0.0010376858,0.00078217813,0.0015643563,0.00090224924,0.000557098,0.001114196,0.0010481767,0.0011524012,0.0023048024
26,0.05835758583481234,0.0019410376815365154,0.005366259254515171,0.0027649946572492396,0.0030721175,0.0013422878,0.0026845755,0.0012367468,0.0004621345,0.000924269,0.0010539481,0.00034041528,0.00068083056,0.0015322347,0.00053829217,0.0010765843
27,0.03333305703408489,0.002778190097456083,0.00710436562076211,0.002763851696447264,0.0025640037,0.0014275498,0.0028550995,0.00096883427,0.001005963,0.002011926,0.0007877896,0.000588048,0.001176096,0.0008732447,0.000530622,0.001061244
28,0.03611640602193212,0.002672945291810479,0.0071411896497011185,0.0027626533198028213,0.0026618782,0.002316239,0.004632478,0.0009769168,0.0005468817,0.0010937634,0.0008454492,0.0003164765,0.000632953,0.00096655235,0.00039099774,0.0007819955
29,0.04890309258422913,0.0028135456782735543,0.00884890928864479,0.002761399575586348,0.0027503252,0.0013692931,0.0027385862,0.0010326863,0.0005344895,0.001068979,0.0009341992,0.00044629516,0.0008925903,0.0014297569,0.0020743771,0.0041487543
30,0.04028866405173585,0.001605873250875205,0.004345005378127098,0.0027600905142984773,0.002885324,0.0011205205,0.002241041,0.0011086117,0.00040816292,0.00081632583,0.00097632175,0.000289996,0.000579992,0.0017524945,0.0003538232,0.0007076464
31,0.040800752784397064,0.0018501703047089312,0.0052644358947873116,0.0027587261886680087,0.0025124243,0.0011500492,0.0023000983,0.0010282875,0.00044583957,0.00089167914,0.00086147303,0.00044784797,0.00089569594,0.00093384495,0.0005884813,0.0011769626
32,0.03141448937990811,0.0017862693517167658,0.005171021446585655,0.0027573066536497786,0.002578908,0.0011124178,0.0022248356,0.0010451123,0.00040243662,0.00080487324,0.0008155754,0.00042324333,0.00084648666,0.0009221404,0.00064741314,0.0012948263
33,0.03649554329878227,0.0026407547246417363,0.007081618532538414,0.0027558319664224506,0.0024865395,0.0013685323,0.0027370646,0.00096705474,0.00087398244,0.0017479649,0.0007988266,0.0009029484,0.0018058968,0.00093346497,0.00039534585,0.0007906917
34,0.04286598729728268,0.0016700863581194535,0.004583652131259441,0.0027543021863862113,0.0025551268,0.001214703,0.002429406,0.0010445167,0.00039010978,0.00078021956,0.0009137046,0.00032872,0.00065744,0.0012673069,0.00035829336,0.0007165867
35,0.029848978119605553,0.0014401100304520758,0.003882382530719042,0.0027527173751603776,0.0023707736,0.0010283712,0.0020567423,0.00086663227,0.00036397623,0.00072795246,0.0007517773,0.00028424052,0.00056848105,0.00080588844,0.00026460344,0.0005292069
36,0.017836562673227935,0.001586938149815332,0.004353702068328857,0.0027510775965809142,0.0022133556,0.0011529864,0.0023059729,0.00080301374,0.00037157445,0.0007431489,0.00062921864,0.00031149352,0.00062298705,0.00067285233,0.00034079677,0.00068159355
37,0.032886630350773154,0.0027724584213562275,0.008072691038250923,0.002749382916697864,0.00229069,0.0011727805,0.002345561,0.00086545106,0.0007900937,0.0015801874,0.00073370145,0.00058683654,0.0011736731,0.0008958464,0.0014866347,0.0029732694
38,0.034484151744479684,0.0018378042719777727,0.005026619881391525,0.0027476334037726848,0.0024166682,0.0015693622,0.0031387245,0.0014823229,0.00035454892,0.00070909783,0.0009862614,0.00031753271,0.00063506543,0.0013014214,0.00027186619,0.00054373237
39,0.04518536763938654,0.0015636544688143689,0.004216423723846674,0.0027458291282755026,0.0026313919,0.0011731266,0.0023462533,0.0009221925,0.00037411248,0.00074822496,0.0007525668,0.00027573504,0.0005514701,0.0010423705,0.00028523762,0.00057047524
40,0.028010662934914502,0.0015203341047472232,0.004114171024411917,0.0027439701628822707,0.0022333916,0.001085549,0.002171098,0.00085388246,0.00038005345,0.0007601069,0.00071156386,0.00030755828,0.00061511656,0.0008134083,0.00028392486,0.0005678497
41,0.021485814547232918,0.001325947656752812,0.0035123827401548624,0.002742056582471845,0.0020634863,0.0008990819,0.0017981638,0.0008235931,0.00036884757,0.00073769514,0.00067984575,0.00024591005,0.0004918201,0.0007180807,0.00024235185,0.00048470375
42,0.042692843578506494,0.0014828960893993196,0.004001312423497438,0.002740088464122965,0.002196586,0.001124922,0.002249844,0.000875579,0.00034956873,0.00069913745,0.0007843174,0.00025651633,0.00051303266,0.0010981672,0.0002696494,0.0005392988
43,0.02508999942440003,0.0016590375506263953,0.004297895357012749,0.00273806588711115,0.002042064,0.0010069504,0.0020139008,0.00084556715,0.0005270386,0.0010540772,0.0006709437,0.00025955783,0.00051911565,0.00070515135,0.0003554008,0.0007108016
44,0.03972477756203989,0.0013235566414489866,0.003574332222342491,0.0027359889329055084,0.0024408356,0.0009249539,0.0018499078,0.0009662064,0.00034007546,0.00068015093,0.0007866924,0.00027294268,0.00054588536,0.0011592876,0.000249194,0.000498388
45,0.016760237459150208,0.0014410780386512935,0.003704235190525651,0.0027338576851654523,0.0019343279,0.0010397002,0.0020794005,0.0007299736,0.0004121072,0.0008242144,0.00058138417,0.00023104364,0.00046208728,0.0005642516,0.00016926645,0.0003385329
46,0.020584938667670877,0.0019201732290074947,0.005316071677953005,0.00273167222973733,0.0020100756,0.0016297207,0.0032595145,0.0007539269,0.00035349335,0.0007069867,0.0006036124,0.00031759837,0.00063519675,0.00060101674,0.0003571869,0.0007143738
47,0.032223787925889424,0.0015556640008781966,0.004051604308187962,0.0027294326546509666,0.0021086363,0.00093067164,0.0018613433,0.0008541452,0.00049487344,0.0009897468,0.0007321683,0.00028719605,0.0005743921,0.000748024,0.00031306114,0.0006261223
48,0.01789254115669385,0.0013007060912362044,0.0035877134650945663,0.0027271390501161217,0.0017654244,0.00076216634,0.0015243327,0.0007528699,0.00036478697,0.00072957395,0.0005439113,0.00034230636,0.0006846127,0.00057148415,0.00032459717,0.00064919435
49,0.019854324711751005,0.001332449996634046,0.003615923225879669,0.0027247915085188497,0.0017241781,0.00093786634,0.0018757327,0.0007326486,0.00033372207,0.00066744414,0.0006054826,0.00025689675,0.0005137935,0.0006164397,0.00027947646,0.0005589529
50,0.046448443416399435,0.0016768735294902146,0.004570295102894306,0.002722390124417785,0.0023584918,0.0010452585,0.002090517,0.0013210821,0.0004578843,0.0009157686,0.0011060173,0.00030716805,0.0006143361,0.001961804,0.0004748367,0.0009496734
51,0.026772405565366704,0.0012778502827350813,0.0035231702495366335,0.002719934994540329,0.0017064221,0.0008184471,0.001636949,0.0007501198,0.00033371695,0.0006674339,0.0006205022,0.00030382434,0.0006076487,0.00070691906,0.00030556938,0.00061113876
52,0.020123505771779966,0.0012382673016686579,0.003280825912952423,0.0027174262177787544,0.0015769427,0.0006882311,0.0013764622,0.00070899585,0.0003976669,0.0007953338,0.00060819235,0.0002808752,0.0005617504,0.00058860047,0.00027363974,0.0005472795
53,0.02023145665576673,0.002740589444918745,0.009145937860012054,0.0027148638951862234,0.0014797433,0.0008278386,0.0016556772,0.0007262797,0.00056477735,0.0011295547,0.00057550566,0.0010122389,0.0020244778,0.0007670254,0.0021681143,0.0043362286
54,0.02627987691022053,0.0011097105756626194,0.0030097910203039646,0.0027122481299727175,0.0019277114,0.000737086,0.001474172,0.00081617135,0.00029382226,0.0005876445,0.0006558311,0.00022644893,0.00045289786,0.0009534215,0.00024753835,0.0004950767
55,0.018187736016899478,0.001876126882191225,0.004519350826740265,0.0027095790275008776,0.0014184443,0.0006256105,0.001251221,0.0006588243,0.00087199203,0.0017439841,0.0005407869,0.00033297404,0.0006659481,0.0004852934,0.0004290989,0.0008581978
56,0.020443188085040868,0.001544862304378977,0.0047076111659407616,0.0027068566952817615,0.0013557319,0.00076081284,0.0015216257,0.00074820395,0.00034539163,0.00069078326,0.00058055425,0.0003943442,0.0007886884,0.00060406054,0.00085325685,0.0017065137
57,0.02503420630990281,0.001070868985363921,0.0028282536659389734,0.002704081242970515,0.0015710912,0.00060756726,0.0012151345,0.0007168881,0.0003429411,0.0006858822,0.0005703528,0.00024954535,0.0004990907,0.00073105644,0.00021407306,0.00042814613
58,0.016274129957185506,0.001088523854664767,0.0029358258470892906,0.002701252782361951,0.0015243986,0.00069948024,0.0013989605,0.0007068762,0.00030305772,0.00060611544,0.0005394289,0.00025532625,0.0005106525,0.0005632151,0.00021004866,0.00042009732
59,0.028934499542009735,0.0012146477355639395,0.003400116227567196,0.002698371427386052,0.0015182621,0.0006860671,0.0013721342,0.00076973886,0.00033292084,0.0006658417,0.000644345,0.0003001565,0.000600313,0.00080553873,0.00038091358,0.00076182716
60,0.021689648707194868,0.0011719744925922418,0.003064290154725313,0.002695437294103376,0.001346495,0.0007473548,0.0014947096,0.0006737309,0.000354029,0.000708058,0.0005585829,0.0002194044,0.0004388088,0.000668845,0.00021135695,0.0004227139
61,0.009070626195211692,0.0011369492724230608,0.003176249098032713,0.002692450500700383,0.0011975843,0.0007733664,0.001546775,0.0006243996,0.00027548772,0.00055097544,0.00045933126,0.0003705151,0.0007410302,0.00042541654,0.00016873422,0.00033746843
62,0.008398301827088632,0.0009795225464527455,0.0025479900650680065,0.002689411167484676,0.0011130794,0.0005588242,0.0011176484,0.00057438377,0.00032412104,0.0006482421,0.00044590438,0.00022261115,0.0004452223,0.00041709456,0.00016843871,0.00033687742
63,0.022289071338517326,0.00247825883356602,0.007507745176553726,0.002686319416880154,0.0013266103,0.0016514492,0.00330375,0.0006513269,0.00041486442,0.00082972884,0.00056792644,0.0004743242,0.0009486484,0.00060984824,0.001212809,0.002425618
64,0.019285061154069576,0.001090300403094601,0.0030049560591578484,0.0026831753734220805,0.0014474292,0.00057115307,0.0011423061,0.0006910811,0.0003269405,0.000653881,0.0005653062,0.0002534131,0.0005068262,0.00063226005,0.00035097142,0.00070194283
65,0.03056128429845127,0.001453759695732177,0.0040884013287723064,0.0026799791637520673,0.0012898981,0.00095998583,0.0019199717,0.0006844784,0.0003399059,0.0006798118,0.00059392286,0.00024997047,0.00049994094,0.00075658824,0.0004943384,0.0009886768
66,0.029841316736167994,0.0010410776103035534,0.0028784815222024918,0.0026767309166129743,0.0012794646,0.00060249865,0.0012049973,0.00073441595,0.00029044398,0.00058088795,0.00058815826,0.0002422583,0.00048451667,0.00074338325,0.0003040398,0.0006080796
67,0.017148361075056153,0.0009943107383913383,0.0027200847398489714,0.002673430762843722,0.0010713,0.0007020895,0.0014048755,0.0005967882,0.00024230848,0.00048461696,0.00050761545,0.00019816733,0.00039633465,0.0005136755,0.00021712875,0.0004342575
68,0.010911989805111627,0.0011569098489963231,0.003205964108929038,0.002670078835374024,0.0010040512,0.0005810973,0.0011621946,0.0005481465,0.00035552058,0.00071104115,0.00046294802,0.00036010297,0.00072020595,0.00044767978,0.0003062611,0.0006125222
69,0.028979039588148417,0.0019321421248598496,0.0052934554405510426,0.0026666752692190293,0.0012927203,0.001023212,0.0020464717,0.0006769351,0.0005792057,0.0011584114,0.0005918563,0.0003496105,0.000699221,0.00074841065,0.0006946758,0.0013893516
70,0.011973952169318982,0.0007779723992263101,0.0020518505480140448,0.002663220201473886,0.0010982155,0.0004437458,0.0008875245,0.00063337374,0.00024959285,0.0004991857,0.0005014652,0.00018722974,0.0003744595,0.0005529194,0.00014534048,0.00029068097
71,0.018800246117630093,0.000867832988836416,0.0022191060706973076,0.00265971377130822,0.0013185042,0.0004256819,0.00085175736,0.0006745892,0.00032201697,0.00064403395,0.0021361664,0.0001984347,0.0003968694,0.0015272072,0.00016322262,0.00032644524
72,0.021951219490659014,0.0008925183317084798,0.0024445424787700176,0.0026561561199605266,0.00095564977,0.00048736815,0.0009747363,0.00059301953,0.00026492344,0.0005298469,0.0004806322,0.00019507432,0.00039014863,0.0005783747,0.00027490535,0.0005498107
73,0.015736258197946062,0.0009438882078995535,0.002569089876487851,0.002652547390732483,0.000876796,0.00047483708,0.0009512035,0.00054651464,0.00030119182,0.00060238363,0.00046269,0.00024205745,0.0004841149,0.0005552541,0.0002656939,0.0005313878
74,0.008014859963414084,0.0009155456366301479,0.0023942915722727776,0.002648887728983177,0.0007807189,0.00053953234,0.0010792899,0.0005151098,0.0002919784,0.0005839568,0.0003941561,0.0001839928,0.0003679856,0.00036162505,0.0001815297,0.0003630594
75,0.03398181109324164,0.0015957336051238187,0.004411931615322828,0.0026451772821232504,0.0013057735,0.0010495657,0.0020991315,0.0007258203,0.00040054135,0.0008010827,0.00053696276,0.0003255294,0.0006510588,0.0007587787,0.00043032927,0.00086065853
76,0.01845036791948687,0.0012662246628606156,0.0034611362498253584,0.002641416199608961,0.0014626012,0.0008586116,0.0017172232,0.000680394,0.0003192394,0.0006384788,0.00055229495,0.0002246774,0.0004493548,0.0007544748,0.00032803975,0.0006560795
77,0.011370172638902441,0.0008723252814576151,0.002347921719774604,0.0026376046329361635,0.001068593,0.00052453525,0.0010490705,0.00061851676,0.00025499446,0.0005099889,0.0004488061,0.0001836532,0.0003673064,0.0005319871,0.00021077799,0.00042155597
78,0.020803654277486427,0.0013255064292189902,0.0034557171165943146,0.002633742735634209,0.00091308996,0.00059189013,0.0011838211,0.00063137984,0.0004884185,0.000976837,0.0004900295,0.00026156046,0.0005231209,0.0006712219,0.00038596906,0.0007719381
79,0.023409418870210707,0.0008575614084146008,0.002351809525862336,0.0026298306632597575,0.0009445174,0.00043778797,0.0008755825,0.00068912335,0.00026582115,0.0005316423,0.0005466287,0.00022096373,0.00044192746,0.0007463844,0.00025132866,0.0005026573
80,0.018122557306758335,0.0007482616379888323,0.0019932310096919537,0.002625868573390513,0.0008337721,0.00040355595,0.0008074878,0.0005645926,0.00024326357,0.00048652713,0.0005182774,0.00020212632,0.00040425264,0.0006115396,0.00014748162,0.00029496325
81,0.008182267901190888,0.000672083849512046,0.0017667789943516254,0.0026218566256188784,0.0007233222,0.00028461346,0.0005692818,0.0005042298,0.00025100505,0.0005020101,0.00037602102,0.00017528152,0.00035056303,0.00032484473,0.00017246198,0.00034492396
82,0.006818468638321842,0.000603077899872519,0.0016213933704420924,0.002617794981545525,0.0006267183,0.0002868871,0.00057384366,0.000503442,0.00020550229,0.00041100458,0.00038429123,0.00018372839,0.00036745679,0.00032977643,0.00013454414,0.00026908828
83,0.010724576909126052,0.0012436356843951344,0.0031679628882557154,0.002613683804772883,0.00076808495,0.00048511554,0.0009702311,0.0004951925,0.00050948415,0.0010189683,0.00040186604,0.00033412,0.00066824,0.00036017338,0.0002552618,0.0005105236
84,0.0186586879229693,0.0014930023255889057,0.004072839394211769,0.0026095232608985544,0.0011187354,0.0010192569,0.002040928,0.00064750074,0.00037659885,0.0007531977,0.0005174471,0.00025286645,0.0005057329,0.0006498871,0.00038649043,0.00077298086
85,0.026243380037415293,0.0017007982801222645,0.004375419579446316,0.002605313517508639,0.0009432431,0.0005496168,0.0010992337,0.00064665376,0.0007156374,0.0014312748,0.000507297,0.00035982855,0.0007196571,0.00064880855,0.0005626268,0.0011252536
86,0.013407922158475666,0.000975647644396381,0.0025801232550293207,0.002601054744170987,0.0007650363,0.00034857015,0.0006971853,0.0005976158,0.00038356098,0.00076712196,0.0004719741,0.0002932578,0.0005865156,0.0005316195,0.0002646502,0.0005293004
87,0.008660131748022968,0.001120464652249765,0.003415847895666957,0.0025967471124283678,0.0007138674,0.00041522458,0.00083063636,0.000508027,0.00030220955,0.0006044191,0.00043522078,0.00039584786,0.0007916957,0.00043317938,0.0005945484,0.0011890968
88,0.0299033670870922,0.0008540494078158479,0.002280601067468524,0.0025923907957915594,0.00085114216,0.0004933672,0.000986788,0.0005987523,0.0002623536,0.0005247072,0.00054748246,0.00018792402,0.00037584803,0.00073368434,0.00019662899,0.00039325797
89,0.022128534193204565,0.0008016291810346986,0.002114278497174382,0.0025879859697323614,0.001445906,0.00031236207,0.0006248678,0.0006337585,0.00030951973,0.00061903946,0.0005493191,0.0002613828,0.0005227656,0.00070822996,0.00017380285,0.0003476057
90,0.020522037917081636,0.0009848996033124827,0.0029130533803254366,0.002583532811676524,0.0007433227,0.00045957518,0.00091934745,0.00052820216,0.00025896242,0.00051792484,0.00046844684,0.00030943498,0.00061886996,0.000561356,0.00042845556,0.0008569111
91,0.020530186017653804,0.0007471122976894452,0.002011098898947239,0.002579031500996605,0.0008539606,0.00034146826,0.0006838827,0.00059822627,0.00025690708,0.00051381416,0.0005458596,0.00019794962,0.00039589923,0.0006860556,0.00020875146,0.00041750292
92,0.00981844020755657,0.0006700180181398366,0.0017737823072820902,0.0025744822190047426,0.0006873111,0.00032357028,0.00064714055,0.00046875165,0.00023463054,0.00046926108,0.00042265156,0.0001976473,0.0003952946,0.0003947706,0.00013104302,0.00026208605
93,0.007914674751448953,0.0006409302288659669,0.0017849726136773825,0.0025698851489453518,0.00061916705,0.0003115066,0.0006230132,0.00046942264,0.0002012409,0.0004024818,0.0003781877,0.00025660277,0.00051320554,0.0003179206,0.00012313601,0.00024627201
94,0.013219259056900468,0.0012378988647643674,0.0038634983357042074,0.002565240475987744,0.00064168556,0.00039307866,0.0007861573,0.00051349326,0.00031968663,0.00063937326,0.00048147145,0.0002935178,0.0005870356,0.0005543422,0.00092546607,0.0018509321
95,0.019015115225157222,0.0006699475439156408,0.001770104980096221,0.002560548387218669,0.0010245388,0.00031694234,0.00063398026,0.00059436576,0.0002362061,0.0004724122,0.00053004926,0.00017031634,0.0003406327,0.00080404966,0.0001615399,0.0003230798
96,0.011605191399370524,0.0006276716407889947,0.0017085028812289238,0.002555809071634778,0.000636787,0.00027488606,0.0005497721,0.00047033906,0.00021540995,0.0004308199,0.0004261196,0.00019168494,0.0003833699,0.0004146316,0.00017227053,0.00034454107
97,0.004898924386300974,0.0005801083622096155,0.0015566160436719656,0.002551022720135012,0.00054691854,0.0002953862,0.0005909116,0.00043204564,0.00019082692,0.00038165384,0.00036263897,0.00015498904,0.0003099781,0.00028805406,0.00013703629,0.00027407255
98,0.020817070118431636,0.0009138292550772261,0.0025060735642910004,0.0025461895255129117,0.0008433462,0.0005537193,0.0011074386,0.0005750053,0.00025248743,0.00050497486,0.0005288443,0.0002057091,0.0004114182,0.00071533123,0.00024112093,0.00048224186
99,0.00989274988700072,0.0006253861093329182,0.0017246379284188151,0.0025413096824488507,0.00062356476,0.00023667533,0.0004733555,0.00049859635,0.00022036576,0.00044073153,0.00046204406,0.00019335456,0.0003867091,0.0004859468,0.00021192087,0.00042384173
100,0.008346151769746828,0.000679312288507487,0.0018582107732072473,0.002536383387502197,0.00058900856,0.00033587147,0.00067174295,0.00042835655,0.00021602587,0.00043205175,0.0003628405,0.00018141721,0.00036283443,0.00035006728,0.00019579082,0.00039158165
101,0.01598640326760433,0.0007518562259167268,0.0019017475424334407,0.0025314108391033927,0.0007107329,0.00032727036,0.0006545407,0.00048564322,0.00029940106,0.0005988021,0.000417156,0.00017905068,0.00035810136,0.00044122498,0.00014515169,0.00029030337
102,0.016736335459805077,0.0009681206842622284,0.00276932748965919,0.002526392237545962,0.0007497191,0.00045493877,0.00090987753,0.0005751288,0.00027710077,0.00055420154,0.00051191205,0.00022584108,0.00045168216,0.00067551056,0.00042678308,0.00085356616
103,0.024288834885000082,0.0009259810218276258,0.002521257381886244,0.0025213277849784436,0.0011391545,0.00046743953,0.00093487906,0.00064754946,0.00029256806,0.0005851361,0.0005558992,0.00021062298,0.00042124602,0.0007681489,0.00028999808,0.00057999615
104,0.01778119823634656,0.0007521169239043782,0.002199038164690137,0.002516217685396249,0.0007017412,0.00032077509,0.00064155046,0.00052151707,0.00021467646,0.00042935292,0.00043516592,0.0002236445,0.00044728894,0.00047481983,0.00034042294,0.0006808459
105,0.00870538311046357,0.0006161226279179745,0.0016963602975010872,0.0025110621446334438,0.0006146181,0.00030572494,0.0006114499,0.00046096137,0.0001930683,0.0003861366,0.0004352916,0.00017807321,0.00035614643,0.00043701148,0.00017131367,0.00034262735
106,0.008146344847801402,0.0007035177805409858,0.0019103713566437364,0.0025058613703544588,0.0005067814,0.00035005802,0.00070011604,0.00040093396,0.00022603341,0.00045206683,0.00035733607,0.00016823535,0.0003364707,0.00031317634,0.00021085888,0.00042171776
107,0.005678192993291208,0.0004997972808026931,0.001332803163677454,0.0025006155720457223,0.00046340487,0.00021906442,0.00043812883,0.0003858541,0.00017968012,0.00035936025,0.00033350085,0.00015026824,0.00030053649,0.00029217385,0.00011738876,0.00023477752
108,0.00465372593584055,0.0007225772733845887,0.002199582289904356,0.002495324961007227,0.00041216234,0.00024085495,0.0004817099,0.00036347788,0.00020264479,0.00040528958,0.00032932483,0.00022039066,0.00044078132,0.00027671535,0.0004359008,0.0008718016
109,0.03308807652628328,0.0007517882549708334,0.002087710192427039,0.002489989750344013,0.0014590068,0.00035458154,0.0007091631,0.0007226622,0.00023543215,0.0004708643,0.00066715974,0.0002028246,0.0004056492,0.0011824154,0.0002510168,0.0005020336
110,0.012886914098752414,0.0008343399236181019,0.0021324942354112864,0.002484610154957588,0.0007892678,0.0003666241,0.0007332482,0.0005422359,0.00032382886,0.0006476577,0.00043059408,0.00018920249,0.00037840498,0.00048098568,0.00018659166,0.0003731833
111,0.010109796063504322,0.0006864188409791565,0.0018527674255892634,0.00247918639153727,0.00059363095,0.00028414858,0.00056829734,0.0004768949,0.00024634262,0.00049268524,0.00039134355,0.00021890996,0.00043781992,0.00036084815,0.00017698244,0.0003539649
112,0.02072757361953026,0.0010149246618878236,0.0027793613262474537,0.0024737186785514583,0.0008701164,0.0004572611,0.0009147126,0.00057973573,0.0003360896,0.0006721792,0.00047018708,0.00026166294,0.00052332587,0.00057664845,0.00033457187,0.00066914374
113,0.01060477518259635,0.0005360962054429849,0.0014574689557775855,0.0024682072362388354,0.0005895179,0.0002211615,0.0004423285,0.00045216986,0.00018960168,0.00037920335,0.00040454775,0.00017284091,0.00034568182,0.00043513151,0.00014512766,0.00029025532
114,0.008351077297058949,0.0005264987503572516,0.0014057797379791737,0.0024626522865994933,0.00047628977,0.00025801934,0.00051625393,0.00042675863,0.00017865196,0.0003573039,0.00035136964,0.00014026534,0.0002805307,0.0003049406,0.00012584562,0.00025169124
115,0.015023612840061644,0.0010917057971276023,0.003026277758181095,0.0024570540533859937,0.00053145655,0.0006121238,0.0012242511,0.00040723308,0.00030986563,0.00061973126,0.00036707823,0.0002724056,0.0005448112,0.0003235988,0.00031874218,0.00063748437
116,0.02229728486026809,0.00069899984938634,0.0019548675045371056,0.0024514127620943542,0.0007588366,0.0002978909,0.0005957949,0.0005450332,0.00022876736,0.0004575347,0.0005416794,0.00024507163,0.00049014325,0.0006888373,0.00020569738,0.00041139475
117,0.014668143087477893,0.000844182764032413,0.002219580113887787,0.002445728639954966,0.0013767591,0.0004903822,0.0009807644,0.00059237273,0.00026872326,0.0005374465,0.00047839322,0.00018292828,0.00036585657,0.0006402694,0.00016775637,0.00033551274
118,0.00953136504433827,0.0007061166738369173,0.0020070180762559175,0.0024400019159234393,0.0010611895,0.00033960294,0.00067920587,0.00048792385,0.00020471876,0.00040943752,0.00038399134,0.0001860837,0.00037216736,0.000360087,0.00027310365,0.0005462073
119,0.007501766720426251,0.0005375527475900935,0.001432164222933352,0.002434232820671383,0.00058520504,0.00028858727,0.00057717453,0.0004458388,0.00017459369,0.00034918738,0.00035895713,0.00013771938,0.00027543877,0.00033859644,0.00011518179,0.00023036358
120,0.012131244317455473,0.0007736523014785121,0.0020367938559502363,0.0024284215865771133,0.0005731032,0.0002811579,0.00056231575,0.00043000732,0.00030402577,0.00060805154,0.0003766309,0.00021131319,0.00042262638,0.00035619142,0.0002219001,0.0004438002
121,0.021951026227488023,0.0015858128311742633,0.004684787709265947,0.0024225684477162915,0.0007643598,0.0010678342,0.0021376314,0.00056774437,0.00029986436,0.0005997287,0.0005267018,0.00032862127,0.00065724255,0.00069637597,0.00064509263,0.0012901853
122,0.008708678519318922,0.0007068251776418557,0.001659904606640339,0.002416673639852498,0.0006317007,0.00019476705,0.0003895341,0.00044047114,0.00035763864,0.0007152773,0.00035891592,0.00016768464,0.0003353693,0.00040814118,0.000109861954,0.00021972391
123,0.005737501320364129,0.0007717105246958859,0.002179793082177639,0.0024107374004277335,0.00043148862,0.0003471903,0.0006944962,0.0003906582,0.0002410254,0.0004820508,0.00036428665,0.00028755263,0.00057510525,0.0003332265,0.00021407039,0.00042814075
124,0.009508611899425885,0.0005918534574458598,0.0016468276735395193,0.002404759968552857,0.0005048261,0.0002127963,0.0004255926,0.00042813053,0.00021088679,0.00042177358,0.00038765094,0.0002328698,0.0004657396,0.00036546192,0.00016686093,0.00033372187
125,0.010467627821521953,0.0005812833401716369,0.001591058331541717,0.0023987415849979527,0.00052853074,0.00030640402,0.00061287696,0.00045029924,0.00017888345,0.0003577669,0.00039478316,0.0001654032,0.0003308064,0.00043309267,0.00014480406,0.0002896081
126,0.020248249028620338,0.001118679075260488,0.003437830600887537,0.002392682492182632,0.00065376185,0.0004548739,0.0009097478,0.000473253,0.0002719495,0.000543899,0.00045124334,0.00026418982,0.00052837963,0.00063271704,0.0007279021,0.0014558042
127,0.017215018530226035,0.0006694431412671216,0.0017701600445434451,0.0023865829341662708,0.00069735275,0.0002467161,0.0004934322,0.00045467395,0.00026109052,0.00052218104,0.00041665926,0.00020715425,0.0004143085,0.00062508177,0.00017011909,0.00034023818
128,0.007716299238584738,0.0008719139008474,0.002386214677244425,0.0023804431566381763,0.0005050779,0.0005499518,0.0011018546,0.00040571098,0.00023544188,0.00047088377,0.0003460725,0.00019045307,0.00038090613,0.00034754054,0.0002162851,0.0004325702
129,0.00895218981437518,0.000781016448150728,0.002109347842633724,0.002374263406907692,0.0005302093,0.00026969024,0.0005393805,0.00042281713,0.0002947139,0.0005894278,0.00035751783,0.00020001651,0.00040003302,0.0003667252,0.00029025337,0.00058050675
130,0.004879087333089791,0.000687458512569313,0.0018410879420116544,0.002368043933894236,0.00042241561,0.0003928482,0.0007856973,0.0003734653,0.0002121595,0.000424319,0.00032119665,0.00017062311,0.00034124622,0.00028719,0.0001449127,0.0002898254
131,0.015031387055755097,0.0007616724653155669,0.002107566222548485,0.0023617849881172747,0.00062601344,0.00030511888,0.00061024603,0.00046690178,0.00025828267,0.00051656534,0.00043385033,0.00019700559,0.00039401118,0.0006208709,0.0002933718,0.0005867436
132,0.022467397286390158,0.0008079043843296006,0.002370904665440321,0.0023554868216862307,0.00085923023,0.0003168243,0.00063364854,0.00052790955,0.0002373561,0.0004747122,0.000516592,0.00024335142,0.00048670283,0.00075019954,0.00038792047,0.00077584095
133,0.009179275919081726,0.000526951679179958,0.0013369836378842592,0.00234914968829033,0.00048529528,0.00019820686,0.00039641373,0.0003965849,0.00021977618,0.00043955236,0.00037391813,0.00013900164,0.00027800328,0.00035237893,0.00011150712,0.00022301424
134,0.004678713254886621,0.0004721009343591465,0.0012430449714884162,0.002342773843188382,0.00036634266,0.00019623533,0.00039247063,0.0003534621,0.00017789571,0.00035579142,0.0003120815,0.00013886188,0.00027772377,0.0002482225,0.00010852958,0.00021705916
135,0.022584083507560374,0.0012457881822938279,0.0036278122570365667,0.002336359543198497,0.00072596903,0.0004696159,0.0009392318,0.00046126932,0.00037932058,0.00075864117,0.00042628052,0.0003511573,0.0007023146,0.0005788599,0.00061381236,0.0012276247
136,0.007970861674952437,0.0006698362024709068,0.0018246014369651675,0.0023299070466877435,0.0005971966,0.00023409427,0.00046818855,0.00043524042,0.0002494358,0.0004988716,0.0003934953,0.00020907445,0.0004181489,0.0004683929,0.0002196962,0.0004393924
137,0.005999606161651498,0.00046978635425475973,0.0012517559807747602,0.0023234166135617405,0.00041249933,0.00017859154,0.00035718307,0.00034860225,0.00017865645,0.0003573129,0.0003128764,0.00014751568,0.00029503135,0.00029132728,0.00012111432,0.00024222863
138,0.006611305139617042,0.0007384937581175492,0.0017476445063948631,0.002316888505254188,0.00044483345,0.00031799835,0.0006359967,0.000393532,0.00032884852,0.00065769703,0.00032023067,0.00013052841,0.00026105682,0.00026517734,9.6447024e-05,0.00019289405
139,0.008193814118184553,0.0004905685433661071,0.0012622636277228594,0.002310322984716336,0.0010132346,0.00018091396,0.00036182793,0.00048127366,0.0002023168,0.0004046336,0.00040437293,0.00015940117,0.00031880234,0.00053908257,8.849989e-05,0.00017699978
140,0.011530588811301137,0.0007890942504594214,0.002182032447308302,0.0023037203164063946,0.0006087712,0.0004034523,0.0008069046,0.00039461197,0.00023747691,0.00047495382,0.0003527215,0.0001793339,0.0003586678,0.00036925974,0.0002707531,0.0005415062
141,0.025843576654832424,0.0005384782386195246,0.0014862879179418087,0.0022970807662788814,0.0006442323,0.00022391746,0.00044789765,0.0004936101,0.00018233256,0.00036466512,0.0004916229,0.00016089731,0.00032179462,0.00074145384,0.00017596522,0.00035193044
142,0.006887135046088485,0.0006057658700531005,0.0016776099801063538,0.002290404601773906,0.0003975333,0.0002760241,0.0005520482,0.00037244143,0.00019462466,0.00038924933,0.00033115345,0.00016854129,0.00033708257,0.00031645191,0.00019961497,0.00039922993
143,0.009170059990568292,0.0006659730146595509,0.0018435096135362983,0.0022836920918064027,0.00045419368,0.00039979126,0.00079977803,0.00038280466,0.00018175793,0.00036351586,0.00035975772,0.00017665912,0.00035331823,0.00037205455,0.00016344879,0.00032689757
144,0.006259768143403415,0.00045685349722513206,0.0011773373698815703,0.0022769435067552936,0.00041289153,0.00017991518,0.00035983036,0.00034567097,0.00018256262,0.00036512525,0.00030415884,0.00012398898,0.00024797797,0.00026058574,0.000102201935,0.00020440387
145,0.0031221112261124585,0.00037322402865880684,0.0009591543930582702,0.0022701591184526,0.00031877653,0.00013745598,0.00027491196,0.0003008777,0.00015338605,0.0003067721,0.00024857646,0.000105739506,0.00021147901,0.00019691882,8.2995655e-05,0.00016599131
146,0.0013489143970461367,0.00036149471021621073,0.0009767129085958004,0.002263339200172494,0.0002768235,0.00014000294,0.0002800059,0.0002754063,0.00013355468,0.00026710937,0.00023842418,0.00013019072,0.00026038144,0.00018260938,8.460812e-05,0.00016921623
147,0.016002875635576175,0.0007306346413015148,0.0020758952014148235,0.00225648402662029,0.00072595925,0.00031855277,0.00063710555,0.00045953106,0.00022707498,0.00045414997,0.0003943767,0.00025932206,0.0005186441,0.00052296574,0.00023299773,0.00046599546
148,0.02116782661561298,0.0012494698551567631,0.003365957411006093,0.002249593873921378,0.00067081826,0.0008470679,0.0016941358,0.00044904952,0.0003319122,0.0006638244,0.00043171368,0.00025260163,0.00050520326,0.0005428378,0.0002513969,0.0005027938
149,0.008653245922968723,0.0010655392459373778,0.0030307085253298283,0.0022426690196101044,0.00060414954,0.00042591366,0.0008518437,0.0004025582,0.0003379318,0.0006758636,0.0003426314,0.00029533645,0.0005906729,0.0003368835,0.00045616413,0.00091232825
150,0.018849317579587167,0.0009863375568828514,0.003140114014968276,0.002235709742618592,0.0007572324,0.00037601992,0.0007520428,0.00053975114,0.00021672239,0.00043344477,0.00050412974,0.0002590848,0.0005181696,0.0006543037,0.0007182284,0.0014364568
151,0.018438667543793398,0.0005230060718606177,0.0013960599899291992,0.002228716323265502,0.00061275257,0.0002452842,0.0004905857,0.00045194765,0.00018156425,0.0003631285,0.00044369465,0.00014547589,0.00029095178,0.00072061835,0.00012569703,0.00025139406
152,0.01324284606747157,0.0008746684460785286,0.002513426821678877,0.002221689043244747,0.00064704334,0.00042816708,0.00085633417,0.00044156422,0.00024551852,0.00049103703,0.00039186538,0.00027441292,0.00054882583,0.00043238857,0.00030861486,0.0006172297
153,0.008475317064206657,0.0007362477978509705,0.002014142693951726,0.002214628185614141,0.00069698505,0.0003034019,0.00060685625,0.0004244496,0.000256817,0.000513634,0.00037600126,0.00023891508,0.00047783015,0.00043439522,0.0002079111,0.0004158222
154,0.006214635486525735,0.000382598889362535,0.0010248043108731508,0.0022075340347840005,0.00039311353,0.00015658842,0.00031317683,0.00032756382,0.00014096728,0.00028193457,0.00029704047,0.00013302197,0.00026604393,0.00024150795,8.1824466e-05,0.00016364893
155,0.004861063139814022,0.0005276494744052703,0.0012228890554979444,0.0022004068765056864,0.00037135533,0.00017199476,0.00034398952,0.00032677627,0.0002617376,0.0005234752,0.0002556646,0.000103628285,0.00020725657,0.00019512599,7.408393e-05,0.00014816786
156,0.00802763518010381,0.0004694019940621915,0.001220959471538663,0.0021932469978600943,0.0003572786,0.00019937246,0.00039874492,0.00035030852,0.00017886149,0.00035772298,0.000283602,0.00011955882,0.00023911764,0.00023034622,0.00011268693,0.00022537386
157,0.005637561545119897,0.0008672510978610156,0.002547972835600376,0.0021860546872460927,0.00040348023,0.00034678652,0.00069357303,0.00032161694,0.00024628168,0.0004925634,0.00028040278,0.00017303076,0.0003460615,0.0002789286,0.0005078874,0.0010157748
158,0.005348051654297543,0.00039565856215445576,0.0010837846202775836,0.0021788302343689037,0.0005053966,0.00015421926,0.00030843852,0.00038178707,0.00014052769,0.00028105537,0.0003505308,0.0001285674,0.0002571348,0.00047033865,0.000118577955,0.00023715591
159,0.0017675720837866992,0.00045080153864992146,0.0012037596898153424,0.0021715739302284364,0.00029924753,0.00019199887,0.00038399774,0.0002733423,0.0001622618,0.0003245236,0.00022991009,0.000116414536,0.00023282907,0.00019161099,0.00013120465,0.0002624093
160,0.029810668497890904,0.0005966257343363009,0.0015914279501885176,0.002164286067107563,0.0013147492,0.0003312651,0.0006625302,0.0008058782,0.00018868092,0.00037736184,0.00056232454,0.0001383549,0.0002767098,0.0008370586,0.00013741311,0.00027482622
161,0.008051256567029319,0.0007045322396649346,0.0018974565900862217,0.0021569669385603485,0.000561229,0.00044669295,0.0008933859,0.00035265062,0.0002000459,0.0004000918,0.0002903877,0.00018269483,0.00036538966,0.00024913912,0.00011929465,0.0002385893
162,0.0046601514498917414,0.0005683995804876032,0.0015302635729312897,0.002149616839400222,0.00047611562,0.00029588968,0.0005919078,0.00031136724,0.00018223033,0.00036446066,0.0002621992,0.00013453542,0.00026907085,0.00022059948,0.00015241207,0.00030482415
163,0.015510840707665653,0.0009542580296735817,0.0025503651704639196,0.002142236065688107,0.00056086865,0.00031857193,0.00063724356,0.00039636734,0.00036980433,0.00073960866,0.0003504528,0.00021054399,0.00042108799,0.00040846478,0.00037621256,0.0007524251
164,0.010314101547272341,0.00042320827030121485,0.0011120546841993928,0.0021348249147204916,0.0004890856,0.00016885262,0.0003377192,0.00039008053,0.00016162431,0.00032324862,0.00034629556,0.00011014442,0.00022028884,0.00041727157,0.000115399,0.00023079803
165,0.006310400673473599,0.00037093024944093454,0.0009746941504999995,0.002127383685017457,0.00033015938,0.00015117225,0.0003023445,0.00029840172,0.00014128828,0.00028257657,0.00023079151,0.00010780486,0.00021560972,0.00019374354,8.7081666e-05,0.00017416333
166,0.005844572317341429,0.0008538196635932923,0.0023881166707724333,0.0021199126763106497,0.000550998,0.0005279175,0.0010566105,0.00034067032,0.00021794965,0.0004358993,0.0003163488,0.00018272924,0.0003654585,0.00039507894,0.00026507422,0.00053014845
167,0.0053057362764009075,0.0004614949353344942,0.0012597013264894485,0.002112412189531212,0.00040259643,0.00020458235,0.0004091647,0.00031374607,0.00015616576,0.0003123315,0.00028370996,0.00013562031,0.00027124063,0.00025982794,0.00013348226,0.00026696452
168,0.02554063061740425,0.0006016749065629271,0.0015528267249464989,0.002104882526797657,0.00059967034,0.00018471414,0.00036942828,0.00049917237,0.00025785607,0.00051571213,0.0004665376,0.00017572816,0.0003514563,0.000832673,0.000158115,0.00031623
169,0.007109549081527565,0.0005011669375842829,0.0012209649430587888,0.002097323991403702,0.00042282415,0.00018040379,0.00036080758,0.00033409955,0.00022570061,0.00045140123,0.00027980897,0.000110628345,0.00022125669,0.00023678955,9.3749724e-05,0.00018749945
170,0.002909632715205434,0.0003886297153917663,0.0009920505108311772,0.0020897368878060505,0.00029001944,0.00016480913,0.00032961825,0.0002754052,0.00015330293,0.00030660586,0.00021727986,8.987972e-05,0.00017975945,0.00017020512,8.803345e-05,0.0001760669
171,0.010021540034152393,0.0009350662377915938,0.0024543916806578636,0.002082121521612129,0.000396558,0.0005241756,0.0010483512,0.00036418464,0.00030433328,0.00060866657,0.0002607697,0.0001881895,0.000376379,0.00025730598,0.00021049753,0.00042099506
172,0.017234201219663115,0.0008245882201567828,0.002361015183851123,0.0020744781995677775,0.001003868,0.00036426177,0.0007286415,0.0005389251,0.00024593816,0.00049187633,0.00052525214,0.00023891579,0.00047783158,0.00079789443,0.00033133294,0.0006626659
173,0.011129919388454704,0.0004431120299286935,0.001214273739606142,0.0020668072295448934,0.00048027837,0.00018643824,0.00037287647,0.00038097685,0.00015161851,0.00030323703,0.00034906215,0.00012681396,0.00025362792,0.00035342775,0.00014226613,0.00028453226
174,0.0037621466694982976,0.000340683156974101,0.0009036622941493988,0.0020591089205290306,0.0003162673,0.00013818049,0.00027636098,0.00029893388,0.00012856006,0.00025712012,0.0002269342,0.00011741818,0.00023483636,0.00018143882,6.767241e-05,0.00013534482
175,0.0014706351407278325,0.0003281898401929698,0.0009367833845317364,0.002051383582606954,0.00026096372,0.00011503685,0.0002300737,0.00025459027,0.00011172642,0.00022345284,0.00021682294,0.00014452019,0.00028904038,0.00017964943,9.7108255e-05,0.00019421651
176,0.0025838722573570286,0.0003561640668725602,0.0009420619462616742,0.0020436315269541485,0.0002803912,0.00013549883,0.00027099767,0.00026933997,0.00013718588,0.00027437176,0.00020904733,0.00010647927,0.00021295853,0.00015996807,9.186696e-05,0.00018373392
177,0.018252442335322278,0.0020291296284028633,0.0054876115173101425,0.0020358530658222854,0.0006675424,0.001600572,0.0032012095,0.00042031702,0.00045434074,0.0009086815,0.00038656354,0.0003524291,0.0007048582,0.00046394079,0.00033643105,0.0006728621
178,0.008041154730981616,0.0005806691011992687,0.0015772748738527298,0.0020280485125266446,0.0011562266,0.00024516482,0.00049032964,0.00047924972,0.00020071471,0.00040142942,0.00036594569,0.00013503182,0.00027006364,0.00031798295,0.00020772612,0.00041545217
179,0.012727355077823037,0.0005935356993222839,0.0015645974781364202,0.002020218181433496,0.0005833404,0.0002631572,0.00052687584,0.00038017903,0.00021527967,0.00043055933,0.00036791645,0.00013326343,0.00026652685,0.00043383715,0.00017031774,0.00034063548
180,0.011073080369018964,0.0007311949414129407,0.0019416112918406725,0.0020123623879474326,0.00065702666,0.0005718796,0.0011437592,0.00039480883,0.00017532332,0.00035064665,0.00032330072,0.00011299254,0.00022598507,0.0004365836,0.000110610126,0.00022122025
181,0.008317808577500453,0.000537444623629289,0.0013286205939948559,0.0020044814484986716,0.0005705345,0.00021729092,0.00043458183,0.00034028396,0.00022884617,0.00045769234,0.00026581096,0.0001276659,0.0002553318,0.00025404745,9.0507325e-05,0.00018101465
182,0.009454318108478185,0.00037687923674373653,0.0009693026077002287,0.001996575680530305,0.00041778755,0.00016713634,0.00033427268,0.00031732963,0.00014437613,0.00028875226,0.00023653408,9.2530056e-05,0.00018506011,0.00022425983,8.060875e-05,0.0001612175
183,0.005322565788644543,0.00040537102492465887,0.001013861852698028,0.0019886454024855126,0.00035290208,0.00018150553,0.00036301106,0.00030434344,0.0001626351,0.0003252702,0.0002302707,8.6974134e-05,0.00017394827,0.0001939586,7.581618e-05,0.00015163235
184,0.0027865703643923383,0.00033017572290890384,0.0008903378620743752,0.001980690933794739,0.00029742706,0.00012684426,0.00025368851,0.0002640334,0.000120392615,0.00024078523,0.00019038164,7.872974e-05,0.00015745948,0.00015985864,0.00011920232,0.00023840464
185,0.010134486035012139,0.0017194871082223168,0.006145059131085873,0.001972712594862823,0.00033070575,0.00032783422,0.0006578925,0.00028643874,0.0002821869,0.0005643738,0.00029763865,0.00041689575,0.0008337915,0.00038201822,0.0020445006,0.004089001
186,0.01368206692345134,0.00046887391854637576,0.0012215583119541407,0.001964710707056093,0.00046488387,0.00020511019,0.00041022038,0.00039129512,0.00017604599,0.00035209197,0.00037952172,0.000118815304,0.00023763061,0.00062806107,0.00011080773,0.00022161545
187,0.0059227646140956255,0.00038906908333107286,0.0010102407541126013,0.0019566855926894233,0.00037277327,0.00018035133,0.00036070266,0.00030738566,0.00014327269,0.00028654537,0.00028738286,9.097595e-05,0.0001819519,0.00028725946,9.052039e-05,0.00018104078
188,0.004907320973354845,0.00033308658334950186,0.0008663265616632998,0.00194863757501325,0.00031721525,0.00015477597,0.00030955195,0.00025567092,0.0001224626,0.0002449252,0.00019611063,8.3883235e-05,0.00016776647,0.00017222844,7.204147e-05,0.00014408294
189,0.011400868111694752,0.000774867852667029,0.002099767094478011,0.0019405669782005524,0.00046402615,0.00054774916,0.0010955816,0.00033381503,0.00019403125,0.0003880625,0.00026480216,0.00014611651,0.00029223302,0.0003185854,0.00016194503,0.00032389007
190,0.013057172004581336,0.0005427604120764395,0.0014031777391210198,0.0019324741273337924,0.00070797274,0.00028455272,0.00056910544,0.00039499233,0.00019072593,0.00038145186,0.00034262126,0.00012606691,0.00025213382,0.00045971715,0.0001002433,0.0002004866
191,0.004718498296983502,0.00036606093623222806,0.000922895036637783,0.0019243593483918237,0.00038032877,0.00014559196,0.0002911839,0.0003150137,0.00015106676,0.00030213353,0.00023175853,8.416776e-05,0.00016833552,0.00020519609,8.0621045e-05,0.00016124209
192,0.006546515643811553,0.00043225523185271177,0.001126689836382866,0.0019162229682367585,0.00070047705,0.00025775295,0.00051551644,0.00036896006,0.00013782711,0.00027565422,0.00026471476,8.495147e-05,0.00016990294,0.00034166928,8.280812e-05,0.00016561623
193,0.0036091710946149834,0.0003502480908242521,0.0009211568394675851,0.0019080653146008025,0.0003079801,0.00015284447,0.00030568894,0.0002649094,0.00012840657,0.00025681313,0.0001812554,7.88963e-05,0.0001577926,0.00014698363,0.000100431076,0.00020086215
194,0.01111659242074217,0.0014659877690892766,0.0038471282459795475,0.001899886716073056,0.0004155615,0.00041029757,0.00082059513,0.00030470124,0.00061422103,0.0012284421,0.00027772217,0.00029779642,0.00059559284,0.0003099696,0.0006012491,0.0012024982
195,0.019880126224983363,0.000480984897216886,0.001251965295523405,0.0018916875020862736,0.00083426054,0.00028844088,0.00057688175,0.00046507345,0.00015347387,0.00030694774,0.00045947294,9.66082e-05,0.0001932164,0.00064663944,8.74597e-05,0.0001749194
196,0.006876616085904709,0.0004540828283267952,0.0011370631400495768,0.0018834680029036004,0.00043966377,0.00018008157,0.00036016313,0.00036068299,0.00019033346,0.00038066693,0.00024378291,0.000111332774,0.00022266555,0.0002274287,8.6783744e-05,0.00017356749
197,0.003795184517547367,0.0003137948052586777,0.0008030892349779606,0.0018752285496052643,0.0003153545,0.0001286209,0.0002572418,0.0002831892,0.00012496642,0.00024993284,0.0002241012,7.796919e-05,0.00015593838,0.00021294119,6.998809e-05,0.00013997618
198,0.0037397140565052505,0.00042934349573500236,0.0011699855094775558,0.001866969474075243,0.0002894358,0.00015982,0.00031967153,0.00025021296,0.00015901605,0.0003180321,0.00017524112,0.00017503039,0.00035006079,0.00014256235,9.111052e-05,0.00018222105
199,0.002237561402010223,0.00039059443813392516,0.000986333005130291,0.0018586911089878947,0.0002633605,0.00017720215,0.0003544043,0.000258806,0.00015343004,0.00030686008,0.00018471331,8.941693e-05,0.00017883386,0.00014779562,7.311738e-05,0.00014623476
200,0.0038922361082114917,0.00028004001141567115,0.0007112554740160704,0.0018503937877945573,0.0002957933,0.00011801801,0.00023603602,0.00025452615,0.00011171274,0.00022342548,0.0001755832,6.330065e-05,0.0001266013,0.00016109383,6.259633e-05,0.00012519266
201,0.0012076970187621175,0.00025381209017762265,0.0006360957631841302,0.0018420778447101197,0.00023264572,9.924931e-05,0.00019849859,0.0002183229,0.00010676749,0.00021353498,0.00015170284,6.339821e-05,0.00012679643,0.00012269762,4.8632868e-05,9.7265736e-05
202,0.0011809634294297532,0.0006042027957118946,0.0013079755008220673,0.0018337436146995555,0.00022638997,0.00016301397,0.00032602795,0.00023495404,0.00033718045,0.0006743609,0.00017253349,9.02953e-05,0.0001805906,0.000143916,6.3498024e-05,0.00012699605
203,0.017571857552754602,0.0007030081047389136,0.0019345078617334366,0.0018253914334644356,0.0004895915,0.00032959148,0.0006592584,0.00035225062,0.00022611268,0.00045222536,0.00032956304,0.00018815568,0.00037631136,0.000597025,0.00022335637,0.00044671274
204,0.024097088006084847,0.0006037881240676048,0.0016202102415263653,0.001817021637429401,0.0010546929,0.00022412222,0.00044824445,0.0004793053,0.00022787612,0.00045575225,0.00045653284,0.00018817843,0.00037635685,0.00074610056,0.00016992837,0.00033985675
205,0.00876153733463314,0.0005540397823416456,0.0014865766279399395,0.0018086345637286162,0.0005209616,0.00024319683,0.00048639366,0.0003767078,0.00019313162,0.00038626324,0.0002560301,0.00011489993,0.00022979986,0.0002417994,0.00019205987,0.00038411975
206,0.004233800542084499,0.0003265714741420707,0.0008409882429987192,0.0018002305501921877,0.00034873784,0.00014264115,0.0002852823,0.0002848561,0.00012569978,0.00025139956,0.00023231974,8.335469e-05,0.00016670937,0.00022894697,6.8798516e-05,0.00013759703
207,0.0025314784224796183,0.00035108626509278216,0.001035577617585659,0.001791809935332554,0.00026720628,0.00012435896,0.00024871793,0.00023393717,0.00011119832,0.00022239664,0.0001752858,0.00019089524,0.00038179048,0.0001489376,9.133627e-05,0.00018267253
208,0.004802246700801467,0.0002866894847286266,0.0007338094874285161,0.0017833730583308545,0.0002955591,0.000137727,0.000275454,0.00026216925,0.00010703301,0.00021406602,0.00020045252,6.475387e-05,0.00012950774,0.00016600659,5.7390855e-05,0.00011478171
209,0.0028610535341459615,0.0003050729936073409,0.0007209001923911273,0.0017749202590232648,0.00025481416,0.000104521874,0.00020904375,0.00024435186,0.00014557123,0.00029114247,0.00018710094,6.1895094e-05,0.00012379019,0.00015421957,4.84619e-05,9.69238e-05
210,0.013807539502855775,0.00047638474240328815,0.0012782271951436996,0.0017664518778873078,0.0004981914,0.00022173127,0.00044346254,0.00037048178,0.00016410038,0.00032820075,0.0003066725,0.00013521836,0.00027043672,0.00036119134,0.00011806361,0.00023612722
211,0.013435468889792744,0.0006119047192270769,0.0016174772754311562,0.0017579682560281413,0.00088997174,0.00033262023,0.00066527183,0.00042271757,0.00019977812,0.00039955624,0.000346023,0.00013274577,0.00026549154,0.00045981063,0.00014357883,0.00028715766
212,0.00674957904600621,0.0005817360705942776,0.001577527029439807,0.0017494697351648166,0.00058916665,0.00025962983,0.00051925966,0.0003670976,0.0001975453,0.0003950906,0.00028727928,0.00014042616,0.0002808523,0.000369863,0.00019116221,0.00038232442
213,0.003254933942278526,0.0004395807515610982,0.0012315819039940834,0.0017409566576165156,0.00032859086,0.00021971579,0.00043943158,0.00026648797,0.00013282498,0.00026564996,0.00020242343,0.0001604613,0.0003209226,0.00017676498,0.00010278889,0.00020557777
214,0.0058536304230654,0.0003163436529558403,0.0007981673115864396,0.001732429366288759,0.00033172648,0.00012411643,0.00024823286,0.00025361736,0.00013117777,0.00026235555,0.0001839909,7.6812525e-05,0.00015362505,0.00016233177,6.697692e-05,0.00013395384
215,0.0028813923632646002,0.0004236748015048758,0.0009560465114191175,0.0017238882046595996,0.00026153948,0.00011808204,0.00023616408,0.00021945023,0.00022411671,0.00044823342,0.00016663714,7.470419e-05,0.00014940838,0.00013370664,6.1120314e-05,0.00012224063
216,0.0023478515245836285,0.00029089943521955967,0.0007465641829185188,0.0017153335167657826,0.00023658751,0.00015643216,0.00031286431,0.00022605322,0.000102237864,0.00020447573,0.0001648053,6.199475e-05,0.0001239895,0.00012978795,5.261731e-05,0.00010523462
217,0.000646691434948691,0.0002849181472171778,0.0007249589543789625,0.0017067656471888874,0.00020749953,9.82779e-05,0.0001965558,0.00020032305,0.00012152766,0.00024305531,0.00014457184,8.116176e-05,0.0001623235,0.00011693645,6.151217e-05,0.00012302434
218,0.0005460851131645094,0.00025685059898870085,0.000636728189419955,0.0016981849410414524,0.00019258972,9.917893e-05,0.00019835785,0.00019187591,0.00011004361,0.00022008723,0.00013282696,5.5468685e-05,0.00011093737,9.840343e-05,5.367284e-05,0.00010734568
219,0.0005018443733037995,0.0002767205623285972,0.0006840639980509877,0.00168959174395307,0.00017646526,8.953079e-05,0.00017906158,0.00018992487,0.00012593507,0.00025187014,0.00013204057,7.679383e-05,0.00015358767,0.0001009415,4.9772338e-05,9.9544675e-05
220,0.00048037169652660554,0.00025396490455145123,0.0006308011361397803,0.0016809864020564658,0.00017609035,0.00010541986,0.00021083972,0.00017860274,0.00010630333,0.00021260665,0.00012578341,5.989946e-05,0.00011979892,0.00010377301,4.377792e-05,8.755584e-05
221,0.00046577420683051606,0.0002688510248187333,0.0007020949851721525,0.0016723692619735563,0.00017127262,0.00012449881,0.00024899762,0.00018263793,9.732844e-05,0.00019465688,0.00012258915,5.465049e-05,0.00010930098,0.00010151254,7.4569776e-05,0.00014913955
222,0.0004417527144057818,0.0002497578574617147,0.0006184433586895466,0.0016637406708014876,0.00016531769,9.510602e-05,0.00019021204,0.00017112149,0.00010805203,0.00021610406,0.00011825567,6.032405e-05,0.0001206481,9.385534e-05,4.573959e-05,9.147918e-05
223,0.00045403559786468206,0.0002503602351794934,0.0006290004239417613,0.0016551009760986547,0.00018543022,0.00012910942,0.00025821885,0.00017396286,9.370796e-05,0.00018741592,0.00011948832,4.9956318e-05,9.9912635e-05,9.498429e-05,4.1726507e-05,8.3453015e-05
224,0.0004375409218733598,0.00023240180824078563,0.000586177920922637,0.0016464505258706992,0.00017138006,9.719423e-05,0.00019438846,0.00016581795,9.41825e-05,0.000188365,0.0001191423,5.2359235e-05,0.00010471847,0.0001003922,4.9353013e-05,9.870603e-05
225,0.0004235509257355341,0.0002559391195940877,0.0006866835174150765,0.001637789668556496,0.00015979362,0.00010222269,0.00020444539,0.0001684835,9.3733936e-05,0.00018746787,0.00011388833,7.170414e-05,0.00014340828,9.2806804e-05,7.568098e-05,0.00015136196
226,0.0004289459358243808,0.0002349529599328129,0.0006224401295185089,0.0016291187530141145,0.00015566983,7.7432334e-05,0.00015486467,0.00017394706,9.372132e-05,0.00018744264,0.00011399326,6.2922205e-05,0.00012584441,9.821514e-05,7.714421e-05,0.00015428841
227,0.000420532924999088,0.0002349524167287618,0.0005879848613403738,0.001620438128506768,0.0001631401,0.00010717096,0.00021434193,0.00016325536,9.349159e-05,0.00018698318,0.00011196594,5.0239196e-05,0.00010047839,0.0001003211,4.3090655e-05,8.618131e-05
228,0.0004079457924685326,0.00025266944286330876,0.0006434720708057284,0.0016117481446887467,0.00016064181,7.325466e-05,0.00014650932,0.00015999611,0.00011300036,0.00022600072,0.00011010264,8.475189e-05,0.00016950378,9.05277e-05,5.072911e-05,0.00010145822
229,0.00040595765418132497,0.00021710140199020453,0.0005586692132055759,0.0016030491515913311,0.00015749989,7.656809e-05,0.00015313618,0.00016057274,9.007888e-05,0.00018015776,0.00010990374,6.073968e-05,0.00012147936,9.163752e-05,5.194797e-05,0.00010389594
230,0.0003896829311878063,0.00024531129308036424,0.0005684432690031826,0.0015943414996086951,0.0001553233,6.929228e-05,0.00013858455,0.00015394122,0.00012517587,0.00025035173,0.000101775186,4.684493e-05,9.368986e-05,8.527459e-05,4.290857e-05,8.581714e-05
231,0.0004022888963222769,0.0002683588969685339,0.0006095933495089412,0.0015856255394837903,0.0001467259,6.268151e-05,0.00012536302,0.00016352047,0.00014492817,0.00028985634,0.00010671091,5.002997e-05,0.00010005994,9.07952e-05,4.715704e-05,9.431408e-05
232,0.00040018347976637265,0.0002386231632127079,0.0006713446928188205,0.0015769016222942204,0.00015150999,7.979353e-05,0.00015958706,0.00016059434,8.505556e-05,0.00017011112,0.00010608918,9.8281314e-05,0.00019656263,9.085664e-05,7.254194e-05,0.00014508388
233,0.00037578842585384237,0.00022703538263421814,0.000574808509554714,0.0015681700994380973,0.00014420097,0.00012006978,0.00024013956,0.00014816671,8.2847095e-05,0.00016569419,0.00010279649,4.850069e-05,9.700138e-05,8.649458e-05,3.598669e-05,7.197338e-05
234,0.00038675200516977414,0.00024364638634408314,0.000573959609027952,0.0015594313226198883,0.00014751332,8.049244e-05,0.00016098488,0.00015566479,0.00011771006,0.00023542011,9.7623735e-05,4.809477e-05,9.618954e-05,9.009852e-05,4.068253e-05,8.136506e-05
235,0.04453653141815153,0.0015324514723748855,0.004558347165584564,0.00155068564383625,0.0011709916,0.0007181685,0.001436337,0.0005409414,0.0003876404,0.0007752808,0.00054487167,0.00037763696,0.0007552739,0.0010338183,0.0007957278,0.0015914557
236,0.024059444111958123,0.0006850906386665573,0.0018390676705166698,0.0015419334153618475,0.001094125,0.00038337894,0.0007667579,0.00059332,0.00021265085,0.0004253017,0.0004777081,0.00016733524,0.00033467048,0.0005965944,0.00015616878,0.00031233756
237,0.013627040648865593,0.00041334534037587627,0.0010712940711528063,0.0015331749897351688,0.0005985962,0.00020988676,0.0004197735,0.00037918641,0.00014656826,0.00029313652,0.00029463568,9.385274e-05,0.00018770547,0.00033566615,8.533929e-05,0.00017067858
238,0.00664291421140014,0.00041580523250482084,0.0011160913854837418,0.0015244107197443207,0.00035347595,0.00020133167,0.00040266334,0.00025744905,0.00013996034,0.00027992067,0.00019383017,0.00010891448,0.00021782896,0.00017562722,0.00010783923,0.00021567846
239,0.013266986332392807,0.00045623495035834505,0.0012410804629325867,0.0015156409584128195,0.00041756593,0.00020799703,0.00041600343,0.00030726104,0.00015227057,0.00030454114,0.00029221512,0.00010962259,0.00021924518,0.0004179992,0.00015064534,0.00030129068
240,0.0069208531192122575,0.0002927953609052373,0.0007321450393646955,0.0015068660589853747,0.0005268479,0.00011767721,0.00023535443,0.0003045954,0.00012213175,0.0002442635,0.00023641803,6.537608e-05,0.00013075216,0.00023017082,6.088747e-05,0.00012177494
241,0.005175966171541303,0.0002894846862985848,0.0007513145683333278,0.001498086374913654,0.00031688393,0.00013740217,0.00027480433,0.00024695214,0.00010597187,0.00021194374,0.00021465326,7.310294e-05,0.00014620589,0.0001859177,5.9180315e-05,0.00011836063
242,0.0057619144737400645,0.000266927757682924,0.0006802655989304185,0.001489302259842053,0.00032650083,0.00011957967,0.00023915934,0.00024913822,0.00010393884,0.00020787767,0.00019634771,6.866224e-05,0.00013732447,0.00018903431,4.7952042e-05,9.5904084e-05
243,0.004833370063173657,0.0002453651313108529,0.0006185468519106507,0.0014805140675934448,0.00024701562,0.000103695915,0.00020739183,0.00021417774,9.929797e-05,0.00019859594,0.00016011015,5.7261306e-05,0.00011452261,0.00015781182,4.9018254e-05,9.803651e-05
244,0.0047076236020022885,0.000608927116874901,0.0017500417307019234,0.0014717221521549323,0.00033779183,0.000257797,0.000515594,0.00023546861,0.00018123437,0.00036246874,0.00019244527,0.00014217736,0.00028435473,0.00031073263,0.0002938121,0.0005876242
245,0.009888567447450685,0.00048329943833288564,0.0012824606383219361,0.0014629268676635875,0.00038828945,0.00020451227,0.00040902453,0.0002862318,0.00017655239,0.00035310478,0.00025862228,0.00012005191,0.00024010382,0.0003647454,0.00014011376,0.0002802275
246,0.003750353311797152,0.0003802248248357073,0.0009534554556012154,0.0014541285683921867,0.00025482493,0.00015178065,0.0003035613,0.00022112613,0.00015795378,0.00031590756,0.00016118889,8.201569e-05,0.00016403139,0.00014202161,8.497759e-05,0.00016995518
247,0.005322233734194266,0.0003282826639735525,0.0008598181884735823,0.0014453276087349417,0.00029418696,0.00015402382,0.00030804763,0.0002458354,0.00011861772,0.00023723544,0.0001593158,8.6328786e-05,0.00017265757,0.00014072953,7.093877e-05,0.00014187754
248,0.001982893528780427,0.00023630913868516343,0.0006083915359340608,0.0014365243431932251,0.0002556368,0.00010021726,0.00020043452,0.00020948201,9.244797e-05,0.00018489594,0.00014221083,6.763237e-05,0.00013526474,0.00012295488,4.3898155e-05,8.779631e-05
249,0.0005302780525019024,0.00021677236280792994,0.0005277702584862709,0.0014277191263612887,0.00017538812,7.689646e-05,0.00015379292,0.00016856693,9.8357545e-05,0.00019671509,0.000114569506,5.1998788e-05,0.000103997576,8.560398e-05,3.6632333e-05,7.3264666e-05
250,0.00043390009544168947,0.0002137541557976798,0.0005260654725134373,0.0014189123129119826,0.00015706105,8.432546e-05,0.00016865092,0.00016336332,9.222434e-05,0.00018444868,0.000110706744,4.747134e-05,9.494268e-05,8.721384e-05,3.9011575e-05,7.802315e-05
251,0.0014098783930470969,0.0005622449965562088,0.0015449055936187506,0.0014101042575824683,0.00017262509,0.00030240061,0.00060480123,0.00016226765,0.00016689987,0.00033379975,0.00011506501,0.0001225061,0.0002450122,0.00010374104,0.00018064622,0.00036129245
252,0.007346738609110056,0.0008102671464470183,0.0021642951760441065,0.0014012953151599304,0.0004588368,0.00030385156,0.0006077031,0.0002952211,0.0003042862,0.0006085724,0.0002862595,0.00019524377,0.00039048755,0.00041371537,0.00027876606,0.0005575321
253,0.014348329500965581,0.0004604336760565951,0.0011616979027166963,0.0013924858404672845,0.000523461,0.00020736232,0.00041472464,0.00037712278,0.0001817487,0.0003634974,0.00032622818,0.0001066802,0.0002133604,0.00044406974,8.5057756e-05,0.00017011551
254,0.005184510855364743,0.00027527845019416125,0.0006746416329406202,0.0013836761883488876,0.00028592045,0.00011713315,0.0002342663,0.00024182748,0.000116686526,0.00023337305,0.00016206887,5.9396094e-05,0.00011879219,0.00014446201,4.410505e-05,8.82101e-05
255,0.0020737197968610094,0.00024948811888652565,0.0005992443184368312,0.0013748667136562422,0.0002549396,9.752249e-05,0.00019504498,0.00019212544,0.00011207877,0.00022415754,0.00012788847,5.003426e-05,0.00010006852,0.00010496008,3.9986633e-05,7.9973266e-05
256,0.0017406949128553231,0.0002832114702028994,0.0007009339169599116,0.001366057771233704,0.00020266038,0.00010759449,0.00021518898,0.0001763238,0.0001222233,0.0002444466,0.000116478965,6.0419177e-05,0.000120838355,9.3681025e-05,6.0230002e-05,0.000120460005
257,0.0011904527259799424,0.00022144626090713908,0.000547004456166178,0.0013572497159041895,0.0001885383,9.555755e-05,0.0001911151,0.00017320088,9.2091e-05,0.000184182,0.00011722483,4.719141e-05,9.438282e-05,0.000100661106,3.8662263e-05,7.732453e-05
258,0.00047067700380012446,0.00028394906300797056,0.0006202480290085077,0.0013484429024548832,0.00015191566,7.227911e-05,0.00014455822,0.00015331303,0.00015836766,0.00031673533,0.000103507766,4.4888653e-05,8.9777306e-05,7.870589e-05,3.4588596e-05,6.917719e-05
259,0.00042911923790375984,0.00020098880155833032,0.0004992880276404321,0.001339637685622947,0.00014282105,8.726202e-05,0.00017452404,0.00016342314,8.269309e-05,0.00016538618,9.974525e-05,4.509089e-05,9.018178e-05,8.124845e-05,3.459803e-05,6.919606e-05
260,0.0003933652194758344,0.00027361266840457177,0.0007031165296211839,0.0013308344200812304,0.00015062849,0.000101002384,0.00020200477,0.00014958979,0.00011139842,0.00022279684,9.955877e-05,6.143687e-05,0.00012287374,7.687568e-05,7.772057e-05,0.00015544114
261,0.00037841788353721857,0.0002419146905956065,0.000601543637458235,0.0013220334604239856,0.00014172841,6.992742e-05,0.00013985483,0.00014509087,0.00011134178,0.00022268356,9.534014e-05,5.9659593e-05,0.000119319186,7.6760225e-05,5.984303e-05,0.00011968606
262,0.0003762076349944644,0.0002036908394504125,0.0005070450133644044,0.0013132351611525853,0.000144759,8.759542e-05,0.00017519084,0.00014497896,8.360192e-05,0.00016720383,9.751189e-05,4.2995052e-05,8.5990105e-05,7.812631e-05,3.9330098e-05,7.8660196e-05
263,0.00036449801096239456,0.0002157449138161997,0.0005194094846956432,0.0013044398766612402,0.0001472897,7.7367855e-05,0.00015473571,0.00013752289,9.933047e-05,0.00019866094,9.530603e-05,5.0836115e-05,0.00010167223,7.849134e-05,3.2170316e-05,6.434063e-05
264,0.0003540410598166032,0.0001798388937507066,0.0004629555915016681,0.0012956479612227277,0.0001335768,6.53463e-05,0.0001306926,0.00014038835,7.352798e-05,0.00014705597,9.295631e-05,4.3797463e-05,8.7594926e-05,7.612924e-05,4.8806043e-05,9.761209e-05
265,0.0003438244588346522,0.00024517949634715933,0.0006149627733975649,0.0012868597689741194,0.00013011831,6.744457e-05,0.00013488914,0.00013604642,0.00011219815,0.0002243963,9.1181435e-05,5.752419e-05,0.00011504838,7.499713e-05,7.031448e-05,0.00014062897
266,0.00035452410904470366,0.00020334476366030908,0.0005269914981909096,0.0012780756539025181,0.00013873921,8.137017e-05,0.00016274034,0.00014003343,7.986094e-05,0.00015972188,9.373231e-05,5.3994834e-05,0.00010798966,7.709541e-05,4.8269816e-05,9.653963e-05
267,0.0003528156060150525,0.00019080696384228446,0.0004828374367207289,0.001269295969830798,0.00012554109,6.536867e-05,0.00013073735,0.00014442006,8.153669e-05,0.00016307338,9.429906e-05,4.1262592e-05,8.2525185e-05,7.830029e-05,5.3250747e-05,0.000106501495
268,0.0003322407148859348,0.000187834683061662,0.0004594548372551799,0.0012605210704033521,0.00013156208,7.224634e-05,0.00014449267,0.00012815263,8.2482526e-05,0.00016496505,8.9615074e-05,4.1257197e-05,8.2514394e-05,7.5304844e-05,3.374137e-05,6.748274e-05
269,0.0003398071315753797,0.00023663089296027386,0.000580908905249089,0.0012517513090718516,0.00013384722,0.0001219327,0.00024386641,0.00013251629,9.235539e-05,0.00018471078,9.092552e-05,4.1335155e-05,8.267031e-05,7.702415e-05,3.483071e-05,6.966142e-05
270,0.024299719715388336,0.0007557461909769811,0.0021124789491295815,0.0012429870390810033,0.0010085886,0.0003835358,0.0007670769,0.0005039196,0.00022421849,0.00044843697,0.0005472389,0.000215474,0.000430948,0.0009136963,0.00023300851,0.00046601702
271,0.015163725524126858,0.000354270278070916,0.0008954504737630486,0.0012342286134543246,0.0004972539,0.00017327712,0.0003465809,0.00036981684,0.0001345788,0.0002691576,0.00027457517,7.839491e-05,0.00015678981,0.00027363238,6.146106e-05,0.00012292212
272,0.007382956327324698,0.00048408444114659074,0.0012708770809695125,0.0012254763849799226,0.00029847297,0.00020960833,0.00041921667,0.00024697234,0.00017961267,0.00035922535,0.00019488213,0.00012384195,0.0002476839,0.0001636405,0.00012237561,0.00024475122
273,0.006411593417336108,0.00035656690052160076,0.0009494400583207607,0.0012167307061962838,0.00030976167,0.00013137987,0.00026275974,0.00024846356,0.00013759555,0.0002751911,0.0002011498,0.00011875999,0.00023751998,0.00019983448,8.698463e-05,0.00017396927
274,0.002501531944730288,0.00024244227656001392,0.0006161588244140148,0.0012079919293780752,0.00021125529,0.00010349544,0.00020699088,0.00019260916,9.627746e-05,0.00019255491,0.000140903,5.6790355e-05,0.00011358071,0.00013175723,5.1516174e-05,0.00010303235
275,0.006831825319544601,0.0002748929489025718,0.0006681062513962388,0.0011992604065219517,0.00027220213,0.00011772459,0.00023544917,0.00021505768,0.000117810276,0.00023562055,0.00017599668,5.6809233e-05,0.000113618466,0.00023095589,4.1709056e-05,8.341811e-05
276,0.0006461736324166911,0.0001949460847143399,0.0004882682696916163,0.0011905364893323818,0.00016540448,7.283959e-05,0.00014567918,0.00016232823,8.342206e-05,0.00016684413,0.00010829716,5.195669e-05,0.00010391338,8.332905e-05,3.5915782e-05,7.1831564e-05
277,0.0013948302372193576,0.00028593472786732485,0.0007136379717849195,0.0011818205292074774,0.00014381357,8.380142e-05,0.00016760283,0.00015079971,0.00013112543,0.00026225086,0.00011021088,8.196767e-05,0.00016393534,8.47525e-05,5.9924467e-05,0.00011984893
278,0.006129034781573583,0.00023472695201828502,0.0005979737616144121,0.001173112877224841,0.00029507466,7.985589e-05,0.00015971178,0.0002192284,0.00010040775,0.0002008155,0.00015425394,6.9129404e-05,0.00013825881,0.00018880842,4.959382e-05,9.918764e-05
279,0.002202200304921385,0.00026150880916177196,0.0006569561664946377,0.0011644138841274256,0.00021076479,7.169916e-05,0.00014339833,0.00018134144,0.00011865238,0.00023730476,0.000117127136,4.85763e-05,9.71526e-05,0.00010662152,8.9550245e-05,0.00017910049
280,0.0034116314343685212,0.00025681426755583134,0.0005949342157691717,0.001155723900309404,0.00020314474,7.076527e-05,0.00014153055,0.00018887255,0.00013168725,0.0002633745,0.00013287678,4.9076014e-05,9.815203e-05,0.00011853052,4.5938552e-05,9.1877104e-05
281,0.0031632910698868957,0.00019086338265659878,0.00048399181105196476,0.0011470432758020578,0.00018590334,7.0664e-05,0.000141328,0.00017419641,8.017369e-05,0.00016034738,0.00013981466,5.2220166e-05,0.00010444033,0.00010616919,3.8938044e-05,7.787609e-05
282,0.0011149695051292882,0.00019941016703384549,0.0004958836361765862,0.0011383723602596762,0.00014709395,6.486561e-05,0.00012973123,0.00015100911,8.949163e-05,0.00017898326,0.00010972559,5.115995e-05,0.0001023199,8.548888e-05,4.2424617e-05,8.4849235e-05
283,0.0023980317232247523,0.00030584637617910726,0.0007939788047224283,0.001129711502945473,0.00020169416,0.000111046975,0.00022209395,0.00017012822,0.00012439783,0.00024879567,0.00014341035,9.6226104e-05,0.00019245221,0.00014163548,6.53185e-05,0.000130637
284,0.002431241252276466,0.00026317100891945256,0.0006626764661632478,0.001121061052717518,0.00021443861,0.00010983693,0.00021967386,0.00018700755,0.000107369335,0.00021473867,0.00015097992,6.429497e-05,0.00012858993,0.00014115099,4.9837e-05,9.9674e-05
285,0.0021897037562735424,0.0004690028208056056,0.0012597632594406605,0.0011124213580146845,0.00017272097,0.00017877188,0.00035754376,0.00016443142,0.00017498732,0.00034997464,0.0001285707,0.00014469727,0.00028939455,0.00010468935,0.00013142519,0.00026285037
286,0.010585060345452047,0.0003550804363433258,0.000999324955046177,0.0011037927668426162,0.0007143265,0.00013967058,0.00027934115,0.00038849952,0.000116398754,0.00023279751,0.0003447867,9.549952e-05,0.00019099904,0.0004989157,0.0001480936,0.0002961872
287,0.011163923263200964,0.0004763418494389256,0.0013214737409725785,0.0010951756267597067,0.00032513018,0.00019923723,0.00039847445,0.00023884271,0.00015750811,0.00031501622,0.00022599808,0.000120183904,0.00024036781,0.00028980663,0.00018380763,0.00036761526
288,0.0020429443380494423,0.00024086351534629696,0.0006195124587975442,0.0010865702848631023,0.00024571875,9.613892e-05,0.00019227785,0.00020111076,9.630916e-05,0.00019261832,0.00015589119,6.7313864e-05,0.00013462773,0.00014336381,4.9994273e-05,9.9988545e-05
289,0.0004897335642925773,0.00020339840344886615,0.0005168051575310528,0.0010779770877747197,0.00016226967,9.024169e-05,0.00018048337,0.00015400574,7.976103e-05,0.00015952205,0.00010849777,4.90197e-05,9.80394e-05,7.987199e-05,3.938015e-05,7.87603e-05
290,0.00040136847695912425,0.00018989060631355,0.00045665906509384513,0.0010693963816272847,0.0001376987,6.329624e-05,0.00012659248,0.00014354252,8.9119705e-05,0.00017823941,0.00010167654,4.3855653e-05,8.7711305e-05,7.326552e-05,3.2057935e-05,6.411587e-05
291,0.00036898139182345145,0.000184419549730553,0.0004564930859487504,0.00106082851205039,0.0001274836,7.2083094e-05,0.00014416619,0.0001399963,7.916776e-05,0.00015833552,9.235325e-05,4.3741802e-05,8.7483604e-05,6.834208e-05,3.3253873e-05,6.6507746e-05
292,0.002692172106646725,0.0006076594603932757,0.0016132384771481156,0.001052273824156572,0.00018128159,0.00033622945,0.0006729018,0.0001676344,0.00019482798,0.00038965596,0.0001310329,0.00013817297,0.00027634593,0.00011087476,0.00013716736,0.0002743347
293,0.004768940974871142,0.0002172700932452728,0.0005477550439536572,0.001043732662527413,0.00037272807,9.348301e-05,0.00018696602,0.00022622642,8.745436e-05,0.00017490872,0.00016325354,5.2139658e-05,0.000104279316,0.00014477517,4.080047e-05,8.160094e-05
294,0.0005248103904970396,0.00020186857910008685,0.0004911029245704412,0.0010352053711996571,0.000149643,6.318712e-05,0.00012637425,0.00014757685,9.4759554e-05,0.00018951911,9.804336e-05,5.2528347e-05,0.00010505669,7.723946e-05,3.5076435e-05,7.015287e-05
295,0.0003900102131988654,0.00017675634392091052,0.00044221244752407074,0.0010266922936513555,0.00013549667,6.516198e-05,0.00013032396,0.00013890186,7.5912816e-05,0.00015182563,9.149041e-05,4.4360906e-05,8.872181e-05,7.033249e-05,3.567053e-05,7.134107e-05
296,0.0003474129209206088,0.00016412448764983425,0.0004138861258979887,0.0010181937727880312,0.00012596484,5.7213732e-05,0.000114427465,0.0001285899,7.0973365e-05,0.00014194673,9.269879e-05,4.7449885e-05,9.489977e-05,7.2028924e-05,3.1306092e-05,6.2612184e-05
297,0.0003318212043765599,0.00017479472523658987,0.0004359562008175999,0.0010097101509288647,0.00012234628,6.1740364e-05,0.00012348073,0.0001296613,7.646222e-05,0.00015292443,8.8159846e-05,4.5296783e-05,9.059357e-05,6.7548506e-05,3.447874e-05,6.895748e-05
298,0.00032007682125432667,0.000154716725772612,0.0003840157005470246,0.001001241769792908,0.000117238196,5.203789e-05,0.00010407578,0.000124306,6.912763e-05,0.00013825526,8.691737e-05,4.0376286e-05,8.075257e-05,6.925686e-05,3.0466044e-05,6.093209e-05
299,0.00031597069204846714,0.00018038456058596335,0.0004604813875630498,0.000992788970485318,0.000117411866,8.2417755e-05,0.00016483551,0.00012410666,6.905872e-05,0.00013811744,8.155376e-05,3.965565e-05,7.93113e-05,6.416011e-05,3.9108556e-05,7.821711e-05
300,0.00030656474206305873,0.00017307824223264124,0.0004509236023295671,0.0009843520934836182,0.00011542419,6.195466e-05,0.00012390933,0.00012052421,7.0620335e-05,0.00014124067,8.0112826e-05,6.125147e-05,0.00012250294,6.384527e-05,3.1635343e-05,6.327069e-05
301,0.00030912542431565666,0.00017645975512721928,0.00043154036393389106,0.0009759314786239848,0.000110856425,7.0239694e-05,0.00014047939,0.0001267674,7.6728604e-05,0.00015345721,8.2989674e-05,3.8762468e-05,7.7524935e-05,6.53317e-05,3.0039424e-05,6.0078848e-05
302,0.00029959660161320273,0.00015808782323312263,0.000396657211240381,0.0009675274650875555,0.00011442752,5.9050613e-05,0.00011810123,0.00012157603,6.748394e-05,0.00013496788,7.819172e-05,4.2819323e-05,8.563865e-05,6.29111e-05,2.8974726e-05,5.794945e-05
303,0.00031062343625789287,0.00016097376008413766,0.0004012982244603336,0.0009591403913867713,0.000107859996,5.6819183e-05,0.000113638365,0.000120545155,7.066463e-05,0.00014132926,8.110594e-05,4.462713e-05,8.925426e-05,6.430617e-05,2.8538167e-05,5.7076333e-05
304,0.0002847471980113668,0.00014873635721891637,0.0003701024397742003,0.000950770595351737,0.00010103012,4.826087e-05,9.652174e-05,0.00011738345,6.670745e-05,0.0001334149,7.9665035e-05,3.7951e-05,7.5902e-05,6.27613e-05,3.2131895e-05,6.426379e-05
305,0.00028571350443431864,0.0002119967208615788,0.0004960558144375682,0.0009424184141166166,0.000106813946,7.7445904e-05,0.00015489181,0.00011441359,0.000100948724,0.00020189745,7.689262e-05,4.1479343e-05,8.2958686e-05,6.104159e-05,2.8153916e-05,5.6307832e-05
306,0.0002887617710766402,0.00017632302046830277,0.00046219152864068747,0.0009340841841060531,0.000114114206,6.202027e-05,0.00012404054,0.00011415895,7.024047e-05,0.00014048094,7.6605356e-05,4.2566735e-05,8.513347e-05,6.376737e-05,5.6268276e-05,0.00011253655
307,0.0002798944951262922,0.00017841936540720683,0.0004470860294532031,0.0009257682410216149,0.00010066099,7.4559175e-05,0.00014911835,0.00011392937,7.309531e-05,0.00014619062,7.6804354e-05,3.8277336e-05,7.655467e-05,6.5978136e-05,3.761119e-05,7.522238e-05
308,0.00028311809745017836,0.00017836563614408304,0.00044302549213171005,0.0009174709198282778,0.00010838676,6.727216e-05,0.00013454432,0.00011533069,7.67391e-05,0.0001534782,7.4090574e-05,3.932952e-05,7.865904e-05,6.0219103e-05,3.8171976e-05,7.634395e-05
309,0.0008870652609106011,0.0002473927354932437,0.0006436528638005257,0.000909192554740929,0.000104312545,0.00010711481,0.00021422961,0.00011617804,9.272839e-05,0.00018545678,7.634079e-05,4.9755476e-05,9.951095e-05,6.4037544e-05,7.222778e-05,0.00014445555
310,0.027022787019367955,0.00047112370311628443,0.0012576584704220295,0.000900933479210908,0.0010006941,0.00019885995,0.0003977199,0.0004906357,0.00016990768,0.00033981536,0.00034221835,0.00011553505,0.0002310701,0.00049945957,0.00014452652,0.00028905304
311,0.007939774885280953,0.0004678917067121867,0.001341422088444233,0.0008926940259125717,0.00037567088,0.00020133767,0.00040267533,0.00026198154,0.0001439938,0.0002879876,0.00023814812,0.00018785131,0.00037570263,0.00026155487,0.0001375283,0.0002750566
312,0.0024323129440493745,0.00024690596753312936,0.000621201004832983,0.0008844745267298982,0.00021319644,0.00011798864,0.00023597728,0.0001766704,9.5694275e-05,0.00019138855,0.00014877172,5.649748e-05,0.00011299496,0.00013081757,4.0420102e-05,8.0840204e-05
313,0.0006066955069221963,0.0002308077156036651,0.0005895721260458231,0.0008762753127431165,0.00013771397,8.334312e-05,0.00016668624,0.00013843666,9.613116e-05,0.00019226232,0.00010030528,5.949317e-05,0.00011898634,7.728908e-05,5.581863e-05,0.00011163726
314,0.004425548912406725,0.00018769330645971013,0.00047636666567996144,0.0008680967142153694,0.0002135693,6.453213e-05,0.00012906425,0.00017939064,8.038264e-05,0.00016076528,0.00014430586,5.1663043e-05,0.000103326085,0.00016425278,4.1605523e-05,8.3211045e-05
315,0.0025575628347133694,0.00037598938436018097,0.0010742220329120755,0.0008599390605794139,0.00015504209,0.00011373413,0.00022746826,0.00014365291,0.00013125011,0.00026250022,0.00011173808,0.00012572498,0.00025144996,0.00011301524,0.00016640179,0.00033280358
316,0.0048017349530483375,0.0003240950793695277,0.0009646127000451088,0.0008518026804243484,0.0002192533,8.9988265e-05,0.00017997653,0.00017858401,0.000106461535,0.00021292307,0.00016192273,0.00014669287,0.00029338573,0.00016982497,0.00013916368,0.00027832735
317,0.0015764158250283463,0.00018816381379505574,0.0004683390725404024,0.0008436879014823797,0.000163551,7.424906e-05,0.00014849812,0.00015107956,7.978753e-05,0.00015957507,0.00011783314,4.505009e-05,9.010018e-05,0.000103560466,3.508287e-05,7.016574e-05
318,0.000546857390936591,0.00021471808073855535,0.0005199672887101769,0.0008355950506156204,0.00012738357,7.49023e-05,0.0001498046,0.00013148789,9.867163e-05,0.00019734327,9.25593e-05,5.115127e-05,0.00010230254,7.053662e-05,3.5258447e-05,7.051689e-05
319,0.0013595206991508354,0.00018060624541570098,0.0004425905062817037,0.0008275244538029224,0.00015846826,6.622556e-05,0.00013245112,0.00013909853,8.0408325e-05,0.00016081665,9.9125245e-05,4.408699e-05,8.817398e-05,7.66463e-05,3.057437e-05,6.114874e-05
320,0.0005800534826602163,0.0002097783531321316,0.0005238470039330423,0.0008194764361267494,0.00012170411,8.669154e-05,0.00017338309,0.00012653146,8.6922846e-05,0.00017384569,8.5750056e-05,4.6751535e-05,9.350307e-05,6.58925e-05,4.1557574e-05,8.311515e-05
321,0.003725211027644808,0.00031721148554175857,0.0008492762572132051,0.0008114513217600791,0.00025901114,0.00015778845,0.0003155769,0.0001756183,0.00010588042,0.00021176084,0.00013249437,8.0524434e-05,0.00016104887,0.0001775647,8.0444814e-05,0.00016088963
322,0.0013702400806308646,0.00018649913971497672,0.00048366270493716,0.0008034494339533492,0.00018281955,6.735135e-05,0.0001347027,0.00015488376,7.565957e-05,0.00015131914,0.000113490576,5.110074e-05,0.00010220148,0.00010177411,4.7719677e-05,9.543936e-05
323,0.00035313589353784167,0.00016432060186529688,0.00040583923691883683,0.0007954710950214332,0.0001184229,5.911812e-05,0.00011823624,0.00012559607,7.2619136e-05,0.00014523827,8.384586e-05,4.0759343e-05,8.151869e-05,6.3533116e-05,3.0423014e-05,6.084603e-05
324,0.0003684101059611346,0.00016142275787318794,0.00040851393714547157,0.0007875166263306597,0.00011515273,5.7515026e-05,0.00011503005,0.00011992334,6.862008e-05,0.00013724016,7.99736e-05,4.1188167e-05,8.237633e-05,5.961917e-05,3.6933714e-05,7.386743e-05
325,0.0003137051545188298,0.00015733220087093248,0.0003862596640828997,0.0007795863482858673,0.00011909548,4.609504e-05,9.219008e-05,0.00011579261,7.408077e-05,0.00014816155,7.657055e-05,4.4864366e-05,8.972873e-05,5.798773e-05,2.8089653e-05,5.6179306e-05
326,0.008495394964407172,0.00024004069315505154,0.0006110186805017292,0.0007716805803175005,0.00023415763,9.091788e-05,0.00018183576,0.00019517868,9.886405e-05,0.0001977281,0.00017266377,5.6147408e-05,0.000112294816,0.00021453454,5.958e-05,0.00011916
327,0.002118620941588121,0.0002624359297042735,0.0006990376277826726,0.0007637996408687397,0.00018783164,0.00011494035,0.0002298807,0.00016128496,9.360609e-05,0.00018721218,0.00011333975,6.241364e-05,0.00012482727,0.000102258266,7.855875e-05,0.0001571175
328,0.006848342517570147,0.0001724385674181545,0.00043039798038080335,0.0007559438473826767,0.00024023217,5.8180798e-05,0.000116361596,0.00019390773,7.629151e-05,0.00015258302,0.00018119972,4.550939e-05,9.101878e-05,0.0002376519,3.52173e-05,7.04346e-05
329,0.00038984564946878067,0.00016686975454073823,0.0004086042754352093,0.0007481135162895276,0.0001242838,5.776225e-05,0.0001155245,0.00012512888,7.543516e-05,0.00015087031,8.581738e-05,3.9209972e-05,7.8419944e-05,6.645411e-05,3.189476e-05,6.378952e-05
330,0.0003234366974587616,0.00017323688663052383,0.00042835919884964824,0.0007403089629938867,0.000118986456,7.4353404e-05,0.00014870681,0.00011668571,7.213048e-05,0.00014426096,8.1606384e-05,3.8345144e-05,7.669029e-05,6.171506e-05,2.9350578e-05,5.8701156e-05
331,0.0002907930832147835,0.0001594674661439055,0.00040600032662041485,0.0007325305018620237,0.00010535511,6.1046216e-05,0.00012209243,0.00011310996,6.5496664e-05,0.00013099333,7.640451e-05,3.822007e-05,7.644014e-05,6.060181e-05,3.823722e-05,7.647444e-05
332,0.0002868272353628582,0.00020061341069043228,0.0004645778681151569,0.0007247784462092183,0.000107968255,5.9424754e-05,0.00011884951,0.000111025394,0.00010157646,0.00020315291,7.721972e-05,3.891262e-05,7.782524e-05,6.2255145e-05,3.237511e-05,6.475022e-05
333,0.00028640217122472895,0.0001585974482852596,0.00039476578240282834,0.0007170531082871411,0.00010451504,6.7339024e-05,0.00013467805,0.000114715855,6.5581364e-05,0.00013116273,7.490686e-05,3.6600642e-05,7.3201285e-05,5.957521e-05,2.7861857e-05,5.5723714e-05
334,0.00027087374650824176,0.0001468733131064788,0.0003604999801609665,0.0007093547992712792,0.00010013232,4.6549718e-05,9.3099436e-05,0.00010656824,6.771443e-05,0.00013542885,7.379918e-05,3.702296e-05,7.404592e-05,5.9655995e-05,2.89629e-05,5.79258e-05
335,0.0002659288032574865,0.00015625393854776137,0.00038849792326800525,0.0007016838292483947,0.00010327844,5.8823032e-05,0.000117646065,0.00010558008,6.720192e-05,0.00013440385,6.9446025e-05,3.541231e-05,7.082462e-05,5.508638e-05,3.2811706e-05,6.562341e-05
336,0.00026395461667049597,0.0001721747645869801,0.00040106510277837515,0.0006940405072040433,9.566566e-05,5.16875e-05,0.000103375,0.00010805141,8.6299355e-05,0.00017259871,7.076264e-05,3.4372664e-05,6.874533e-05,5.692677e-05,2.817303e-05,5.634606e-05
337,0.0017372475423936661,0.0003547565694120218,0.0010364765767008066,0.0006864251410101215,0.00011222241,0.00014964899,0.00029929797,0.00011282281,0.000101695216,0.00020339043,7.6927485e-05,9.991372e-05,0.00019982744,8.710326e-05,0.00016698038,0.00033396075
338,0.00419746287158959,0.00034307884127754575,0.0008283914066851139,0.0006788380374124701,0.00023287961,0.00016292029,0.00032584055,0.0001697297,0.00014278771,0.00028557543,0.00013686974,6.14859e-05,0.0001229718,0.0001419622,4.7001824e-05,9.400365e-05
339,0.005227444097604912,0.00026548518368304917,0.0007312673842534423,0.0006712795020185152,0.00024729996,7.680564e-05,0.00015361128,0.00019022856,0.00010158941,0.00020317882,0.00014242704,8.077293e-05,0.00016154586,0.0001444941,0.00010646571,0.00021293142
340,0.004761129063086551,0.00018931683902454556,0.0004947017296217382,0.00066374983928496,0.00020975806,7.2631876e-05,0.00014526375,0.00016228894,7.431632e-05,0.00014863264,0.00014594535,5.2827825e-05,0.00010565565,0.00020027686,4.757484e-05,9.514968e-05
341,0.0006136761236506047,0.00017900744680990918,0.00044359875028021634,0.0006562493525055227,0.00011457498,7.580698e-05,0.00015161396,0.00011709435,7.450891e-05,0.00014901783,8.1786944e-05,3.847537e-05,7.695074e-05,7.0234986e-05,3.3008113e-05,6.6016226e-05
342,0.00030507051340201047,0.00014865391903591603,0.00036334781907498837,0.0006487783437987153,9.918842e-05,4.7610385e-05,9.522077e-05,0.00011170823,6.8796995e-05,0.00013759399,7.221373e-05,3.6913334e-05,7.382667e-05,5.5694436e-05,2.8353194e-05,5.6706387e-05
343,0.00030114621514868903,0.0001636993119705136,0.00040261910180561244,0.0006413371140956808,9.362985e-05,5.804524e-05,0.00011609048,0.0001099134,7.325627e-05,0.00014651254,6.900251e-05,4.255565e-05,8.51113e-05,5.3732663e-05,2.7452394e-05,5.4904787e-05
344,0.0002728255879963359,0.00016356864459571494,0.00040189502760767937,0.0006339259631280652,9.481543e-05,5.063151e-05,0.00010126302,0.00010443594,7.557487e-05,0.00015114974,6.93859e-05,3.9397095e-05,7.879419e-05,5.540341e-05,3.5344045e-05,7.068809e-05
345,0.00026626198287035244,0.00015691851568810225,0.0003774506621994078,0.0006265451894159505,9.8823395e-05,5.6451187e-05,0.00011290237,0.000102609476,7.214323e-05,0.00014428646,6.945673e-05,3.4617493e-05,6.9234986e-05,5.494166e-05,2.5513425e-05,5.102685e-05
346,0.0002528133590157366,0.00013751825618687027,0.0003461336891632527,0.0006191950902558239,8.945988e-05,4.114665e-05,8.22933e-05,0.00010137341,6.1919825e-05,0.00012383965,6.586835e-05,3.9712784e-05,7.942557e-05,5.1404797e-05,3.0287589e-05,6.0575177e-05
347,0.00024681594668141306,0.00013624490151016921,0.00033905901364050806,0.000611875961708609,9.298305e-05,3.9926243e-05,7.9852485e-05,9.579376e-05,6.2772786e-05,0.00012554557,6.6086104e-05,3.896429e-05,7.792858e-05,5.2305593e-05,2.7866185e-05,5.573237e-05
348,0.0002413763171783144,0.00014275692463422082,0.0003561892663128674,0.000604588098587736,8.7694694e-05,5.2326533e-05,0.00010465307,9.6749034e-05,6.153627e-05,0.00012307255,6.455332e-05,3.3121385e-05,6.624277e-05,5.0954146e-05,3.1110434e-05,6.222087e-05
349,0.00025245145293663167,0.00014199793990321853,0.0003547589876689017,0.0005973317944472684,8.836818e-05,3.9491162e-05,7.8982324e-05,9.5968666e-05,6.546403e-05,0.00013092806,6.4246495e-05,3.6609174e-05,7.321835e-05,5.1208925e-05,3.581513e-05,7.163026e-05
350,0.007659821355854351,0.0005185281715113102,0.00141787005122751,0.0005901073415700796,0.00023077495,0.0001801692,0.0003603384,0.00015861217,0.00018902023,0.00037804045,0.00014673507,0.00011656235,0.0002331247,0.0002293593,0.00022318323,0.00044636647
351,0.0054739461114571885,0.00022177889193610264,0.0005630513769574463,0.000582915030956078,0.0002651194,7.829472e-05,0.00015658943,0.00020438399,9.3890245e-05,0.00018778049,0.00016830287,5.520048e-05,0.00011040096,0.00021297502,5.4140262e-05,0.000108280525
352,0.002388768001636051,0.00016832649587499287,0.00041689680074341595,0.0005757551523104861,0.00014021191,5.4706656e-05,0.00010941331,0.00013954895,7.6105534e-05,0.00015221107,9.837156e-05,4.3782395e-05,8.756479e-05,8.2595856e-05,3.385382e-05,6.770764e-05
353,0.0004138521557920722,0.00015422592684754969,0.00038109830347821116,0.0005686279940321713,0.00010124923,6.124399e-05,0.00012248798,0.00011032396,6.603916e-05,0.00013207832,7.636924e-05,3.582914e-05,7.165828e-05,5.82007e-05,2.7436849e-05,5.4873697e-05
354,0.00029709261903046816,0.00014214849163181063,0.00034847375354729593,0.0005615338432020309,9.940756e-05,4.8700982e-05,9.7401964e-05,0.000103038736,6.429182e-05,0.00012858363,7.0650945e-05,3.3184962e-05,6.636992e-05,5.5270593e-05,2.8059123e-05,5.6118246e-05
355,0.00027902163532015815,0.00013219444680498684,0.00032597652170807123,0.0005544729855714252,9.2954644e-05,4.340924e-05,8.681848e-05,9.7729295e-05,5.9938327e-05,0.000119876655,6.664671e-05,3.2493437e-05,6.4986874e-05,5.2836178e-05,2.714726e-05,5.429452e-05
356,0.00025650955098910886,0.00013581313944701484,0.00033651632838882506,0.0005474457055506703,8.749684e-05,4.7003654e-05,9.400731e-05,9.8070996e-05,6.039315e-05,0.0001207863,6.4505686e-05,3.5051406e-05,7.010281e-05,5.0605944e-05,2.5809966e-05,5.1619932e-05
357,0.0002533134922254233,0.00013574985136116985,0.00033240087213926017,0.0005404522861975801,9.184725e-05,4.892344e-05,9.784688e-05,9.685543e-05,6.0716855e-05,0.00012143371,6.396916e-05,3.175602e-05,6.351204e-05,5.025271e-05,2.4804118e-05,4.9608236e-05
358,0.00023891597852478217,0.00013494069811080192,0.00032964785350486636,0.0005334930092060681,8.0714584e-05,4.027539e-05,8.055078e-05,9.4062976e-05,6.3502426e-05,0.00012700485,6.299092e-05,3.3827902e-05,6.7655805e-05,5.0461054e-05,2.721821e-05,5.443642e-05
359,0.0002335899559824421,0.00014773091957278085,0.0003518452576827258,0.0005265681548947943,7.961568e-05,4.1259063e-05,8.251813e-05,9.505591e-05,7.288819e-05,0.00014577639,6.2948435e-05,3.1944906e-05,6.388981e-05,4.876515e-05,2.9830471e-05,5.9660942e-05
360,0.0002303015090187907,0.00013202111059183524,0.0003249885339755565,0.0005196780021958821,8.118155e-05,5.0433857e-05,0.00010086771,9.222399e-05,5.7559046e-05,0.00011511809,6.22952e-05,3.0519983e-05,6.1039966e-05,4.8085058e-05,2.3981376e-05,4.7962752e-05
361,0.00023072476944084136,0.00013700567214389482,0.00033973672543652356,0.0005128228286436779,8.111504e-05,5.375094e-05,0.00010750188,9.2602335e-05,5.860243e-05,0.00011720486,6.185399e-05,3.312732e-05,6.625464e-05,4.9483788e-05,2.4387675e-05,4.877535e-05
362,0.0002229173110682074,0.00013449323235478322,0.000325764442095533,0.0005060029103635721,8.1510516e-05,4.501671e-05,9.003342e-05,8.817608e-05,6.240875e-05,0.0001248175,5.9480244e-05,3.1948774e-05,6.389755e-05,4.7341095e-05,2.350799e-05,4.701598e-05
363,0.00022733199968853206,0.0001451925554905197,0.0003596693859435618,0.0004992185220608789,8.4778774e-05,6.346336e-05,0.00012692672,9.021913e-05,5.9817157e-05,0.000119634315,6.015792e-05,3.119814e-05,6.239628e-05,4.758034e-05,2.5356034e-05,5.0712068e-05
364,0.0002198297065699326,0.00013245123566256255,0.00032019306672737,0.0004924699370097691,8.098374e-05,4.4328077e-05,8.8656154e-05,8.785653e-05,6.160179e-05,0.00012320359,5.930876e-05,3.06431e-05,6.12862e-05,4.7787562e-05,2.3523564e-05,4.7047128e-05
365,0.00021791005257587413,0.00013196746685043234,0.0003153656143695116,0.0004857574270422663,7.9429556e-05,3.96577e-05,7.93154e-05,8.811571e-05,6.3956664e-05,0.00012791333,5.8224952e-05,3.0134717e-05,6.0269434e-05,4.5819488e-05,2.3933724e-05,4.786745e-05
366,0.00021849780733257273,0.00012865616903385004,0.0003070689272135496,0.00047908126253729113,7.6654476e-05,3.57788e-05,7.15576e-05,8.988539e-05,6.348801e-05,0.00012697603,5.9034963e-05,3.0394385e-05,6.078877e-05,4.6415473e-05,2.3873257e-05,4.7746515e-05
367,0.0002238397004891949,0.00012820944748391841,0.0003157434694003314,0.00047244171240977764,8.58601e-05,3.897307e-05,7.794614e-05,8.851147e-05,5.9207312e-05,0.000118414624,5.905415e-05,3.0113168e-05,6.0226335e-05,4.9830145e-05,2.9578183e-05,5.9156366e-05
368,0.00021858840963528107,0.0001389222254558417,0.00033033781801350415,0.00046583904409983664,7.863743e-05,4.077458e-05,8.154916e-05,8.7904344e-05,6.807795e-05,0.0001361559,5.905774e-05,3.056457e-05,6.112914e-05,4.716185e-05,2.5751817e-05,5.1503634e-05
369,0.007548304143894656,0.0003069927852182823,0.0007737253326922655,0.0004592735235619844,0.0002683395,0.00011464533,0.00022929066,0.00017636559,0.00012839313,0.00025678627,0.00016719339,5.6751447e-05,0.000113502894,0.00021776032,8.707277e-05,0.00017414553
370,0.0028107400783703167,0.00016706729621151508,0.00041564099956303835,0.0004527454152544316,0.00028328536,6.832552e-05,0.00013665104,0.00016173584,7.002603e-05,0.00014005206,0.000105430576,3.876617e-05,7.753235e-05,9.886703e-05,3.0702773e-05,6.1405546e-05
371,0.0007647425239983669,0.00017014264402459139,0.00042201290489174426,0.00044625498212842816,0.00012912584,5.417388e-05,0.00010834776,0.00011118928,7.702271e-05,0.00015404543,7.35897e-05,4.2788153e-05,8.55763e-05,6.724856e-05,3.7021717e-05,7.404343e-05
372,0.0002947638134062562,0.0001399966550396889,0.0003410290228202939,0.00043980248561767535,0.000102126585,4.9799684e-05,9.959938e-05,9.831221e-05,6.332268e-05,0.00012664536,6.395015e-05,3.19875e-05,6.3975e-05,4.980092e-05,2.540464e-05,5.080928e-05
373,0.0002538088290436941,0.00012992226184921075,0.00031544786179438233,0.0004333881856277901,9.0853304e-05,4.1618143e-05,8.3236286e-05,9.2642484e-05,6.0687824e-05,0.00012137565,6.112106e-05,3.0993328e-05,6.1986655e-05,4.7276462e-05,2.4424626e-05,4.884925e-05
374,0.00024191998317758256,0.00012942314621816237,0.0003150761767756194,0.0004270123405258419,8.7100765e-05,4.4313267e-05,8.862653e-05,8.952539e-05,5.9215225e-05,0.00011843045,6.1183986e-05,3.0270225e-05,6.054045e-05,4.6398116e-05,2.3739365e-05,4.747873e-05
375,0.00022981564086009768,0.0001610421108618826,0.00037078489549458027,0.00042067520712994137,8.2424536e-05,4.467217e-05,8.934434e-05,8.725543e-05,8.3356106e-05,0.00016671221,5.8591588e-05,3.3801814e-05,6.760363e-05,4.566303e-05,2.3562367e-05,4.7124733e-05
376,0.00023737018319995947,0.00013771245553356612,0.00032992142951115966,0.00041437704069889766,7.8852485e-05,4.065715e-05,8.13143e-05,8.907667e-05,6.6798384e-05,0.00013359677,5.8473528e-05,3.2526477e-05,6.5052955e-05,4.5087596e-05,2.497871e-05,4.995742e-05
377,0.00022914697340925858,0.00013443930287321493,0.00034077526652254164,0.00040811809492193583,8.2184124e-05,4.600049e-05,9.200098e-05,8.6611886e-05,5.7581026e-05,0.00011516205,5.7555604e-05,3.375406e-05,6.750812e-05,4.4992838e-05,3.305206e-05,6.610412e-05
378,0.00021796876088470574,0.00014447293225769602,0.00034964934457093477,0.00040189862190848037,7.883177e-05,5.4083295e-05,0.00010816659,8.610596e-05,6.5063476e-05,0.00013012695,5.6882065e-05,3.1688214e-05,6.337643e-05,4.451305e-05,2.3989682e-05,4.7979363e-05
379,0.00020985380116281485,0.00012417107147333893,0.00030354573391377926,0.00039571887217799577,7.540452e-05,4.1438263e-05,8.2876526e-05,8.245956e-05,5.686945e-05,0.0001137389,5.5468186e-05,3.03386e-05,6.06772e-05,4.4466597e-05,2.3126553e-05,4.6253106e-05
380,0.00020834628170036476,0.00013314548903125358,0.00031702721025794744,0.000389579094649901,7.270751e-05,4.0135892e-05,8.0271784e-05,8.228868e-05,6.479248e-05,0.00012958497,5.684502e-05,2.9704252e-05,5.9408503e-05,4.4362772e-05,2.3880979e-05,4.7761958e-05
381,0.00021216279885802677,0.0001245621719379016,0.00029779819305986166,0.0003834795366335398,8.0230544e-05,3.7445956e-05,7.489191e-05,8.423213e-05,6.03628e-05,0.0001207256,5.5554458e-05,2.9074092e-05,5.8148184e-05,4.4124903e-05,2.2016244e-05,4.4032487e-05
382,0.00020234741291187707,0.00013943848265481214,0.0003367869067005813,0.00037742044381821943,7.147839e-05,4.6729834e-05,9.345967e-05,8.201592e-05,6.479348e-05,0.00012958696,5.4702334e-05,3.018862e-05,6.037724e-05,4.381979e-05,2.6681511e-05,5.3363023e-05
383,0.0002064423073494847,0.00012705024444204278,0.0003117256273981184,0.0003714020602633151,7.4187126e-05,4.1788553e-05,8.3577106e-05,8.3204264e-05,5.7947866e-05,0.00011589573,5.576226e-05,2.9450717e-05,5.8901434e-05,4.4369506e-05,2.6675687e-05,5.3351374e-05
384,0.00019734228311677892,0.00013615956307638699,0.00035696677514351904,0.0003654246283884381,7.041019e-05,3.919002e-05,7.838004e-05,8.007379e-05,5.776329e-05,0.00011552658,5.3393218e-05,4.3446977e-05,8.689395e-05,4.2414376e-05,3.8083108e-05,7.6166216e-05
385,0.00020112661533008342,0.00012522525020027222,0.00030691910069435835,0.00035948838896367446,7.3768504e-05,4.5402772e-05,9.0805544e-05,8.101487e-05,5.588724e-05,0.00011177448,5.4393684e-05,3.0200998e-05,6.0401995e-05,4.4055316e-05,2.1968528e-05,4.3937056e-05
386,0.00019489147693343455,0.00012327241685640696,0.0003027069033123553,0.00035359358109988054,7.2245566e-05,4.1334635e-05,8.266927e-05,7.803503e-05,5.6023633e-05,0.000112047266,5.3007523e-05,3.0801137e-05,6.160227e-05,4.1999938e-05,2.3194043e-05,4.6388086e-05
387,0.00019103145976990832,0.00011465611763402227,0.00027862994465976954,0.00034774044223905904,6.8142464e-05,3.4042823e-05,6.808565e-05,7.7957484e-05,5.4428892e-05,0.000108857785,5.2795727e-05,2.8252707e-05,5.6505414e-05,4.1479576e-05,2.2590555e-05,4.518111e-05
388,0.00018864885054464532,0.00011520605612102091,0.0002783399249892682,0.00034192920814478893,6.760113e-05,3.307265e-05,6.61453e-05,7.606692e-05,5.552509e-05,0.00011105018,5.1918454e-05,2.7842963e-05,5.5685927e-05,4.1521376e-05,2.2729257e-05,4.5458513e-05
389,0.00019085282186566242,0.00011760629330391859,0.00028613852919079363,0.00033616011289273336,7.188811e-05,3.6275156e-05,7.255031e-05,7.6579774e-05,5.525436e-05,0.00011050872,5.0990857e-05,2.8622811e-05,5.7245623e-05,4.1697447e-05,2.2916944e-05,4.5833887e-05
390,0.00018711883876761388,0.00012142069170579048,0.0002954743104055524,0.0003304333888612063,6.771229e-05,3.97161e-05,7.94322e-05,7.623892e-05,5.631663e-05,0.00011263326,5.150918e-05,3.0185778e-05,6.0371556e-05,4.1256404e-05,2.1518646e-05,4.3037293e-05
391,0.0001871392592212455,0.0001378301375572244,0.0003123620990663767,0.00032474926672181737,6.6329565e-05,3.1381114e-05,6.276223e-05,7.685712e-05,7.508729e-05,0.00015017459,5.1831852e-05,2.8333981e-05,5.6667963e-05,4.1596424e-05,2.1378675e-05,4.275735e-05
392,0.00019278845209100563,0.0001207179451192774,0.00029100128449499607,0.0003191079754301787,7.146205e-05,3.5659476e-05,7.131895e-05,7.862551e-05,5.8011716e-05,0.00011602343,5.13717e-05,2.8610824e-05,5.722165e-05,4.0765473e-05,2.3218632e-05,4.6437264e-05
393,0.00019033400991185976,0.0001257643184407858,0.00030888066976331174,0.00031350974221667886,7.10198e-05,4.4808246e-05,8.961649e-05,7.665352e-05,5.6136825e-05,0.00011227365,5.1315714e-05,2.9359258e-05,5.8718517e-05,4.1024563e-05,2.4136012e-05,4.8272024e-05
394,0.005075750522692001,0.0002824591740798826,0.0007543872343376279,0.00030795479257733697,0.00014679425,0.00012997082,0.00025994165,0.000106960986,9.7489086e-05,0.00019497817,8.638991e-05,5.788106e-05,0.00011576212,0.00011358162,9.185266e-05,0.00018370531
395,0.00344197782040456,0.00017468376152203545,0.0004526620323304087,0.0003024433502647135,0.00016608762,7.185582e-05,0.00014371164,0.00013170255,6.796287e-05,0.00013592574,9.3853625e-05,4.625129e-05,9.2502574e-05,9.053633e-05,4.026103e-05,8.052206e-05
396,0.0007913347145514148,0.0001369910951425741,0.00033929533674381673,0.0002969756372789025,0.0001025396,5.0163613e-05,0.00010032723,9.620049e-05,5.9746057e-05,0.00011949211,6.424788e-05,3.0478002e-05,6.0956005e-05,5.0226306e-05,2.9259998e-05,5.8519996e-05
397,0.00028418354515500726,0.00013709494617542226,0.0003424530441407114,0.00029155187385858415,8.27079e-05,4.7414404e-05,9.48288e-05,8.655994e-05,6.0045117e-05,0.00012009023,5.555627e-05,3.3855726e-05,6.771145e-05,4.3185384e-05,2.9911276e-05,5.9822552e-05
398,0.00023494298243474177,0.00012228106193979513,0.0002988892374560237,0.0002861722784721593,8.159785e-05,4.255984e-05,8.511968e-05,8.106725e-05,5.5433222e-05,0.000110866444,5.3608168e-05,2.9883297e-05,5.9766593e-05,4.0928597e-05,2.156826e-05,4.313652e-05
399,0.00022060076894814102,0.0001255266345076759,0.0003101381007581949,0.0002808370678089453,7.8677826e-05,4.217825e-05,8.43565e-05,7.870445e-05,5.64817e-05,0.0001129634,5.208021e-05,3.1957345e-05,6.391469e-05,4.0592935e-05,2.4451754e-05,4.890351e-05
400,0.00021204261269288288,0.00012379127114277053,0.0002961238787975162,0.0002755464567704498,7.39449e-05,3.8335525e-05,7.667105e-05,7.8170335e-05,5.955381e-05,0.00011910762,5.2496558e-05,2.8699089e-05,5.7398178e-05,4.0532377e-05,2.1473514e-05,4.2947027e-05
401,0.00020028652228911174,0.00012452463991376227,0.0003018536954186857,0.0002703006584617135,6.888837e-05,4.293478e-05,8.586956e-05,7.670974e-05,5.720977e-05,0.00011441954,5.024853e-05,2.8186283e-05,5.6372566e-05,3.985963e-05,2.2596007e-05,4.5192013e-05
402,0.00019954422050400602,0.0001164792364273306,0.00028256679070182145,0.0002650998841827283,6.967822e-05,3.5083573e-05,7.0167145e-05,7.5745826e-05,5.5292596e-05,0.00011058519,5.0871724e-05,2.8942917e-05,5.7885834e-05,3.9909464e-05,2.1964308e-05,4.3928616e-05
403,0.00019602959774316463,0.00011765425179799644,0.0002865440910682082,0.00025994434341992327,6.8452384e-05,3.4888453e-05,6.977691e-05,7.654824e-05,5.561411e-05,0.00011122822,5.106902e-05,2.7968566e-05,5.5937133e-05,3.9876675e-05,2.4800922e-05,4.9601844e-05
404,0.00019040634721236694,0.0001115520030192654,0.000267321738647297,0.0002548342438377282,6.913637e-05,3.1778745e-05,6.355749e-05,7.4472664e-05,5.453089e-05,0.00010906178,4.8490063e-05,2.7334101e-05,5.4668202e-05,3.8567774e-05,2.001713e-05,4.003426e-05
405,0.00018801013227152258,0.00011502211141932351,0.0002798625791911036,0.0002497697912702101,6.6322595e-05,3.408887e-05,6.817774e-05,7.476938e-05,5.454298e-05,0.00010908596,4.9612358e-05,2.8724315e-05,5.744863e-05,3.8887105e-05,2.2575126e-05,4.5150253e-05
406,0.00018755975037427263,0.00011194978022211178,0.0002716495655477047,0.0002447511897127794,6.722789e-05,3.3876044e-05,6.775209e-05,7.3295065e-05,5.3051885e-05,0.00010610377,5.0020313e-05,2.753813e-05,5.507626e-05,3.907851e-05,2.1358717e-05,4.2717435e-05
407,0.00018112840544435858,0.00011948231294992539,0.0002890150062739849,0.00023977864131397505,6.4664506e-05,4.2239568e-05,8.4479136e-05,7.2118084e-05,5.4755412e-05,0.000109510824,4.9015856e-05,2.74099e-05,5.48198e-05,3.7953385e-05,2.010262e-05,4.020524e-05
408,0.00018333956251836658,0.00012283612479355513,0.0002899490064010024,0.00023485234636732116,6.5520886e-05,3.3773966e-05,6.754793e-05,7.327895e-05,6.1629464e-05,0.00012325893,4.7940684e-05,2.75218e-05,5.50436e-05,3.7649705e-05,2.2049267e-05,4.4098535e-05
409,0.00018099847382516726,0.00011668633373273463,0.00028284426662139595,0.000229972503303261,6.526629e-05,3.9275717e-05,7.8551435e-05,7.246077e-05,5.3981716e-05,0.00010796343,4.7977806e-05,2.7270939e-05,5.4541877e-05,3.8063165e-05,2.0893764e-05,4.1787527e-05
410,0.0001888394333943439,0.00011749751768734738,0.00028611966990865767,0.00022513930868115997,6.5815584e-05,3.8146885e-05,7.629377e-05,7.123054e-05,5.448649e-05,0.00010897298,4.9239028e-05,2.8439592e-05,5.6879184e-05,3.8126927e-05,2.1986873e-05,4.3973745e-05
411,0.00017863942388962714,0.00011673816269714885,0.0002890099713113159,0.00022035295718139406,6.421285e-05,3.975345e-05,7.95069e-05,7.114061e-05,5.2072573e-05,0.00010414515,4.8087535e-05,2.8055007e-05,5.6110013e-05,3.808457e-05,2.4623952e-05,4.9247905e-05
412,0.00017268735521337546,0.00011676276224199013,0.00028168997960165143,0.0002156136415975034,6.143255e-05,3.3244407e-05,6.6488814e-05,6.9661844e-05,5.6611276e-05,0.00011322255,4.7298214e-05,3.0179068e-05,6.0358136e-05,3.7056117e-05,2.0810245e-05,4.162049e-05
413,0.00017744466726769218,0.00011271739766697011,0.0002732079301495105,0.0002109215528284282,6.538093e-05,3.52171e-05,7.04342e-05,7.109083e-05,5.311152e-05,0.00010622304,4.7719448e-05,2.727109e-05,5.454218e-05,3.7384474e-05,2.1004262e-05,4.2008523e-05
414,0.00017579991616192817,0.00011346885975556561,0.00027479330310598016,0.00020627687987082052,6.1769686e-05,3.4782784e-05,6.956557e-05,6.9340196e-05,5.3768923e-05,0.000107537846,4.7118105e-05,2.7610635e-05,5.522127e-05,3.7008536e-05,2.123431e-05,4.246862e-05
415,0.000746245338907733,0.00013197532495931667,0.00033309723949059844,0.00020167980981142939,8.3834944e-05,4.2342817e-05,8.4685635e-05,8.262334e-05,5.8246875e-05,0.00011649375,6.0725568e-05,3.8892136e-05,7.778427e-05,5.8812526e-05,2.7066802e-05,5.4133605e-05
416,0.00019217950804223171,0.00011731578790507023,0.0002848427975550294,0.0001971305278195673,6.954321e-05,3.9680996e-05,7.936199e-05,7.371371e-05,5.4093347e-05,0.000108186694,5.033804e-05,2.7870008e-05,5.5740016e-05,4.004076e-05,2.0777043e-05,4.1554085e-05
417,0.0001816011438882671,0.00012539435213613582,0.0003012143715750426,0.00019262921713964824,6.4790926e-05,4.256095e-05,8.51219e-05,7.003599e-05,5.8600235e-05,0.00011720047,4.7936774e-05,2.7336313e-05,5.4672626e-05,3.76714e-05,2.2109687e-05,4.4219378e-05
418,0.00017457297524734404,0.00011385269109225019,0.0002715310547500849,0.00018817605908381122,6.255958e-05,3.377666e-05,6.755332e-05,6.969322e-05,5.552102e-05,0.00011104204,4.7010166e-05,2.6540753e-05,5.3081505e-05,3.6253736e-05,1.9927098e-05,3.9854196e-05
419,0.0001720400808612331,0.00012210586704829545,0.0002846968127414584,0.0001837712330246127,6.112581e-05,3.3036238e-05,6.607248e-05,6.839939e-05,6.247992e-05,0.00012495984,4.6517765e-05,2.6883401e-05,5.3766802e-05,3.6461483e-05,1.9948835e-05,3.989767e-05
420,0.00017569801913937732,0.0001180147405152681,0.0002846515562850982,0.00017941491638780443,6.099464e-05,4.0160925e-05,8.032185e-05,6.984061e-05,5.4854223e-05,0.000109708446,4.665339e-05,2.7189773e-05,5.4379547e-05,3.6583715e-05,2.0120857e-05,4.0241714e-05
421,0.00018525551325892944,0.00011307485518157366,0.00027174295973964036,0.0001751072846451849,6.2667044e-05,3.473145e-05,6.94629e-05,7.032787e-05,5.415835e-05,0.0001083167,4.7192338e-05,2.694305e-05,5.38861e-05,3.64553e-05,2.0038626e-05,4.007725e-05
422,0.00018049319496171932,0.00012157125637724882,0.0003006758342962712,0.00017084851130753277,5.966886e-05,4.494259e-05,8.988518e-05,6.824393e-05,5.3196873e-05,0.000106393745,4.529611e-05,3.0107329e-05,6.0214657e-05,3.6079433e-05,2.2091137e-05,4.4182274e-05
423,0.0005090636699045305,0.00014942732550478105,0.00039022380951792,0.0001666387679176179,6.727653e-05,5.3288364e-05,0.00010657673,6.880906e-05,5.9993203e-05,0.000119986405,4.730824e-05,4.039714e-05,8.079428e-05,4.0319443e-05,4.143321e-05,8.286642e-05
424,0.00043974144675839954,0.00011277368641835246,0.0002722041099332273,0.0001624782240432889,7.2107076e-05,3.7230064e-05,7.446013e-05,7.215158e-05,5.2763768e-05,0.000105527535,4.947961e-05,2.6362093e-05,5.2724186e-05,4.2288502e-05,1.9746136e-05,3.949227e-05
425,0.00017294113262612923,0.00010949841941042227,0.0002649599628057331,0.0001583670472706473,6.169116e-05,3.5000347e-05,7.000069e-05,6.866069e-05,5.146419e-05,0.00010292838,4.5820787e-05,2.643709e-05,5.287418e-05,3.627063e-05,1.9578349e-05,3.9156697e-05
426,0.00016777679828990544,0.00011286960688557072,0.0002702219062484801,0.00015430540319729373,6.301999e-05,3.395584e-05,6.791168e-05,6.676116e-05,5.457696e-05,0.00010915392,4.484338e-05,2.6393269e-05,5.2786538e-05,3.5515328e-05,2.0184874e-05,4.036975e-05
427,0.00016233297798438207,0.00011006825403369529,0.00026768643874675035,0.00015029345542565906,5.8073143e-05,3.4239398e-05,6.8478796e-05,6.620806e-05,5.1754614e-05,0.00010350923,4.3708485e-05,2.8484817e-05,5.6969635e-05,3.4541066e-05,1.936439e-05,3.872878e-05
428,0.0001625839478529682,0.00011011200534056219,0.00026654431712813675,0.00014633136555641452,5.8425056e-05,3.637832e-05,7.275664e-05,6.593187e-05,5.1310708e-05,0.000102621416,4.538218e-05,2.6271859e-05,5.2543717e-05,3.524412e-05,1.9311277e-05,3.8622555e-05
429,0.00016127834700409248,0.0001098890925392069,0.0002657634613569826,0.00014241929318196305,5.9399048e-05,3.539294e-05,7.078588e-05,6.452331e-05,5.158798e-05,0.00010317596,4.5449877e-05,2.6305726e-05,5.2611453e-05,3.5226465e-05,1.9595089e-05,3.9190178e-05
430,0.0001595686951074428,0.00010565412874758138,0.0002552196092437953,0.00013855739588000836,5.6526966e-05,3.1936008e-05,6.3872016e-05,6.449817e-05,5.042608e-05,0.00010085216,4.381974e-05,2.5941381e-05,5.1882762e-05,3.4320783e-05,1.930634e-05,3.861268e-05
431,0.0001603538278176955,0.00010883435040509836,0.0002618125290609896,0.00013474582920721155,5.916534e-05,3.259135e-05,6.51827e-05,6.4760636e-05,5.2325795e-05,0.00010465159,4.4208027e-05,2.5917992e-05,5.1835985e-05,3.477661e-05,2.0071127e-05,4.0142255e-05
432,0.00016039965033606523,0.00010925775640615664,0.00026677330606617033,0.0001309847466929216,5.648113e-05,3.1230356e-05,6.246071e-05,6.592441e-05,5.1861392e-05,0.000103722785,4.4203018e-05,2.652014e-05,5.304028e-05,3.4816927e-05,2.3774764e-05,4.754953e-05
433,0.00015847901105676233,0.00010893775773954983,0.0002599840227048844,0.0001272742998329946,5.6696943e-05,3.1243355e-05,6.248671e-05,6.4666936e-05,5.3473846e-05,0.00010694769,4.4380296e-05,2.6135274e-05,5.227055e-05,3.511118e-05,1.9139534e-05,3.8279068e-05
434,0.0001568725074952498,0.00010302076350165286,0.0002494018990546465,0.0001236146380836887,5.5372595e-05,3.0153506e-05,6.030701e-05,6.4581785e-05,4.9362363e-05,9.8724726e-05,4.4486427e-05,2.5782818e-05,5.1565636e-05,3.4304332e-05,1.9402252e-05,3.8804505e-05
435,0.000161347194052389,0.00010384432028376639,0.000251052959356457,0.00012000590885564528,6.1122766e-05,2.9993404e-05,5.9986807e-05,6.4771186e-05,5.0015336e-05,0.00010003067,4.386446e-05,2.6338817e-05,5.2677635e-05,3.4310782e-05,1.917892e-05,3.835784e-05
436,0.000155690356760275,0.00010681242547063833,0.0002571629884187132,0.00011644825750795213,5.6308814e-05,3.1491123e-05,6.2982246e-05,6.407463e-05,5.148965e-05,0.0001029793,4.2558997e-05,2.6032316e-05,5.206463e-05,3.3679913e-05,1.9568412e-05,3.9136823e-05
437,0.00015349388126078515,0.00010539369738548664,0.0002545147144701332,0.00011294182734228594,5.561382e-05,3.162951e-05,6.325902e-05,6.20633e-05,5.0410057e-05,0.000100820114,4.3845725e-05,2.6035508e-05,5.2071016e-05,3.4185094e-05,1.9182282e-05,3.8364564e-05
438,0.0001568545193575682,0.00011463429990879436,0.00027800118550658226,0.00010948675959714308,5.9252456e-05,4.1816875e-05,8.363375e-05,6.327968e-05,5.1866267e-05,0.000103732535,4.2766205e-05,2.5924677e-05,5.1849354e-05,3.340531e-05,1.9392774e-05,3.8785547e-05
439,0.0001570986712124856,0.00010937585117948717,0.00026371405692771077,0.00010608319344214802,6.027609e-05,3.5780446e-05,7.156089e-05,6.237275e-05,5.1365132e-05,0.000102730264,4.364978e-05,2.5484234e-05,5.096847e-05,3.409503e-05,1.9227216e-05,3.8454433e-05
440,0.0001517849537240082,0.00010986382422169495,0.0002667904773261398,0.00010273126597245003,5.5350556e-05,3.8074606e-05,7.614921e-05,6.212661e-05,5.0316557e-05,0.000100633115,4.168842e-05,2.5696472e-05,5.1392944e-05,3.352539e-05,1.93076e-05,3.86152e-05
441,0.00015914256657660988,0.00011092818908414483,0.0002678271848708391,9.943111220319796e-05,5.5658784e-05,3.3839824e-05,6.767965e-05,6.261098e-05,5.2916854e-05,0.00010583371,4.28854e-05,2.7828533e-05,5.5657067e-05,3.3512966e-05,1.9328385e-05,3.865677e-05
442,0.00016495361463758678,0.00010817692727376346,0.00026438102941028774,9.618286506410494e-05,5.3910768e-05,3.2683703e-05,6.536741e-05,6.280758e-05,5.0752886e-05,0.00010150577,4.2654396e-05,2.7309345e-05,5.461869e-05,3.3692417e-05,2.1444575e-05,4.288915e-05
443,0.0001509066334356661,0.00010557285617822409,0.0002572561497800052,9.298665539409191e-05,5.3591946e-05,3.0403962e-05,6.0807924e-05,6.190575e-05,5.031191e-05,0.00010062382,4.253048e-05,2.754542e-05,5.509084e-05,3.3275686e-05,2.0366788e-05,4.0733576e-05
444,0.00014890341146920136,0.00010902787056426446,0.0002635939745232463,8.98426119360182e-05,5.387109e-05,3.4782657e-05,6.956531e-05,6.130373e-05,5.1322713e-05,0.00010264543,4.1438663e-05,2.6136195e-05,5.227239e-05,3.2807715e-05,1.9555417e-05,3.9110833e-05
445,0.0001470376828585256,0.00010609274743874188,0.00025498808827251196,8.675086133149629e-05,5.3666125e-05,3.1196723e-05,6.239345e-05,6.0185896e-05,5.132735e-05,0.0001026547,4.1212355e-05,2.6240248e-05,5.2480496e-05,3.225102e-05,1.872972e-05,3.745944e-05
446,0.00014902009210393053,0.00010166485518466273,0.0002444165584165603,8.37115281157895e-05,5.427457e-05,2.7958286e-05,5.591657e-05,6.1031715e-05,4.983951e-05,9.967902e-05,4.2112784e-05,2.5677295e-05,5.135459e-05,3.265367e-05,1.8733193e-05,3.7466387e-05
447,0.00014669214536090406,0.00010434298105355355,0.0002516131498850882,8.072473471279644e-05,5.246506e-05,3.0125722e-05,6.0251445e-05,6.0341143e-05,5.039476e-05,0.00010078952,4.1952695e-05,2.5488112e-05,5.0976225e-05,3.258162e-05,1.9797979e-05,3.9595958e-05
448,0.00014798577210769782,0.00010177525966677741,0.00024473515804857016,7.779060143011978e-05,5.4194014e-05,2.8416554e-05,5.683311e-05,6.0492705e-05,4.972297e-05,9.944594e-05,4.1644205e-05,2.5501822e-05,5.1003644e-05,3.2715845e-05,1.8726234e-05,3.7452468e-05
449,0.00014602286653533268,0.00010593324926942168,0.00025444728089496493,7.490924645422081e-05,5.279355e-05,3.2250653e-05,6.4501306e-05,5.995046e-05,5.0878458e-05,0.000101756916,4.0668623e-05,2.5323834e-05,5.0647668e-05,3.238858e-05,1.8770694e-05,3.7541387e-05
450,0.00014575455500944327,0.00011008918777560233,0.0002664285129867494,7.208078584565741e-05,5.240743e-05,3.619821e-05,7.239642e-05,5.9968563e-05,5.1365296e-05,0.00010273059,4.1345334e-05,2.6096342e-05,5.2192685e-05,3.235449e-05,1.9554409e-05,3.9108818e-05
451,0.00014550113530980996,0.00010866104050401443,0.00025982415536418557,6.93053335344105e-05,5.2353455e-05,3.3243807e-05,6.648761e-05,5.954702e-05,5.2461794e-05,0.00010492359,4.2132233e-05,2.5514024e-05,5.1028048e-05,3.2479496e-05,1.869245e-05,3.73849e-05
452,0.00014613747504546646,0.00010328544296238959,0.00024892750661820173,6.658300131529444e-05,5.103413e-05,2.9918621e-05,5.9837243e-05,5.999864e-05,4.992014e-05,9.984028e-05,4.107475e-05,2.5682719e-05,5.1365438e-05,3.1647574e-05,1.8942268e-05,3.7884536e-05
453,0.00014501117991316212,0.00010225339363472796,0.00024581971229054034,6.391389884345459e-05,5.3043626e-05,2.9438772e-05,5.8877544e-05,5.9341935e-05,4.9652506e-05,9.930501e-05,4.0960607e-05,2.515484e-05,5.030968e-05,3.1767515e-05,1.8663739e-05,3.7327478e-05
454,0.0001442156337603661,0.00010328676292751015,0.0002465308061800897,6.129813362994856e-05,5.1634142e-05,2.8347371e-05,5.6694742e-05,5.9750346e-05,5.1139123e-05,0.000102278245,4.058763e-05,2.5197609e-05,5.0395218e-05,3.1984055e-05,1.8581311e-05,3.7162623e-05
455,0.0001436860117275323,0.0001017044068464741,0.00024435517843812704,5.8735811037418e-05,5.1904688e-05,2.7857024e-05,5.571405e-05,5.918831e-05,4.992588e-05,9.985176e-05,4.0342435e-05,2.5399875e-05,5.079975e-05,3.1752403e-05,1.8994808e-05,3.7989616e-05
456,0.00014368259136982066,0.00010518484609318775,0.00025366790941916406,5.62270342758436e-05,5.457543e-05,3.264736e-05,6.529472e-05,5.7983667e-05,5.0026913e-05,0.000100053825,3.98636e-05,2.5527108e-05,5.1054216e-05,3.132951e-05,1.8632574e-05,3.726515e-05
457,0.00014103924057864016,0.00010341655037859203,0.00024692961596883833,5.377190439838719e-05,5.1370396e-05,2.9090143e-05,5.8180285e-05,5.7912468e-05,5.0923383e-05,0.00010184677,4.0122915e-05,2.4932408e-05,4.9864815e-05,3.085913e-05,1.8518873e-05,3.7037746e-05
458,0.00014128047568642314,0.0001037057292993696,0.0002485554723534733,5.137052029732262e-05,5.0422546e-05,2.9946403e-05,5.9892805e-05,5.871637e-05,5.0549854e-05,0.00010109971,3.901474e-05,2.5401121e-05,5.0802242e-05,3.094434e-05,1.838036e-05,3.676072e-05
459,0.00014216171708956527,0.00010504486869887886,0.00025181949604302645,4.902297870005071e-05,5.0852756e-05,3.2157954e-05,6.431591e-05,5.890073e-05,5.0535382e-05,0.000101070764,4.0391038e-05,2.5000365e-05,5.000073e-05,3.127985e-05,1.8216038e-05,3.6432077e-05
460,0.0001442147925132929,0.00010228724950038409,0.0002458166563883424,4.672937416520538e-05,5.385638e-05,2.9687842e-05,5.9375685e-05,5.9216844e-05,4.9611317e-05,9.9222634e-05,3.9446528e-05,2.5102881e-05,5.0205763e-05,3.1040414e-05,1.850628e-05,3.701256e-05
461,0.00014031789277167857,0.00010234206038074704,0.00024429321638308465,4.4489799078842294e-05,5.1097068e-05,2.8011962e-05,5.6023924e-05,5.7804864e-05,5.069903e-05,0.00010139806,3.951857e-05,2.5090994e-05,5.018199e-05,3.078628e-05,1.834462e-05,3.668924e-05
462,0.0001393881333489505,0.00010183404593500621,0.00024436035891994834,4.2304343650719704e-05,5.0321287e-05,2.9409135e-05,5.881827e-05,5.7280766e-05,4.9542923e-05,9.9085846e-05,3.981441e-05,2.4851934e-05,4.9703867e-05,3.1133368e-05,1.8376182e-05,3.6752364e-05
463,0.0001410775398378647,0.00010385211699898908,0.0002497810637578368,4.017309591066359e-05,5.1166557e-05,3.244028e-05,6.488056e-05,5.827778e-05,4.9500886e-05,9.900177e-05,3.9702216e-05,2.476131e-05,4.952262e-05,3.0922485e-05,1.8188066e-05,3.6376132e-05
464,0.000138953974088853,0.00010029056140929358,0.00024037373077590019,3.809614170502188e-05,5.055801e-05,2.8138777e-05,5.6277553e-05,5.711594e-05,4.9156093e-05,9.8312186e-05,3.940465e-05,2.4550765e-05,4.910153e-05,3.0714356e-05,1.8341225e-05,3.668245e-05
465,0.0001377460160443519,0.00010209585435764301,0.00024291477166116238,3.6073564693207354e-05,4.9903112e-05,2.7335818e-05,5.4671636e-05,5.6603963e-05,5.0996558e-05,0.000101993115,3.9280803e-05,2.467261e-05,4.934522e-05,3.0562394e-05,1.8452394e-05,3.690479e-05
466,0.00013739683546368784,0.0001005465454583875,0.0002406288549536839,3.4105446344326895e-05,4.874545e-05,2.8030609e-05,5.6061217e-05,5.7217512e-05,4.9453574e-05,9.890715e-05,3.9126626e-05,2.4675302e-05,4.9350605e-05,3.0284238e-05,1.815494e-05,3.630988e-05
467,0.00013785516611923427,0.0001015033101829285,0.00024081813171505928,3.219186593390122e-05,4.966444e-05,2.7437405e-05,5.487481e-05,5.7008507e-05,5.0808725e-05,0.00010161745,3.9054954e-05,2.4313737e-05,4.8627473e-05,3.0409532e-05,1.7849206e-05,3.5698413e-05
468,0.00013656330694031399,0.00010129152743015871,0.00024186271184589714,3.0332900540669515e-05,4.9112332e-05,2.8592523e-05,5.7185047e-05,5.660293e-05,4.985049e-05,9.970098e-05,3.8573366e-05,2.4564733e-05,4.9129467e-05,3.0037052e-05,1.792361e-05,3.584722e-05
469,0.00013730076747556002,0.0001009637956308836,0.00024184460926335305,2.8528625043487215e-05,4.9224538e-05,2.8469545e-05,5.693909e-05,5.693596e-05,4.9486807e-05,9.8973615e-05,3.8784492e-05,2.479192e-05,4.958384e-05,3.0135358e-05,1.8174027e-05,3.6348054e-05
470,0.0001363788076549558,9.909523420950304e-05,0.00023698726727161556,2.6779112118308116e-05,4.8732174e-05,2.7006608e-05,5.4013217e-05,5.6376182e-05,4.901141e-05,9.802282e-05,3.921147e-05,2.4564068e-05,4.9128135e-05,3.035578e-05,1.7911543e-05,3.5823086e-05
471,0.00013474782316668166,0.00010290248461781185,0.0002469270839355886,2.5084432235257852e-05,4.8408663e-05,3.0781e-05,6.1562e-05,5.5892e-05,4.9683567e-05,9.9367135e-05,3.808913e-05,2.470321e-05,4.940642e-05,2.9627581e-05,1.829577e-05,3.659154e-05
472,0.00013516196437045826,9.953580675083984e-05,0.00023768564278725535,2.3444653655794626e-05,4.830301e-05,2.7030217e-05,5.4060434e-05,5.6028428e-05,4.936313e-05,9.872626e-05,3.8540147e-05,2.4580113e-05,4.9160226e-05,2.9976096e-05,1.7869357e-05,3.5738714e-05
473,0.00013521743635826132,0.00010009573571969741,0.0002390299050603062,2.1859842429960845e-05,4.8990183e-05,2.7366314e-05,5.4732627e-05,5.5988374e-05,4.9571972e-05,9.9143945e-05,3.8021168e-05,2.4627805e-05,4.925561e-05,2.968574e-05,1.7948858e-05,3.5897716e-05
474,0.00013430237457797266,9.888235521501118e-05,0.00023680126469116658,2.033006239372167e-05,4.7810143e-05,2.6957887e-05,5.3915774e-05,5.5762117e-05,4.8805854e-05,9.761171e-05,3.831033e-05,2.452089e-05,4.904178e-05,2.9905459e-05,1.8116005e-05,3.623201e-05
475,0.00013537483377229484,9.968768174149805e-05,0.000238592125242576,1.8855375166393728e-05,4.859437e-05,2.7666358e-05,5.5332715e-05,5.5949116e-05,4.907616e-05,9.815232e-05,3.879287e-05,2.4614843e-05,4.9229686e-05,2.99952e-05,1.7938708e-05,3.5877416e-05
476,0.00013405736787740812,9.869370349520205e-05,0.00023642965243197978,1.743584014816351e-05,4.8526697e-05,2.7284823e-05,5.4569646e-05,5.5443375e-05,4.8564634e-05,9.712927e-05,3.7640722e-05,2.4503712e-05,4.9007424e-05,2.9331712e-05,1.7861657e-05,3.5723315e-05
477,0.00013482014194943673,9.946728710249715e-05,0.000238416061620228,1.607151451769455e-05,4.778963e-05,2.762653e-05,5.525306e-05,5.6320485e-05,4.8860467e-05,9.7720935e-05,3.8331575e-05,2.4661942e-05,4.9323884e-05,2.961161e-05,1.8059094e-05,3.611819e-05
478,0.00013395698731027432,9.863634608130883e-05,0.00023609641357325017,1.4762453229824404e-05,4.7789057e-05,2.7628652e-05,5.5257304e-05,5.546403e-05,4.8465463e-05,9.6930926e-05,3.8372178e-05,2.4314006e-05,4.862801e-05,2.9702402e-05,1.7640079e-05,3.5280158e-05
479,0.00013376266448924013,9.903105108074203e-05,0.00023761324700899422,1.3508709013350774e-05,4.7801e-05,2.7578377e-05,5.5156754e-05,5.5553213e-05,4.85416e-05,9.70832e-05,3.805404e-05,2.444194e-05,4.888388e-05,2.961498e-05,1.8244704e-05,3.6489408e-05
480,0.00013261529770100276,9.876068388863243e-05,0.00023646556655876338,1.2310332368908182e-05,4.8384154e-05,2.7154625e-05,5.430925e-05,5.4488733e-05,4.868101e-05,9.736202e-05,3.781126e-05,2.446048e-05,4.892096e-05,2.9351992e-05,1.7936669e-05,3.5873338e-05
481,0.00013189359340714304,9.890077363586803e-05,0.00023658036661799997,1.1167371566932523e-05,4.628329e-05,2.7176491e-05,5.4352982e-05,5.5084958e-05,4.8818692e-05,9.7637385e-05,3.762838e-05,2.4435592e-05,4.8871185e-05,2.9614774e-05,1.7859411e-05,3.5718822e-05
482,0.00013514330013312585,9.919276327145733e-05,0.00023705008788965642,1.0079872645718837e-05,4.725022e-05,2.753476e-05,5.506952e-05,5.6358636e-05,4.8928043e-05,9.7856086e-05,3.859963e-05,2.4317593e-05,4.8635186e-05,2.9752555e-05,1.7744647e-05,3.5489295e-05
483,0.00013406465959590877,9.798664011984364e-05,0.0002346164983464405,9.047879409564778e-06,4.6918605e-05,2.674167e-05,5.348334e-05,5.6324832e-05,4.8374197e-05,9.6748394e-05,3.8039834e-05,2.4424715e-05,4.884943e-05,2.9618119e-05,1.7767668e-05,3.5535337e-05
484,0.00013304594745003708,9.845423210125677e-05,0.00023519281239714473,8.071433427007612e-06,4.8641283e-05,2.6996891e-05,5.3993783e-05,5.4702854e-05,4.8709448e-05,9.7418895e-05,3.7635982e-05,2.4254263e-05,4.8508526e-05,2.9532668e-05,1.7635808e-05,3.5271616e-05
485,0.00013329096388283753,9.78327118459224e-05,0.00023393626906909049,7.150574029148913e-06,4.8776605e-05,2.6743694e-05,5.3487387e-05,5.4891065e-05,4.836629e-05,9.673258e-05,3.7560072e-05,2.4196894e-05,4.8393787e-05,2.937609e-05,1.766125e-05,3.53225e-05
486,0.0001343946259019373,9.842261345353709e-05,0.00023572280770167708,6.2853383080711e-06,4.857022e-05,2.7365366e-05,5.473073e-05,5.574389e-05,4.8387246e-05,9.677449e-05,3.7900063e-05,2.4277528e-05,4.8555055e-05,2.947057e-05,1.7831258e-05,3.5662517e-05
487,0.00013051738858062593,9.765545276716642e-05,0.0002335712342755869,5.475761115342905e-06,4.704016e-05,2.6772806e-05,5.3545613e-05,5.3742027e-05,4.8237194e-05,9.647439e-05,3.7620943e-05,2.4187448e-05,4.8374895e-05,2.9185587e-05,1.7588167e-05,3.5176334e-05
488,0.0001318346079284996,9.921127790590743e-05,0.00023665462504141033,4.721875060615289e-06,4.6697736e-05,2.7229906e-05,5.445981e-05,5.499795e-05,4.9170063e-05,9.8340126e-05,3.7318077e-05,2.427148e-05,4.854296e-05,2.9394447e-05,1.765586e-05,3.531172e-05
489,0.00013253501323853595,9.858867825083507e-05,0.00023585416784044355,4.023710510309062e-06,4.7987418e-05,2.7449798e-05,5.4899596e-05,5.447115e-05,4.853337e-05,9.706674e-05,3.8256414e-05,2.4263012e-05,4.8526024e-05,2.9513636e-05,1.7680903e-05,3.5361805e-05
490,0.0001323588326643394,9.851072419358758e-05,0.00023559865076094866,3.3812955863901874e-06,4.7113263e-05,2.7367221e-05,5.4734443e-05,5.493636e-05,4.853468e-05,9.706936e-05,3.7952504e-05,2.422073e-05,4.844146e-05,2.926298e-05,1.7676695e-05,3.535339e-05
491,0.00013355360213067888,9.826150926423834e-05,0.00023480503296013921,2.794656165238471e-06,4.7066507e-05,2.685414e-05,5.370828e-05,5.5688903e-05,4.86247e-05,9.72494e-05,3.8400336e-05,2.4250881e-05,4.8501763e-05,2.9732499e-05,1.7672794e-05,3.5345587e-05
492,0.00013319913402475123,9.809114633427138e-05,0.00023452422465197742,2.2638158766037945e-06,4.738464e-05,2.6908594e-05,5.3817188e-05,5.550195e-05,4.8470236e-05,9.694047e-05,3.797695e-05,2.4234845e-05,4.846969e-05,2.9415254e-05,1.764843e-05,3.529686e-05
493,0.00013220010466419668,9.781912922012606e-05,0.00023387953115161508,1.788796102655881e-06,4.7202673e-05,2.6701091e-05,5.3402182e-05,5.505788e-05,4.838066e-05,9.676132e-05,3.7300946e-05,2.4207155e-05,4.841431e-05,2.922143e-05,1.7650853e-05,3.5301706e-05
494,0.0001328076916208031,9.803365615081088e-05,0.00023428173153661191,1.3696159771217553e-06,4.909144e-05,2.673071e-05,5.346142e-05,5.429749e-05,4.8528706e-05,9.705741e-05,3.7570328e-05,2.4241339e-05,4.8482678e-05,2.9515195e-05,1.7640119e-05,3.5280238e-05
495,0.0001310078742841942,9.816457207692692e-05,0.00023477105423808098,1.0062923845161276e-06,4.667009e-05,2.7001235e-05,5.400247e-05,5.4323275e-05,4.8462185e-05,9.692437e-05,3.7575126e-05,2.42745e-05,4.8549e-05,2.9302186e-05,1.76476e-05,3.52952e-05
496,0.00013146995241600302,9.815288164668067e-05,0.00023458882060367614,6.988399594599281e-07,4.773341e-05,2.68748e-05,5.37496e-05,5.4322914e-05,4.8542228e-05,9.7084456e-05,3.7340393e-05,2.4242414e-05,4.8484828e-05,2.8842072e-05,1.7634962e-05,3.5269924e-05
497,0.00013294962054742369,9.806482067341273e-05,0.00023442563542630523,4.4727108609207775e-07,4.7905018e-05,2.6807626e-05,5.361525e-05,5.5196502e-05,4.8501042e-05,9.7002085e-05,3.7590395e-05,2.425948e-05,4.851896e-05,2.9238021e-05,1.7644672e-05,3.5289344e-05
498,0.0001310655728978192,9.804562839698511e-05,0.0002343755477340892,2.5159589757033216e-07,4.666931e-05,2.680449e-05,5.360898e-05,5.417778e-05,4.8492046e-05,9.698409e-05,3.7885413e-05,2.4253397e-05,4.8506794e-05,2.9550702e-05,1.7637847e-05,3.5275694e-05
499,0.0001314083783199694,9.800140760507183e-05,0.00023428528220392764,1.118222756625872e-07,4.7221743e-05,2.6788552e-05,5.3577103e-05,5.448207e-05,4.8467336e-05,9.693467e-05,3.7501137e-05,2.4251454e-05,4.850291e-05,2.8933935e-05,1.7635306e-05,3.5270612e-05
500,0.000132286230028277,9.800459030116688e-05,0.00023428267741110176,2.795585043003325e-08,4.8448615e-05,2.6779957e-05,5.3559914e-05,5.442429e-05,4.8475053e-05,9.6950105e-05,3.7355072e-05,2.425067e-05,4.850134e-05,2.9209583e-05,1.7635657e-05,3.5271314e-05
