epoch,train_loss,val_loss,val_log_mse_total,lr,train_Area (mm^2),val_Area (mm^2),val_log_mse_Area (mm^2),train_Read Latency (ns),val_Read Latency (ns),val_log_mse_Read Latency (ns),train_Write Latency (ns),val_Write Latency (ns),val_log_mse_Write Latency (ns),train_Read Energy (nJ),val_Read Energy (nJ),val_log_mse_Read Energy (nJ),train_Write Energy (nJ),val_Write Energy (nJ),val_log_mse_Write Energy (nJ),train_Leakage (mW),val_Leakage (mW),val_log_mse_Leakage (mW)
1,0.13569244461268098,0.0047762928882604866,0.02338171750307083,0.0005854042810907198,0.018075602,0.00034163037,0.0006833215,0.014538264,0.0008002969,0.0016014633,0.025878742,0.0039587617,0.007919654,0.022973845,0.0019448027,0.0038896054,0.03287997,0.0018209378,0.003642907,0.031162713,0.002822177,0.0056447666
2,0.010511594205533997,0.0013253354906818588,0.00630465941503644,0.0011708085621814396,0.0018971387,0.0004004811,0.0008009622,0.003244269,0.0005030094,0.0010060188,0.0037030652,0.0005033905,0.001006781,0.0020452277,0.00044543872,0.00089087745,0.0032396484,0.00063578057,0.0012715675,0.007350162,0.00066408905,0.0013284519
3,0.0029309174812174295,0.0013506664090964578,0.006228279322385788,0.0017562128432721592,0.0008944,0.0005817323,0.0011634646,0.0009927665,0.00045287158,0.0009057431,0.00096051797,0.00046307006,0.0009261403,0.0014748322,0.0004459095,0.000891819,0.0014170816,0.00055789977,0.0011157995,0.0016578845,0.0006126564,0.0012253128
4,0.0019356077730309181,0.001138484111407256,0.005860134959220886,0.002341617124362879,0.00063653645,0.00060190103,0.0012038021,0.0007181553,0.00019337618,0.00038675236,0.00075623236,0.00020441345,0.0004088269,0.00047009136,0.0004813836,0.0009627672,0.00084499846,0.000519761,0.0010395239,0.0011187628,0.00092923135,0.0018584627
5,0.001849157058978084,0.0010113665329278532,0.0042975167743861675,0.002927021405453599,0.0005667124,0.00015423686,0.00031209824,0.00057782687,0.0005482183,0.0010964366,0.00060145184,0.00065945735,0.0013189147,0.00039797593,0.00015101113,0.00030230838,0.0005996993,0.0003831409,0.0007662818,0.002702089,0.00025011637,0.0005014771
6,0.0008470720137024987,0.00036150882864771714,0.0018559210002422333,0.002927021405453599,0.00021924019,7.484315e-05,0.0001496863,0.00040332027,0.00016552815,0.0003310563,0.00042623142,0.00016410803,0.00032821606,0.00020580116,9.306737e-05,0.00018613474,0.00031540397,0.00014168088,0.00028336176,0.00035674343,0.00028873296,0.0005774659
7,0.000771795572824101,0.0007762334028202626,0.0032536943908780813,0.0029269384170298044,0.00020605957,0.00010315805,0.0002063161,0.00035175195,0.00057430536,0.0011486107,0.0003739854,0.00055949454,0.0011189891,0.00018632664,6.6252585e-05,0.00013250517,0.0002863484,0.0001682651,0.0003365302,0.00039626192,0.00015537158,0.00031074317
8,0.0006753886172414495,0.0003240370088136017,0.0015077576972544193,0.002926689461170144,0.00017885343,5.4825796e-05,0.0001096516,0.0003060473,0.00014449921,0.00028899842,0.00032547084,0.00017519278,0.00035038556,0.00016507354,5.6198027e-05,0.00011239604,0.00025579293,0.00014735895,0.0002964521,0.00034876782,0.00017493704,0.00034987408
9,0.000598512335722005,0.0004055911146916348,0.0018619848415255547,0.0029262745661087185,0.00015536971,7.5855976e-05,0.00015171195,0.00027754248,0.0001687618,0.0003375236,0.0002937798,0.00018283344,0.00036566687,0.00013978986,9.2261806e-05,0.00018452361,0.00021966692,0.0002279309,0.00045586174,0.00031815912,0.00018334853,0.00036669706
10,0.008052586332783315,0.006169740073911274,0.02843145839869976,0.0029256937788988044,0.00061057654,0.0015493837,0.003119741,0.00072923227,0.0020698362,0.0041397708,0.00075094716,0.0024145255,0.0048307083,0.0005659318,0.001516795,0.0030336187,0.0009109173,0.0036557887,0.0073225135,0.0013165082,0.0029915138,0.005985105
11,0.0017420036980847005,0.0008267562187399829,0.003552525769919157,0.0029249471654075186,0.00028166606,9.372842e-05,0.00018745684,0.0007114504,0.00037147355,0.0007444819,0.0009137145,0.0005057326,0.0010120994,0.00036674712,0.00017450297,0.00034900595,0.0009414029,0.00043055744,0.0008611149,0.0006540521,0.00019918336,0.0003983667
12,0.0009002824732124124,0.0008124945795470782,0.003759663086384535,0.002924034810308348,0.0001497056,0.00018796355,0.00044344773,0.0004058374,0.0003447852,0.0006895704,0.00053670723,0.00042482076,0.0008496415,0.00018602228,0.00022698383,0.00046106873,0.00040164962,0.00036561178,0.0007429374,0.0002679288,0.00025704034,0.00057299744
13,0.0007236919575731276,0.000511045866901916,0.0024096984416246414,0.002922956817071546,0.00015532832,0.00014492954,0.00028985908,0.0003090579,0.0002004209,0.0004008418,0.00036067292,0.00022867924,0.0004573585,0.0001716544,0.0001405188,0.0002810376,0.0003472387,0.00021953067,0.00043906135,0.00026014418,0.00027077022,0.00054154044
14,0.0005789334982557356,0.00036258842426294043,0.0017542372224852443,0.0029217133079523974,0.0001331727,8.217858e-05,0.00016435716,0.00024882794,0.0001589028,0.0003178056,0.0002665071,0.00015997383,0.00031994766,0.00014483777,7.313327e-05,0.00014626654,0.000279178,0.00016512664,0.00033025327,0.00023478152,0.00023780348,0.00047560697
15,0.000519223893159857,0.0003569406662058096,0.0016134881880134344,0.0029203044239773566,0.0001364092,7.52212e-05,0.0001504424,0.0002163398,0.00018357277,0.00036714555,0.00022989883,0.00019116893,0.00038233786,0.00013839263,7.293464e-05,0.00014586929,0.00023440883,0.00013977956,0.0002795591,0.00024170605,0.00014406696,0.00028813392
16,0.000474307408980737,0.00044879330632413556,0.0020952450577169657,0.002918730324928049,0.00012464315,0.00013147091,0.00026294182,0.00020097823,0.0001309157,0.0002618314,0.00021327453,0.00013804957,0.00027610158,0.00012420466,0.00017436197,0.00034872393,0.00020664973,0.00028933174,0.0005786635,0.00023131148,0.00018349134,0.00036698268
17,0.0004516029132433964,0.00036542551775253817,0.0018757358193397522,0.0029169911893231547,0.00012404111,8.317986e-05,0.00016635972,0.00018442083,0.00013275577,0.00026551154,0.00019633111,0.00011895131,0.00023790263,0.00011910297,0.00010375019,0.00020750039,0.00020150578,0.00020697179,0.00041394358,0.00022603749,0.00029225898,0.00058451795
18,0.0004264522129729633,0.000379912159694135,0.0019329757196828723,0.00291508721439816,0.00011564108,0.00017361504,0.0003472301,0.00017842177,0.00011539552,0.00023079105,0.00018895326,0.00011699047,0.00023398094,0.000110699,8.425647e-05,0.00016851294,0.00018520889,0.00012774223,0.00025548445,0.00021741833,0.0003484881,0.0006969762
19,0.0004164266163763217,0.00032063674099563325,0.001463523949496448,0.0029130186160829905,0.00010797619,9.5350886e-05,0.00019070177,0.00017867371,0.000102931976,0.00020586395,0.00018939085,0.00010733086,0.00021466172,0.000107184846,8.502608e-05,0.00017005215,0.00018361276,0.00019643414,0.00039286827,0.00019746168,0.00014468808,0.00028937616
20,0.00040051575403929834,0.0002517343756797635,0.0012092370307072997,0.0029107856289775193,0.000109220426,6.926239e-05,0.00013852477,0.00017065,9.0865185e-05,0.00018173037,0.00018127955,9.514955e-05,0.0001902991,0.00010541222,7.832615e-05,0.0001566523,0.00016927214,0.00013043672,0.00026087344,0.00019831085,0.00014057856,0.00028115712
21,0.0004234771327325241,0.0002353875634937335,0.001040479401126504,0.0029083885063249655,0.000119078264,4.2706266e-05,8.541253e-05,0.00017378599,8.717454e-05,0.00017434909,0.00018363177,0.00011812932,0.00023625864,0.00011813577,3.9371484e-05,7.874297e-05,0.00018327092,0.00013578522,0.00027160332,0.0002205048,9.705644e-05,0.00019411289
22,0.0003755637719130406,0.00023475902996441042,0.0010381080210208893,0.002905827519983171,9.985018e-05,6.728935e-05,0.0001345787,0.00016396871,0.00010396933,0.00020793866,0.00017431394,0.000129649,0.000259298,9.5245196e-05,5.675074e-05,0.00011350148,0.00015745909,7.98615e-05,0.000159723,0.00018085065,8.153406e-05,0.00016306812
23,0.0003558017856669545,0.00021088876233927656,0.0009587585227563977,0.0029031029603937696,9.396649e-05,4.6458495e-05,9.291699e-05,0.00015812191,9.4534735e-05,0.00018907165,0.00016721134,9.796298e-05,0.00019592595,9.1198526e-05,4.398601e-05,8.797202e-05,0.00014578587,0.000104040686,0.00020808137,0.00017037593,9.239526e-05,0.00018479052
24,0.000369383939305322,0.00023832464084260117,0.0011338053736835718,0.0029002151365492483,9.885587e-05,6.0247257e-05,0.000120494515,0.00016212802,9.108428e-05,0.00018216856,0.00017197653,9.996286e-05,0.00019992572,9.7396056e-05,7.5248645e-05,0.00015049729,0.00015186789,0.00011861066,0.00023722132,0.00017857851,0.00012174895,0.0002434979
25,0.00036085668821317336,0.0006222556049030896,0.004028606694191694,0.002897164375957904,0.000102746606,0.00033585908,0.00067171815,0.0001552769,7.505573e-05,0.00015011146,0.00016431975,8.46696e-05,0.0001693392,9.684616e-05,0.00020024534,0.00040049068,0.00014520857,0.00014921429,0.00029842858,0.00017965381,0.0011692593,0.0023385186
26,0.0003496661634975504,0.0001929342129213397,0.000942491227760911,0.0028939510246067013,9.266522e-05,3.8701128e-05,7.7402256e-05,0.00015632917,7.911317e-05,0.00015822634,0.0001643075,8.322878e-05,0.00016645755,9.015712e-05,5.3224416e-05,0.00010644883,0.00014024318,9.791061e-05,0.00019582122,0.00017469257,0.00011906753,0.00023813506
27,0.0003357980643615511,0.0004292376358027915,0.002136087045073509,0.002890575446922034,8.8524226e-05,0.00011762489,0.00023524978,0.00014850529,0.00017457778,0.00034915557,0.0001570536,0.00022564786,0.00045129572,8.577441e-05,8.897319e-05,0.00017794638,0.00013639241,0.000124815,0.00024963054,0.00017151773,0.00033640448,0.00067280896
28,0.0005064675631453433,0.0002061464628778353,0.0009362551500089467,0.0028870380257283957,0.00015918871,4.546867e-05,9.093734e-05,0.00017480759,0.00010898823,0.00021797647,0.00018438384,0.00010362719,0.00020725439,0.00014447237,5.3969605e-05,0.00010793921,0.00022089854,8.288457e-05,0.00016576915,0.00039983273,7.3189294e-05,0.00014637859
29,0.00030471016885936613,0.0004291010232333417,0.0018481886945664883,0.002883339162204962,7.66777e-05,6.806394e-05,0.00013612788,0.00014430805,0.0002955117,0.0005910234,0.0001522353,0.0002712024,0.0005424048,7.6820696e-05,8.581652e-05,0.00017163304,0.000118984935,0.00012419123,0.00024855608,0.00012906022,7.922167e-05,0.00015844333
30,0.0003315793628520476,0.0003397412434612077,0.0015488568460568786,0.002879479275840095,8.933084e-05,6.9049645e-05,0.00013809929,0.0001468834,0.00023427191,0.00046854382,0.0001543615,0.0002007785,0.000401557,8.697446e-05,5.212233e-05,0.00010424466,0.00013348409,7.588521e-05,0.00015177042,0.00016567552,0.0001423208,0.0002846416
31,0.0003259604221547343,0.0002938257111452683,0.0014118666294962168,0.0028754588043837684,8.750709e-05,7.23132e-05,0.0001446264,0.00014673518,0.00013166621,0.00026333242,0.00015538474,0.00014172237,0.00028344474,8.3305174e-05,7.182419e-05,0.0001436484,0.00012633929,0.00011331381,0.00022662761,0.00016385863,0.00017509323,0.000350187
32,0.0003110934787894232,0.0002924675937874492,0.0013308526249602437,0.0028712782037979205,8.476265e-05,0.00011550559,0.00023101117,0.00013724701,7.3819705e-05,0.00014763941,0.00014427322,9.5285905e-05,0.00019057181,8.142978e-05,9.474158e-05,0.00018948317,0.00012364883,0.00015856147,0.00031712293,0.00016056694,0.00012751209,0.00025502418
33,0.00032502633810421315,0.0004191004243893624,0.001792372902855277,0.0028669379482047464,8.814536e-05,9.315278e-05,0.00018630557,0.00014592685,0.00025769672,0.00051539345,0.0001533509,0.00026036988,0.00052073976,8.4399115e-05,7.479997e-05,0.00014959995,0.00012514798,0.00011363979,0.00022727958,0.00016802522,9.652725e-05,0.0001930545
34,0.0003210461725885937,0.00021757084499349406,0.0009835001546889544,0.0028624385298329264,8.938367e-05,3.6800302e-05,7.3600604e-05,0.000142106,0.00010256969,0.00020513938,0.0001494436,0.00012972101,0.00025944202,8.4242085e-05,5.455262e-05,0.00010910524,0.0001231349,8.801762e-05,0.00017603525,0.00016969843,8.008883e-05,0.00016017766
35,0.0007869187410198316,0.00016410941910196598,0.0007735048420727253,0.002857780458961801,0.00022807204,4.1488158e-05,8.2976316e-05,0.00036288862,7.0565e-05,0.00014113,0.00036781165,7.949367e-05,0.00015898734,0.00023140071,4.592222e-05,9.184444e-05,0.0002683317,6.6530054e-05,0.00013306011,0.00042613724,8.27533e-05,0.0001655066
36,0.0002047116046239742,0.00015280930208834333,0.0006889342330396175,0.002852964263863503,4.8586702e-05,3.8613507e-05,7.7227014e-05,9.452406e-05,7.102285e-05,0.0001420457,0.000100875935,7.697423e-05,0.00015394847,5.2407464e-05,4.285002e-05,8.570004e-05,8.6550004e-05,6.2042134e-05,0.00012408427,8.670311e-05,5.2964362e-05,0.000105928724
37,0.00029300587177696886,0.000184414232522926,0.0009010544163174927,0.0028479904907430425,7.985438e-05,5.0761726e-05,0.00010152345,0.00012967785,7.538872e-05,0.00015077744,0.00013642643,8.334204e-05,0.00016668408,7.506329e-05,4.8405414e-05,9.681083e-05,0.00011804591,7.172474e-05,0.00014344948,0.00014455686,0.00012090459,0.00024180918
38,0.00030641463181574314,0.00023008779682764412,0.001206256914883852,0.0028428597036763655,8.4668376e-05,5.1620897e-05,0.00010324179,0.00013811915,9.216456e-05,0.00018432912,0.00014538738,8.609236e-05,0.00017218472,7.8621524e-05,0.000101131474,0.00020226295,0.000116917676,0.00010829617,0.00021659234,0.00015232038,0.00016382296,0.00032764592
39,0.0003107059059648951,0.000393213082942274,0.0017174887470901012,0.0028375724845463796,8.9669535e-05,0.00017350253,0.00034700506,0.00013577646,0.00014999577,0.00029999155,0.00014264826,0.00015757118,0.00031514236,8.238355e-05,0.00011571234,0.00023142468,0.00011990117,0.00014087024,0.00028174047,0.00015963835,0.000121092344,0.00024218467
40,0.000312503242215311,0.00018722617890584953,0.0009016948170028627,0.0028321294329769634,8.662272e-05,4.767691e-05,9.535382e-05,0.00014229845,6.5762775e-05,0.00013152554,0.00014939901,6.837342e-05,0.00013674684,8.08785e-05,5.041844e-05,0.00010083688,0.00011800147,0.00010587747,0.00021480503,0.0001501414,0.00011121336,0.00022242672
41,0.0003091127782522148,0.00019153366749078972,0.0008771499851718545,0.0028265311662649625,8.4303014e-05,4.4196124e-05,8.839225e-05,0.00014192855,0.0001005835,0.000201167,0.00014890019,0.000103620594,0.00020724119,7.729302e-05,4.970964e-05,9.941928e-05,0.000116558054,6.523704e-05,0.00013047409,0.00015039714,7.522812e-05,0.00015045624
42,0.00029271873434018314,0.0002804844957795693,0.0014424353139474988,0.0028207783193101824,8.499028e-05,6.052272e-05,0.00012104544,0.00012975682,0.00013345954,0.0002669191,0.00013592029,0.00015162214,0.00030324428,7.837574e-05,6.377583e-05,0.00012755166,0.00011266433,7.6178105e-05,0.00015235621,0.00013850436,0.00023565932,0.00047131858
43,0.0003147188491517121,0.00029736848589596247,0.001298039103858173,0.0028148715445433852,8.790184e-05,5.44665e-05,0.000108933,0.00014246018,0.00023179836,0.0004635968,0.00014826196,0.00019078143,0.00038156286,8.194862e-05,5.6818222e-05,0.000113636444,0.00012308934,5.3147363e-05,0.00010629473,0.00014376045,6.2007646e-05,0.00012401529
44,0.00029860306638795106,0.00021119803027885893,0.0010109326103702188,0.002808811511852295,8.1487684e-05,5.339933e-05,0.00010679866,0.0001386546,9.2742885e-05,0.00018548577,0.00014574426,0.000105929685,0.00021185937,7.565143e-05,5.8536403e-05,0.00011707281,0.00011268382,7.711877e-05,0.00015423754,0.00013308653,0.00011773924,0.00023547848
45,0.0003040797299249829,0.00026642490293156065,0.0012242533266544342,0.0028025989085056296,8.7966626e-05,9.6544165e-05,0.00019308833,0.0001366174,0.00012046782,0.00024093564,0.00014234334,0.00011396425,0.00022792851,8.1322556e-05,4.8901562e-05,9.7803124e-05,0.0001146556,9.007098e-05,0.00018014196,0.00014464982,0.00014217787,0.00028435574
46,0.0008035324108899674,0.00018320824009008545,0.0008224594057537615,0.002796234439075153,0.0002634603,4.288509e-05,8.577018e-05,0.00029067142,9.121357e-05,0.00018242715,0.0003041848,9.981083e-05,0.00019962166,0.0002387065,5.1312887e-05,0.000102625774,0.0002784346,6.744376e-05,0.00013488752,0.00074880506,5.8563564e-05,0.00011712713
47,0.00022440015815674904,0.0002790040462733216,0.0012507819337770343,0.002789718825355773,5.1652092e-05,0.00013321043,0.00026642086,0.00010851117,0.00010764039,0.00021531095,0.0001137119,9.776892e-05,0.00019555437,5.6715806e-05,7.765497e-05,0.00015530994,9.3594914e-05,9.4937146e-05,0.00018987429,8.321517e-05,0.000114155766,0.00022831153
48,0.0002887449244353507,0.00020328367982954125,0.0009628745610825717,0.0027830528062836816,7.480663e-05,4.2967968e-05,8.5935935e-05,0.00013520014,0.00010816541,0.00021633082,0.00014088837,0.000106075066,0.00021215013,7.273965e-05,5.8245078e-05,0.000116490155,0.00011528939,7.102701e-05,0.00014205402,0.0001213732,9.495674e-05,0.00018991348
49,0.00028862712597148505,0.00031444785039048024,0.0013946990948170424,0.0027762371378525523,8.0552934e-05,8.625443e-05,0.00017250887,0.00013194211,0.0001418379,0.00028367608,0.00013796905,0.00010942911,0.00021885821,7.442101e-05,8.389697e-05,0.00016779394,0.000109251014,0.00018074516,0.0003616245,0.00013461735,9.511874e-05,0.00019023748
50,0.0002907986654337508,0.0001974319297180833,0.000889943796209991,0.0027692725930278006,7.9475474e-05,3.686908e-05,7.373816e-05,0.00013253836,0.00012846774,0.00025693548,0.00013860209,0.000104970175,0.00020994035,7.408741e-05,4.6000943e-05,9.200189e-05,0.00011377934,6.81894e-05,0.0001363788,0.00013331645,6.047455e-05,0.0001209491
51,0.0002833609829834584,0.00020526155061347166,0.0009689198341220617,0.0027621599616589262,7.922835e-05,4.50294e-05,9.00588e-05,0.00012844203,0.000102663296,0.00020532659,0.00013387667,0.00012144823,0.00024289647,7.277851e-05,4.042582e-05,8.085164e-05,0.000109139335,5.8420752e-05,0.000116841504,0.00013392374,0.0001164724,0.0002329448
52,0.00028373505355790065,0.00017269166511034,0.0008473399793729186,0.0027549000503899325,7.891464e-05,4.4323697e-05,8.864739e-05,0.00012931533,7.4347925e-05,0.00014869585,0.00013521005,8.386959e-05,0.00016773918,7.1924216e-05,3.5910984e-05,7.182197e-05,0.0001086789,6.176342e-05,0.00012352684,0.00013285769,0.00012345437,0.00024690875
53,0.001105373293153303,0.0003474544795158872,0.0015946675557643175,0.0027474936825678466,0.0003501372,8.389921e-05,0.00016779843,0.00037287167,0.00015646352,0.00031292703,0.00038842898,0.00017571144,0.00035142287,0.0003409213,9.871925e-05,0.0001974385,0.00039434538,0.00014247475,0.0002849495,0.0012043162,0.00014006553,0.00028013106
54,0.0002592583451287531,0.0001626755723229775,0.0007340303855016828,0.002739941698149343,6.265066e-05,3.4012468e-05,6.8024936e-05,0.0001231699,7.164673e-05,0.00014329347,0.00012967596,8.692093e-05,0.00017384187,6.757505e-05,3.7843063e-05,7.568613e-05,0.00010676771,7.1985254e-05,0.00014397065,9.8218305e-05,6.460668e-05,0.00012921335
55,0.000254476521949222,0.00018821637754694006,0.0008533731452189386,0.0027322449536054854,6.470316e-05,4.9793147e-05,9.9586294e-05,0.00012461195,7.23297e-05,0.0001446594,0.00012873251,8.294737e-05,0.00016589474,6.293509e-05,4.9546168e-05,9.9092336e-05,9.8342796e-05,9.541495e-05,0.00019267734,9.4128336e-05,7.573151e-05,0.00015146301
56,0.00027772059243391856,0.00022092359344457892,0.0010290704667568207,0.0027244043218245906,7.680077e-05,6.0451068e-05,0.000120902136,0.00012603785,0.00012303499,0.00024606998,0.00013066866,9.865118e-05,0.00019730236,7.049253e-05,5.2006784e-05,0.00010401357,0.00011238194,7.8157485e-05,0.00015631497,0.00011891465,0.00010223368,0.00020446736
57,0.0002763991535637134,0.00020664709386330498,0.0008818850619718432,0.002716420692013239,7.828673e-05,4.9462207e-05,9.8924414e-05,0.0001253819,9.818716e-05,0.00019637433,0.00013049132,0.00012715311,0.00025430621,7.115096e-05,3.478477e-05,6.956954e-05,0.00010727388,7.106873e-05,0.00014213746,0.00012377536,6.028653e-05,0.00012057306
58,0.0002750694377879201,0.0002322220766337539,0.001086472300812602,0.0027082949695954265,7.8038065e-05,5.472272e-05,0.00010944544,0.00012376631,9.159049e-05,0.00018318098,0.00012935049,0.00010775229,0.00021550458,7.163947e-05,7.694481e-05,0.00015388962,0.00010784782,0.00011136217,0.00022272434,0.00012251851,0.00010086367,0.00020172734
59,0.00027355792014002874,0.00017437611200809124,0.0007748512434773147,0.0027000280761098803,7.461877e-05,5.765594e-05,0.00011531188,0.0001239583,5.8228587e-05,0.00011645717,0.00012942382,6.300396e-05,0.00012600792,6.9301925e-05,4.2576594e-05,8.515319e-05,0.0001099997,9.727939e-05,0.00019456093,0.000121672914,6.868009e-05,0.00013736018
60,0.0002834910976685508,0.00020047420363669306,0.0010087572736665606,0.002691620949105549,8.078932e-05,5.9854858e-05,0.000119709715,0.00012976424,8.359772e-05,0.00016719544,0.00013488872,8.5246524e-05,0.00017049305,7.329924e-05,6.803137e-05,0.00013606274,0.00010852132,7.069864e-05,0.00014139728,0.00012303164,0.00013694954,0.0002738991
61,0.0002610342998328425,0.0004393854769759731,0.00199003960005939,0.002683074542035274,7.331046e-05,0.00013158744,0.00026317488,0.00011826313,0.00023790568,0.00047581136,0.00012291565,0.00021297505,0.0004259501,6.784695e-05,8.562388e-05,0.00017124775,0.000102585334,0.00013835539,0.00027671078,0.00011601829,0.00018857238,0.00037714475
62,0.00027557208812831993,0.0003406778403115618,0.0014752022689208388,0.002674389824147658,7.562198e-05,5.3295877e-05,0.00010659175,0.00012576945,0.00023157781,0.00046315562,0.00013138076,0.00020777831,0.00041555663,7.0054564e-05,5.8444282e-05,0.000116888565,0.00010980304,0.00010808807,0.00021619674,0.00011803641,7.840646e-05,0.00015681292
63,0.0014087087349184764,0.00030333068030388103,0.0014313056599348783,0.002665567780377143,0.000371356,6.66692e-05,0.00013333843,0.0005063948,0.00012938162,0.00025876323,0.0005435289,0.00012584326,0.00025168652,0.000362456,0.000104001396,0.00020800279,0.0005309508,0.00015960728,0.00031921457,0.0015618568,0.00013015005,0.0002603001
64,0.00029481050264062796,0.0001774981145679548,0.0008197567076422274,0.002656609411232307,6.53748e-05,4.155605e-05,8.31121e-05,0.00013152133,7.5497075e-05,0.00015099415,0.00014118863,7.9252735e-05,0.00015850547,7.98468e-05,5.420574e-05,0.00010841148,0.00014161707,8.777887e-05,0.00017555774,0.000108178436,7.1587885e-05,0.00014317577
65,0.0002708335225262763,0.00037119173279714696,0.001745847868733108,0.0026475157326824018,6.7826106e-05,6.941011e-05,0.00013882022,0.00012656559,0.000113774884,0.00022754977,0.00013397227,0.00010919673,0.00021839346,6.858353e-05,0.0001598795,0.000319759,0.00011297013,0.0002894547,0.0005789094,0.000100715784,0.00013120797,0.00026241594
66,0.0002762145527973492,0.0001678289031054194,0.0007764609763398767,0.0026382877760421242,7.4327676e-05,5.5640023e-05,0.000111280046,0.00012607587,7.189674e-05,0.00014379348,0.00013155474,7.551082e-05,0.00015102164,7.179237e-05,4.754911e-05,9.509822e-05,0.00011224535,6.0662413e-05,0.000121324825,0.000115775845,7.697138e-05,0.00015394276
67,0.0002674653016207406,0.00029498034266980976,0.0014609892386943102,0.0026289265878546597,7.5255586e-05,9.2651935e-05,0.00018530387,0.00011974903,0.0001350319,0.0002700638,0.00012496402,0.00013540275,0.00027080553,6.9524285e-05,5.4110922e-05,0.000108221844,0.00010564935,8.450319e-05,0.00016900638,0.00012355261,0.0002287939,0.00045758788
68,0.00026607623632352327,0.0002019384371500012,0.000906670349650085,0.0026194332297729936,7.0018476e-05,4.2522308e-05,8.5044616e-05,0.00012294574,9.54143e-05,0.0001908286,0.00012847834,0.000111060544,0.00022212109,6.578381e-05,4.585861e-05,9.171722e-05,0.00010796805,8.242424e-05,0.00016484848,0.00011180015,7.605516e-05,0.00015211033
69,0.00026988727687613434,0.00015963510345713821,0.0007490958669222891,0.002609808778439505,7.4673975e-05,3.4840137e-05,6.9680274e-05,0.000121875164,7.761802e-05,0.00015523603,0.00012701274,8.0047066e-05,0.00016009413,6.8753805e-05,4.2049138e-05,8.4098276e-05,0.00010811211,6.397073e-05,0.00012794146,0.00012024234,7.602285e-05,0.0001520457
70,0.00026279370427356686,0.00015295356696815105,0.0006777383387088776,0.0026000543253638713,7.038823e-05,3.719097e-05,7.438194e-05,0.00012087283,7.1798095e-05,0.00014359619,0.00012628733,8.858348e-05,0.00017716696,6.6758905e-05,3.3717944e-05,6.743589e-05,0.000104956816,5.324813e-05,0.00010649626,0.00011285692,5.433053e-05,0.00010866107
71,0.0004100768413580135,0.00014681083362585217,0.0006551025435328484,0.0025901709767992727,0.0001134304,3.0792406e-05,6.158481e-05,0.00017047439,8.3602215e-05,0.00016720443,0.00017618368,7.479109e-05,0.00014958218,9.9575576e-05,3.4187986e-05,6.837597e-05,0.00014234675,5.874654e-05,0.00011749308,0.00035837697,4.543101e-05,9.086202e-05
72,0.00023295775609698534,0.00029525920115998605,0.001310171210207045,0.002580159853616938,6.401409e-05,6.765565e-05,0.0001353113,0.00010567256,0.00017913469,0.00035826938,0.00011016674,0.00015574026,0.00031148051,6.429224e-05,6.627181e-05,0.00013254362,9.6923235e-05,9.961638e-05,0.00019923276,8.5430824e-05,8.666684e-05,0.00017333368
73,0.0002483084861984442,0.00023539733573757276,0.0010749864159151912,0.0025700220911790226,6.750765e-05,8.325409e-05,0.00016650818,0.00011392339,9.154756e-05,0.00018309512,0.000119754965,0.00010739616,0.00021479232,6.313197e-05,8.406758e-05,0.00016813516,0.000100267425,8.546345e-05,0.00017093017,9.800809e-05,8.576272e-05,0.00017152543
74,0.00025652559079613366,0.00032888940088069557,0.0014377973275259137,0.0025597588392098493,7.066255e-05,9.514672e-05,0.00019029345,0.00011794835,0.00016944825,0.0003388965,0.00012320887,0.00017629936,0.00035259873,6.464992e-05,7.855088e-05,0.00015710176,0.000101236794,0.00010547897,0.00021095794,0.00010720687,9.397445e-05,0.0001879489
75,0.0002544460631019348,0.0001634691665903664,0.0007689612684771419,0.002549371261665516,7.06098e-05,4.0044484e-05,8.008897e-05,0.00011755391,6.921158e-05,0.00013842316,0.00012252163,8.3868996e-05,0.00016773799,6.482234e-05,3.4654317e-05,6.930863e-05,9.818245e-05,6.370079e-05,0.00012740158,0.00010853883,9.300047e-05,0.00018600094
76,0.00024947091409442646,0.00016162267213707315,0.0007351972162723541,0.002538860536601894,7.086748e-05,4.5538487e-05,9.1076974e-05,0.00011285605,7.220784e-05,0.00014441568,0.00011774278,8.7068496e-05,0.00017413699,6.3990716e-05,3.833279e-05,7.666558e-05,9.866338e-05,5.370607e-05,0.00010745985,0.000105806655,7.072107e-05,0.00014144214
77,0.0002484008204890206,0.00023383864227598974,0.001083088107407093,0.0025282278560410224,6.794527e-05,4.6966426e-05,9.393285e-05,0.00011507493,0.00013675308,0.00027350616,0.00011982116,0.00014144418,0.00028288836,6.227852e-05,4.663753e-05,9.327506e-05,9.724814e-05,6.088243e-05,0.00012176486,0.00010472091,0.00010886046,0.00021772092
78,0.00025059658200529147,0.00018444627459415568,0.0008741229539737105,0.002517474425835921,7.0061265e-05,7.356073e-05,0.00014712146,0.000114103976,7.382837e-05,0.00014765674,0.000119303266,7.479006e-05,0.00014958013,6.441955e-05,6.611908e-05,0.00013223816,9.8214834e-05,5.857269e-05,0.00011714538,0.0001081651,9.019056e-05,0.00018038112
79,0.0008248534468194174,0.00012144839951350456,0.0005452120676636696,0.002506601465533835,0.0002239015,2.6654174e-05,5.3308348e-05,0.00027723983,5.667543e-05,0.00011335086,0.0002843593,6.653796e-05,0.00013307593,0.0001874446,2.9423323e-05,5.8846646e-05,0.00026697465,4.8973197e-05,9.8220546e-05,0.0012307491,4.4204866e-05,8.840973e-05
80,0.00021820456222074275,0.0002021540854409767,0.0008920715772546828,0.002495610208237926,5.493662e-05,4.9344577e-05,9.8689154e-05,0.0001033252,0.000116384545,0.00023276909,0.00010807545,0.0001177372,0.0002354744,5.6931993e-05,4.731557e-05,9.463114e-05,8.896427e-05,5.691006e-05,0.00011382012,8.1379054e-05,5.8343838e-05,0.00011668768
81,0.0002295394993498888,0.00016052199675302723,0.000721997523214668,0.0024845019004674273,6.299914e-05,3.5651134e-05,7.130227e-05,0.000106618645,7.01352e-05,0.0001402704,0.00011133699,8.878012e-05,0.00017756026,5.9377155e-05,3.39165e-05,6.7833e-05,9.068347e-05,6.5834545e-05,0.00013166909,8.840814e-05,6.667813e-05,0.00013336253
82,0.00023947773644011759,0.00014669041814263976,0.0006829819176346064,0.0024732778020162714,6.503132e-05,3.9870996e-05,7.974199e-05,0.00011075084,6.827415e-05,0.0001365483,0.00011632855,6.757174e-05,0.00013514348,5.924966e-05,4.649682e-05,9.299364e-05,9.392087e-05,5.831781e-05,0.00011663562,0.0001006282,6.0959468e-05,0.000121918936
83,0.00024583664774793795,0.0002240489064762563,0.0010674812365323305,0.0024619391858102216,6.92318e-05,8.5738146e-05,0.00017147629,0.00010992639,8.9790025e-05,0.00017958005,0.00011522056,0.00010624509,0.00021249018,6.43625e-05,4.9859176e-05,9.971835e-05,9.792059e-05,5.7427133e-05,0.000114854265,0.00010914885,0.00014468105,0.0002893621
84,0.00024398808717438094,0.0004197865087111001,0.0018435477977618575,0.002450487337762508,6.8871894e-05,0.00010258399,0.00020516798,0.000110809226,0.00026110446,0.0005222089,0.00011589281,0.00027132765,0.0005426553,6.2366424e-05,7.6247336e-05,0.00015249467,9.494747e-05,7.81243e-05,0.0001562486,0.00010693272,0.00013238617,0.00026477233
85,0.00023166424862704256,0.0002060107527097122,0.0008950276533141732,0.0024389235566279906,6.410884e-05,4.1081734e-05,8.216347e-05,0.00010633976,9.724853e-05,0.00019449706,0.00011105873,0.000107421176,0.00021484235,5.780084e-05,3.4597288e-05,6.9194575e-05,8.946564e-05,9.994261e-05,0.00019988522,0.000103984814,6.722248e-05,0.00013444496
86,0.00024279097704283506,0.00017336655534835337,0.0007501469226554036,0.002427249153855868,6.4989435e-05,5.0826256e-05,0.00010165251,0.00011200248,5.864691e-05,0.00011729382,0.00011702192,6.5870896e-05,0.00013174179,5.9191127e-05,3.0378633e-05,6.0757262e-05,9.425983e-05,0.00010532563,0.0002107369,0.00011394295,6.398234e-05,0.00012796468
87,0.0003769626163676498,0.0001138405992994276,0.0005270498804748058,0.002415465453440947,0.00010445923,2.7160677e-05,5.4321354e-05,0.00016975828,5.2431533e-05,0.00010486308,0.00017574814,5.6816796e-05,0.00011363359,9.2186405e-05,2.9521485e-05,5.904297e-05,0.00014268117,4.6246663e-05,9.249333e-05,0.0002062678,5.1347768e-05,0.000102695536
88,0.00021247578149628424,0.00021214364286963953,0.0009265713742934167,0.0024035737917734866,5.70047e-05,7.128651e-05,0.00014257302,0.00010095217,8.494473e-05,0.00016988946,0.000105716885,9.4069335e-05,0.00018813867,5.2954474e-05,5.827343e-05,0.00011654686,8.156559e-05,9.2268034e-05,0.00018453607,8.1965976e-05,6.244363e-05,0.00012488726
89,0.0002265916407180773,0.00020520664780928764,0.0009687336278147995,0.0023915755174876395,6.4015665e-05,7.6476856e-05,0.00015295371,0.00010315513,8.497477e-05,0.00016994953,0.00010825782,8.696469e-05,0.0001739294,5.862784e-05,7.130936e-05,0.00014261872,8.8106484e-05,6.696278e-05,0.00013392555,9.574288e-05,9.767834e-05,0.00019535671
90,0.0002465632212631916,0.00018898691499538521,0.0008591851801611483,0.002379471991308503,6.891839e-05,6.63536e-05,0.0001327072,0.000114657974,7.578081e-05,0.00015156162,0.00011995749,7.360359e-05,0.00014720717,6.19097e-05,5.5409208e-05,0.000110818415,9.2334885e-05,8.262074e-05,0.00016524148,0.00010720943,7.5824646e-05,0.00015164929
91,0.00022942864603366724,0.0001454890168950836,0.0006463432218879461,0.002367264585897797,6.394055e-05,3.7662412e-05,7.5324824e-05,0.000103295875,7.093765e-05,0.0001418753,0.00010861038,7.316627e-05,0.00014633255,5.8933365e-05,4.2917585e-05,8.583517e-05,9.118902e-05,5.8029185e-05,0.00011605837,0.000100721816,4.0458504e-05,8.091701e-05
92,0.00022519388791886836,0.00012918609741395824,0.0005834621260873973,0.0023549546856981942,6.3792504e-05,2.8057253e-05,5.6114506e-05,0.00010271387,6.928312e-05,0.00013856625,0.00010767992,6.410875e-05,0.0001282175,5.7046436e-05,2.7762573e-05,5.5525146e-05,8.728248e-05,5.3500797e-05,0.00010700159,9.58095e-05,4.9018552e-05,9.8037104e-05
93,0.0004347265398014066,0.004541679313283758,0.024472566321492195,0.0023425436867763063,0.0001183179,0.0016751429,0.0033502858,0.00018262348,0.001385669,0.002771338,0.0001843626,0.001554991,0.003109982,9.555713e-05,0.0023430898,0.0046861796,0.00014402335,0.0015795334,0.003159067,0.00042486438,0.0036973825,0.007395714
94,0.0002633787891666637,0.00018626656819229815,0.0008222456672228873,0.0023300329966643597,7.0573056e-05,6.795107e-05,0.00013590214,0.00011519155,6.964957e-05,0.00013929914,0.00012409796,9.346578e-05,0.00018693156,7.218986e-05,3.8525963e-05,7.7051925e-05,9.7907134e-05,6.3232466e-05,0.00012646493,0.00015578303,7.8297984e-05,0.00015659597
95,0.00020683611324260703,0.00016433340317490588,0.0007688615587539971,0.0023174240342005636,5.830664e-05,5.7636593e-05,0.000115273186,9.566973e-05,7.253193e-05,0.00014506387,0.000100594654,7.658462e-05,0.00015316924,5.334914e-05,3.507324e-05,7.014648e-05,8.182525e-05,4.9244944e-05,9.848989e-05,7.323359e-05,9.335944e-05,0.00018671888
96,0.0002206072206745287,0.00021286020968857677,0.0009510252275504172,0.0023047182293682036,6.293165e-05,5.3635038e-05,0.000107270076,0.000101878075,5.807038e-05,0.00011614076,0.00010683048,7.12575e-05,0.000142515,5.584962e-05,5.128697e-05,0.00010257394,8.541993e-05,0.00015355207,0.00030710414,8.4451334e-05,8.771066e-05,0.00017542132
97,0.0002292905179233284,0.00016473614593587373,0.0007743332535028458,0.0022919170231334614,6.3544714e-05,7.147063e-05,0.00014294127,0.000102114565,6.03471e-05,0.0001206942,0.00010760606,6.8678e-05,0.000137356,5.818216e-05,5.628916e-05,0.00011257832,9.550163e-05,4.7585472e-05,9.5170944e-05,9.428223e-05,8.279628e-05,0.00016559256
98,0.0002235631276102528,0.00012819829353731866,0.0005667891236953437,0.002279021867282002,6.4954096e-05,2.7986589e-05,5.5973178e-05,0.00010044674,6.581199e-05,0.00013162398,0.00010569833,6.4596694e-05,0.00012919339,5.724643e-05,2.4472336e-05,4.8944665e-05,8.695666e-05,5.621893e-05,0.00011243786,9.4999436e-05,4.4308028e-05,8.8616056e-05
99,0.0002141917587476656,0.00015584431207184396,0.0007038251496851444,0.00226603422425432,5.8699632e-05,3.2745484e-05,6.549097e-05,9.8565215e-05,7.340972e-05,0.00014681944,0.00010362867,7.486315e-05,0.00014972631,5.2771135e-05,3.923244e-05,7.846488e-05,8.444071e-05,7.513331e-05,0.00015088111,8.9310015e-05,5.6221197e-05,0.000112442394
100,0.00021917863019328153,0.0001880013580462028,0.0008599912980571389,0.002252955566979888,6.30849e-05,5.157937e-05,0.00010315874,9.847384e-05,7.5563476e-05,0.00015112695,0.00010409876,8.066484e-05,0.00016132968,5.581258e-05,3.920576e-05,7.841152e-05,8.529998e-05,9.131711e-05,0.00018275116,9.398564e-05,9.16066e-05,0.0001832132
101,0.00021661991493318017,0.00013676450755774233,0.0006237226189114153,0.0022397873787101106,6.0694667e-05,2.7421556e-05,5.4843113e-05,9.939022e-05,5.7733567e-05,0.00011546713,0.00010489602,7.1241564e-05,0.00014248313,5.353037e-05,2.6779404e-05,5.3558808e-05,8.3333085e-05,6.424053e-05,0.00012865014,9.210828e-05,6.436015e-05,0.0001287203
102,0.00022389595368150377,0.00014889968259541484,0.0006824503652751446,0.0022265311528501088,6.429488e-05,5.17657e-05,0.0001035314,0.00010193317,5.3752894e-05,0.00010750579,0.000106810236,6.342748e-05,0.00012685495,5.6345685e-05,3.350762e-05,6.701524e-05,8.53826e-05,6.222386e-05,0.00012444772,9.816779e-05,7.654763e-05,0.00015309526
103,0.0003000399844577064,0.00011894863489852002,0.0005404192488640547,0.002213188392789351,9.015225e-05,2.4001642e-05,4.8003283e-05,0.00013973283,4.7778238e-05,9.5556476e-05,0.00014436293,5.403274e-05,0.00010806548,7.6212e-05,3.2316166e-05,6.463233e-05,0.00010415302,6.646846e-05,0.00013331998,0.0001370784,4.542083e-05,9.084166e-05
104,0.00016500253127100126,0.0001851886870269382,0.0008367528207600117,0.002199760611731158,4.169631e-05,5.3996657e-05,0.00010799331,7.521691e-05,8.4238825e-05,0.00016847765,8.056798e-05,9.6519405e-05,0.00019303881,4.0753213e-05,3.921156e-05,7.842312e-05,7.013263e-05,6.304067e-05,0.00012609831,6.4941894e-05,8.1360806e-05,0.00016272161
105,0.0004005977286377303,0.00016203595732224667,0.000718346331268549,0.0021862493325210844,0.000107403575,2.9068875e-05,5.813775e-05,0.00014749757,0.00010030331,0.00020060662,0.00015298737,9.619305e-05,0.0001923861,0.00010777369,3.0466304e-05,6.093261e-05,0.00017870404,5.2083993e-05,0.00010421408,0.000336118,5.1034574e-05,0.00010206915
106,0.00018250838943570648,0.0001954175345491058,0.0009880022844299674,0.0021726560874742186,5.027234e-05,6.9801616e-05,0.00013960323,8.670687e-05,6.201361e-05,0.00012402722,9.126778e-05,6.9440495e-05,0.00013888099,4.6338133e-05,9.628869e-05,0.00019257738,6.895008e-05,8.044261e-05,0.0001612805,6.634504e-05,0.00011581649,0.00023163299
107,0.0002038901559153199,0.00030759940803334895,0.0012910279911011457,0.0021589824182013983,5.831309e-05,0.000113181435,0.00022636287,9.30758e-05,0.00013857783,0.00027715566,9.807202e-05,0.00017937622,0.00035875244,5.318034e-05,5.6146055e-05,0.00011229211,7.892158e-05,7.5011725e-05,0.00015002345,8.103098e-05,8.322071e-05,0.00016644142
108,0.00021490691769979547,0.00019561454608209053,0.0008740128250792623,0.0021452298754343793,6.0263857e-05,7.9638245e-05,0.00015927649,0.000100066434,8.098826e-05,0.00016197652,0.000104604725,7.880448e-05,0.00015760896,5.4279626e-05,4.4601205e-05,8.920241e-05,8.1742306e-05,7.012553e-05,0.00014025105,8.7599576e-05,8.2848666e-05,0.00016569733
109,0.00020757257406372846,0.00015008573971450902,0.0007334758411161602,0.002131400018849965,5.768159e-05,4.62954e-05,9.25908e-05,9.411152e-05,5.6791418e-05,0.000113582835,9.903398e-05,6.691692e-05,0.00013383383,5.2367155e-05,2.6073305e-05,5.214661e-05,8.340982e-05,5.5722274e-05,0.00011144455,8.529787e-05,0.00011493859,0.00022987719
110,0.00020171796661993686,0.00015764987619536455,0.0007084561511874199,0.0021174944168931235,5.6905516e-05,4.1435735e-05,8.287147e-05,9.1695474e-05,8.554408e-05,0.00017108816,9.681993e-05,8.31736e-05,0.0001663472,5.1190527e-05,4.3420798e-05,8.6841595e-05,7.843985e-05,5.0682447e-05,0.000101364894,8.526473e-05,4.9971408e-05,9.9942816e-05
111,0.0006453325431580656,0.0001770204452297756,0.000807928096037358,0.0021035146465991127,0.00021825181,4.7247326e-05,9.449465e-05,0.0002165844,8.538781e-05,0.00017077562,0.00022730604,9.286301e-05,0.00018572602,0.00018129226,4.934421e-05,9.868842e-05,0.0002409912,6.0526716e-05,0.00012105343,0.0006293661,6.8595e-05,0.00013719
112,0.00015863994922727154,0.00014136012164924427,0.0006457705167122185,0.0020894622934146245,3.8371232e-05,4.8660884e-05,9.732177e-05,7.669731e-05,5.3999862e-05,0.000107999724,8.131559e-05,5.528012e-05,0.00011056024,3.965762e-05,4.783757e-05,9.567514e-05,6.367172e-05,6.381014e-05,0.00012762028,5.68218e-05,5.3296688e-05,0.000106593376
113,0.00018354740570230852,0.0002201023376385482,0.0010165153071284294,0.0020753389510179817,4.857727e-05,8.671747e-05,0.00017343494,8.9644185e-05,7.763941e-05,0.00015527882,9.3774564e-05,9.020115e-05,0.0001804023,4.4989243e-05,7.0679074e-05,0.00014135815,6.9101894e-05,8.228808e-05,0.00016457617,6.3953245e-05,0.000100732475,0.00020146495
114,0.00020065350511455868,0.00023675347709056307,0.001018572598695755,0.0020611462211384,5.38952e-05,7.608771e-05,0.00015217542,9.431167e-05,0.00011143258,0.00022286516,9.908636e-05,0.00013637867,0.00027275734,4.9125963e-05,5.9095742e-05,0.00011819148,7.921726e-05,6.5630884e-05,0.00013126177,7.588826e-05,6.0660703e-05,0.000121321405
115,0.0002034573430576445,0.00014974936811832157,0.0006946696667000651,0.0020468857133743323,5.8533504e-05,3.0427926e-05,6.085585e-05,8.976096e-05,7.982487e-05,0.00015964975,9.431605e-05,9.020473e-05,0.00018040946,5.2606443e-05,2.6856886e-05,5.371377e-05,8.3269275e-05,4.3509823e-05,8.7019645e-05,8.524376e-05,7.651058e-05,0.00015302116
116,0.0001947738903135923,0.0002501907544194369,0.0011282695923000574,0.002032559045010927,5.4833603e-05,8.898104e-05,0.00017796208,8.924673e-05,8.7586996e-05,0.00017517399,9.346153e-05,0.00011325928,0.00022651858,4.954132e-05,9.31665e-05,0.000186333,7.537965e-05,0.00010020459,0.00020040918,8.2235114e-05,8.0936385e-05,0.00016187277
117,0.000198091385137166,0.00017230803649875435,0.0008051041513681412,0.0020181678408366104,5.5429708e-05,5.2393923e-05,0.00010478784,9.104648e-05,8.212513e-05,0.00016425026,9.5289826e-05,8.650026e-05,0.00017300052,4.9664086e-05,6.5147164e-05,0.00013029433,7.64406e-05,5.1649724e-05,0.00010329945,8.4927946e-05,6.473586e-05,0.00012947172
118,0.00020307865763128963,0.0001738643232762521,0.0007768975337967277,0.00200371373295882,5.7332505e-05,3.7255046e-05,7.451009e-05,9.246141e-05,9.507678e-05,0.00019015356,9.73772e-05,9.712526e-05,0.00019425052,5.158426e-05,2.937652e-05,5.875304e-05,7.874647e-05,6.13055e-05,0.00012284584,8.635099e-05,6.8192254e-05,0.00013638451
119,0.0002052637671286926,0.00012665401427840907,0.0005707409582100809,0.0019891983606189043,5.7525052e-05,3.203138e-05,6.406276e-05,9.429287e-05,5.343575e-05,0.0001068715,9.897107e-05,5.3360425e-05,0.00010672085,5.151069e-05,3.6718306e-05,7.343661e-05,7.9645855e-05,6.637555e-05,0.0001327511,8.5414584e-05,4.3449054e-05,8.689811e-05
120,0.00020011070083762096,0.0001675194150848908,0.000739055743906647,0.001974623370006222,5.4773413e-05,2.6548998e-05,5.3097996e-05,9.234758e-05,7.422867e-05,0.00014845734,9.652624e-05,8.2492734e-05,0.00016498547,4.9924616e-05,3.1620475e-05,6.324095e-05,7.849194e-05,9.611702e-05,0.00019223405,8.4828695e-05,5.8519978e-05,0.000117039956
121,0.0001865310058427934,0.00017709849165654048,0.0009076151764020324,0.0019599904140714403,5.30208e-05,8.084766e-05,0.00016169532,8.457559e-05,5.5737673e-05,0.00011147535,8.919927e-05,6.315702e-05,0.00012631404,4.72226e-05,4.500054e-05,9.000108e-05,7.264543e-05,4.7518697e-05,9.5037394e-05,7.8697536e-05,0.00016154598,0.00032309195
122,0.0007216165202542209,0.00011582348291477138,0.000522553687915206,0.0019453011523390816,0.00020404825,2.7077627e-05,5.4155254e-05,0.00026692927,5.2321036e-05,0.00010464207,0.0002737598,5.7422418e-05,0.00011484486,0.00016704356,3.0530515e-05,6.106103e-05,0.0002145763,5.1723975e-05,0.00010344795,0.00095404265,4.2201264e-05,8.440253e-05
123,0.00016668433156108643,0.00011178375323856687,0.0004977880162186921,0.0019305572507193095,4.2807005e-05,2.5310472e-05,5.0620944e-05,7.644182e-05,6.374969e-05,0.00012749938,8.1474405e-05,5.8635906e-05,0.00011727181,4.4585286e-05,2.4927316e-05,4.9854632e-05,7.052893e-05,4.0607945e-05,8.121589e-05,5.9051064e-05,3.5662666e-05,7.132533e-05
124,0.00019925719037563842,0.00017251023367069433,0.0007759347790852189,0.001915760381319002,5.2458363e-05,5.8088073e-05,0.00011617615,9.769362e-05,6.6758366e-05,0.00013351673,0.00010168653,6.686801e-05,0.00013373602,4.9036527e-05,4.082326e-05,8.164652e-05,7.460574e-05,8.221361e-05,0.00016442723,7.121932e-05,7.321608e-05,0.00014643215
125,0.0001882848906105396,0.0001779842049728044,0.0008288337849080563,0.0019009122222521171,5.3573305e-05,3.5644855e-05,7.128971e-05,8.544032e-05,0.00010774396,0.00021548792,8.990502e-05,0.00010146927,0.00020293854,4.79006e-05,4.5441186e-05,9.088237e-05,7.474607e-05,5.0151513e-05,0.00010030303,7.452288e-05,7.396612e-05,0.00014793224
126,0.0001817620762354406,0.00015551746586287015,0.0007304981118068099,0.0018860144574493766,4.9994953e-05,3.6053843e-05,7.210769e-05,8.4879546e-05,9.271192e-05,0.00018542384,8.889983e-05,6.774362e-05,0.00013548722,4.5205317e-05,3.4867408e-05,6.9734815e-05,7.0049326e-05,6.0230515e-05,0.000120473116,7.3499104e-05,7.36357e-05,0.0001472714
127,0.0001884201217989863,0.00017144419344360945,0.0007772818789817393,0.001871068776467292,5.3061623e-05,6.675923e-05,0.00013351846,8.547106e-05,7.695389e-05,0.00015390778,8.985629e-05,7.39203e-05,0.0001478406,4.788544e-05,4.6716214e-05,9.343243e-05,7.401595e-05,5.393793e-05,0.00010787586,7.9975194e-05,7.0353395e-05,0.00014070679
128,0.00018353966073631262,0.00026100128167001437,0.0013580531813204288,0.0018560768742965528,5.042098e-05,0.00012842458,0.00025684916,8.594075e-05,4.9880884e-05,9.976178e-05,9.096107e-05,5.3556458e-05,0.00010711291,4.5049266e-05,0.0001422939,0.0002845878,6.943973e-05,0.00011760111,0.00023520224,7.454194e-05,0.00018726967,0.00037453935
129,0.00018873284918857622,0.00033765538245492306,0.001549837295897305,0.0018410404511697964,5.309455e-05,0.00013178821,0.00026357642,8.653524e-05,0.00012476282,0.00024952565,9.101217e-05,0.0001441967,0.0002883934,4.711126e-05,0.00011951919,0.00023903833,7.288085e-05,0.000119938915,0.00023987783,7.950505e-05,0.00013471283,0.00026942565
130,0.00018686398514872928,0.00018121669732773234,0.0008496905211359262,0.0018259612123687843,5.306608e-05,7.770453e-05,0.00015540906,8.516427e-05,6.6151035e-05,0.00013230207,8.947424e-05,6.303275e-05,0.0001260655,4.6825888e-05,6.420521e-05,0.00012841042,7.27617e-05,6.799914e-05,0.00013599829,7.806682e-05,8.575262e-05,0.00017150523
131,0.00017880049366240683,0.00014729132148312546,0.0006623789086006582,0.001810840868031007,5.025086e-05,3.3603188e-05,6.7206376e-05,8.217695e-05,8.414453e-05,0.00016828906,8.669098e-05,8.478419e-05,0.00016956837,4.4897915e-05,2.5991767e-05,5.1983534e-05,6.8804125e-05,4.3369302e-05,8.6738604e-05,7.38904e-05,5.929649e-05,0.00011859298
132,0.00017845062845108477,0.00011459236223795676,0.0005258083692751825,0.0017956811329557362,5.0668925e-05,4.1210496e-05,8.242099e-05,8.09914e-05,4.5616558e-05,9.1233116e-05,8.5724554e-05,5.170446e-05,0.00010340892,4.5244105e-05,2.7331576e-05,5.4663153e-05,6.881651e-05,4.0163857e-05,8.0327714e-05,7.6131604e-05,5.6877223e-05,0.00011375445
133,0.00020852435432336988,0.00034964842853598424,0.0015679087955504656,0.0017804837264095508,5.5530505e-05,6.879296e-05,0.00013758591,8.9180685e-05,0.000179955,0.00035991,9.309438e-05,0.0001649159,0.0003298318,5.176082e-05,8.400187e-05,0.00016800374,9.615868e-05,0.00017061998,0.00034123997,9.10534e-05,0.000115668685,0.00023133736
134,0.00016536801357821393,0.00019268513556650995,0.0008622462628409266,0.0017652503719313521,4.695951e-05,4.6359535e-05,9.271907e-05,7.71522e-05,9.8572484e-05,0.00019714497,8.172813e-05,9.310914e-05,0.00018621828,4.1435625e-05,4.700505e-05,9.40101e-05,6.062231e-05,8.140988e-05,0.00016281976,6.81607e-05,6.4667074e-05,0.00012933413
135,0.00018339048729978244,0.00011593921501167249,0.0005287497770041227,0.0017499827971369007,5.3681713e-05,5.3427015e-05,0.00010685403,8.491731e-05,3.592893e-05,7.185786e-05,8.946467e-05,4.5380675e-05,9.076135e-05,4.5962475e-05,4.2303844e-05,8.460769e-05,6.681735e-05,4.0210034e-05,8.042007e-05,7.6291064e-05,4.712441e-05,9.424882e-05
136,0.00016627226463385207,0.00017493239518298007,0.0007459584739990532,0.0017346827335228846,4.53464e-05,2.4874511e-05,4.9749022e-05,7.808652e-05,9.9984296e-05,0.00019996859,8.223854e-05,9.934453e-05,0.00019868906,4.066314e-05,2.8112952e-05,5.6225905e-05,6.357699e-05,8.0986574e-05,0.00016197315,6.6790126e-05,3.9676343e-05,7.9352685e-05
137,0.00017976456015723498,0.0001040864807425448,0.0004864150541834533,0.0017193519162705497,5.1480143e-05,3.1999305e-05,6.399861e-05,8.1301005e-05,4.879093e-05,9.758186e-05,8.604825e-05,5.133783e-05,0.00010267566,4.5614877e-05,2.556026e-05,5.112052e-05,6.967294e-05,3.2232176e-05,6.446435e-05,7.552238e-05,5.3287014e-05,0.00010657403
138,0.0001704235687173256,0.00023226222449320612,0.0011624874314293265,0.0017039920840489174,4.8790225e-05,9.022968e-05,0.00018045936,7.783121e-05,7.035281e-05,0.00014070563,8.2423634e-05,7.61799e-05,0.0001523598,4.2411462e-05,8.838222e-05,0.00017676444,6.528632e-05,9.7709024e-05,0.00019541805,7.014498e-05,0.0001583901,0.0003167802
139,0.00017289115989793224,0.000101712406613106,0.0004579586675390601,0.001688604978817596,4.807272e-05,3.0113872e-05,6.0227743e-05,8.066808e-05,4.4990247e-05,8.9980495e-05,8.54799e-05,5.1989773e-05,0.000103979546,4.2687432e-05,3.0957966e-05,6.191593e-05,6.474192e-05,3.6311354e-05,7.262271e-05,7.132253e-05,3.4616118e-05,6.9232236e-05
140,0.0004147327530297361,0.00013780063035941076,0.0006379772094078362,0.0016731923456292284,0.00011793798,3.639392e-05,7.278784e-05,0.00015081395,5.1813146e-05,0.00010362629,0.00015781047,5.650981e-05,0.00011301962,0.000111818896,5.111059e-05,0.00010222118,0.00014129972,7.22683e-05,0.00014455795,0.00047409302,5.0882172e-05,0.000101764344
141,0.0001574809506405291,9.786566072449779e-05,0.0004431079141795635,0.0016577559324315848,4.0742452e-05,3.140369e-05,6.280738e-05,7.3932926e-05,3.9425333e-05,7.8850666e-05,7.831582e-05,4.370285e-05,8.74057e-05,3.964408e-05,2.4275383e-05,4.8550766e-05,6.36353e-05,4.0668278e-05,8.1336555e-05,5.808131e-05,4.2078424e-05,8.415685e-05
142,0.00016285932878517032,9.961393525347255e-05,0.0004627902526408434,0.0016422974898693274,4.4243247e-05,2.7343773e-05,5.4687545e-05,7.630082e-05,4.451417e-05,8.902834e-05,8.0730664e-05,4.9559745e-05,9.911949e-05,4.0498497e-05,2.223883e-05,4.447766e-05,6.3390464e-05,3.6524023e-05,7.3048046e-05,6.1479564e-05,5.1214585e-05,0.000102429156
143,0.00016798160062754696,0.00010733267592389685,0.0005024278652854264,0.001626818771085472,4.6711604e-05,3.400563e-05,6.801126e-05,7.747038e-05,4.4243912e-05,8.8487825e-05,8.254923e-05,5.044457e-05,0.00010088914,4.200569e-05,3.17353e-05,6.34706e-05,6.428642e-05,3.827994e-05,7.655988e-05,6.8148875e-05,5.25046e-05,0.0001050092
144,0.00015996751939014302,0.00011857611618839534,0.0005426328862085938,0.0016113215315225603,4.4854816e-05,3.1579206e-05,6.315841e-05,7.301669e-05,6.6695764e-05,0.00013339153,7.742849e-05,6.2168554e-05,0.00012433711,3.9974024e-05,3.3295848e-05,6.6591696e-05,6.2181076e-05,3.4499328e-05,6.8998655e-05,6.632965e-05,4.307774e-05,8.615548e-05
145,0.00016140352971652882,0.00015150891451176502,0.0007186110015027225,0.0015958075287235767,4.6940728e-05,4.4315977e-05,8.8631954e-05,7.3824165e-05,5.8994377e-05,0.00011798875,7.8103265e-05,6.558996e-05,0.00013117993,4.087622e-05,5.5683788e-05,0.000111367575,6.0175375e-05,6.518151e-05,0.00013036303,6.789375e-05,6.953987e-05,0.00013907974
146,0.00016547687267333224,0.0001454718296462955,0.0006628869450651109,0.0015802785221326267,4.5293906e-05,3.0697243e-05,6.139449e-05,7.660261e-05,8.6220956e-05,0.00017244191,8.113269e-05,7.9613936e-05,0.00015922787,4.0773e-05,3.5504516e-05,7.100903e-05,6.403352e-05,4.686854e-05,9.373708e-05,6.825248e-05,5.2538257e-05,0.00010507651
147,0.00016204313235363747,0.00010138997335505048,0.0004708181950263679,0.0015647362728953955,4.5918743e-05,2.685923e-05,5.371846e-05,7.382726e-05,4.7007976e-05,9.401595e-05,7.858537e-05,4.796387e-05,9.592774e-05,4.0706553e-05,2.6760395e-05,5.352079e-05,6.255696e-05,4.0181843e-05,8.036369e-05,6.626394e-05,4.6635785e-05,9.327157e-05
148,0.00015610274538744418,0.00010854119252504405,0.0004926274414174259,0.001549182543659418,4.4597036e-05,3.2877942e-05,6.5755885e-05,7.046865e-05,5.313928e-05,0.00010627856,7.514703e-05,5.4820444e-05,0.00010964089,3.91226e-05,2.7636766e-05,5.5273533e-05,6.057941e-05,3.4517576e-05,6.903515e-05,6.5022316e-05,4.3321714e-05,8.664343e-05
149,0.00015981045390159074,0.00012341844974409773,0.0005494409124366939,0.0015336190983741772,4.3936187e-05,2.0686219e-05,4.1372437e-05,7.4343814e-05,6.697532e-05,0.00013395064,7.94202e-05,7.237209e-05,0.00014474418,3.901762e-05,2.21441e-05,4.42882e-05,6.038483e-05,4.7864647e-05,9.5729294e-05,6.563305e-05,4.4678087e-05,8.9356174e-05
150,0.0004291980974546006,0.00012123772714463521,0.0005663440679199994,0.0015180477020910537,0.000111377805,2.7906965e-05,5.581393e-05,0.0001650378,5.4864802e-05,0.000109729604,0.00017157396,5.9877555e-05,0.00011975511,0.00010799593,3.7836515e-05,7.567303e-05,0.00014614068,5.0807426e-05,0.00010161485,0.00048983505,5.187877e-05,0.00010375754
151,0.00012977414217497327,9.344025248207987e-05,0.00041618087561801076,0.001502470120763151,3.248509e-05,2.0862262e-05,4.1724525e-05,6.121583e-05,4.8296028e-05,9.6592055e-05,6.586921e-05,4.977425e-05,9.954851e-05,3.3958397e-05,1.8974137e-05,3.7948274e-05,5.0630875e-05,3.6545276e-05,7.3091695e-05,5.1534345e-05,3.3637916e-05,6.727583e-05
152,0.00014809482244320903,0.0001184758301259455,0.0005397313507273793,0.0014868881210450189,3.9844832e-05,5.0342383e-05,0.00010068477,7.079387e-05,4.6484627e-05,9.2969254e-05,7.5081785e-05,5.190004e-05,0.00010380008,3.663156e-05,2.4413734e-05,4.8827467e-05,5.5373435e-05,3.4511122e-05,6.9022244e-05,5.5785622e-05,6.2213774e-05,0.00012442755
153,0.00014665152980867694,0.00020335120047265792,0.0008753127185627818,0.0014713034700922967,4.1257324e-05,3.3458586e-05,6.691717e-05,6.775805e-05,0.00013977918,0.00027955836,7.215348e-05,0.00012704893,0.00025409786,3.7024107e-05,3.5534034e-05,7.106807e-05,5.5568475e-05,5.919016e-05,0.00011838063,5.8449154e-05,4.2645323e-05,8.5290645e-05
154,0.000154564270529771,0.00014907892482511544,0.0006857884582132101,0.0014557179353613021,4.330584e-05,6.28568e-05,0.0001257136,7.1301765e-05,6.0880542e-05,0.000121761084,7.618464e-05,6.689679e-05,0.00013379358,3.8758157e-05,2.9947576e-05,5.9895152e-05,5.855575e-05,3.9410766e-05,7.882153e-05,6.239838e-05,8.290174e-05,0.00016580347
155,0.00014887187128429904,0.00015652778508306838,0.0007106222328729928,0.0014401332844085801,4.050441e-05,3.8115402e-05,7.6230805e-05,6.8420144e-05,9.295363e-05,0.00018590727,7.315074e-05,9.791714e-05,0.00019583428,3.7096343e-05,4.241839e-05,8.483678e-05,5.8426183e-05,3.0741314e-05,6.148263e-05,5.9857837e-05,5.3165208e-05,0.000106330415
156,0.00014960006642640578,9.770716091495141e-05,0.00043761124834418297,0.001424551284690448,4.1773612e-05,2.4785375e-05,4.957075e-05,6.7875146e-05,5.3402477e-05,0.00010680495,7.258955e-05,5.1828156e-05,0.00010365631,3.7577174e-05,2.2021573e-05,4.4043147e-05,5.8424073e-05,3.232332e-05,6.464664e-05,6.197635e-05,3.444472e-05,6.888944e-05
157,0.00014445796262231,0.00010450377669315796,0.0004631905467249453,0.001408973703362545,3.999167e-05,2.5283005e-05,5.056601e-05,6.675264e-05,4.6573943e-05,9.3147886e-05,7.1343806e-05,6.149802e-05,0.00012299605,3.5811645e-05,3.064635e-05,6.12927e-05,5.490425e-05,3.698061e-05,7.396122e-05,5.930461e-05,3.0613333e-05,6.1226674e-05
158,0.00014568775763794514,0.0001415837525535337,0.0006742918631061912,0.0013934023070794215,4.0657324e-05,4.872238e-05,9.744476e-05,6.634112e-05,5.9068712e-05,0.000118137425,7.118175e-05,6.552893e-05,0.00013105787,3.6922345e-05,3.1355106e-05,6.271021e-05,5.624717e-05,4.373923e-05,8.747846e-05,5.9944236e-05,8.873158e-05,0.00017746315
159,0.0001458473262801396,0.0001242427935478504,0.0005704078357666731,0.0013778388617941809,4.1151998e-05,2.8611526e-05,5.7223053e-05,6.7185785e-05,5.9647075e-05,0.00011929415,7.1716066e-05,6.624639e-05,0.00013249279,3.6843136e-05,4.2307613e-05,8.4615225e-05,5.4950924e-05,4.6637815e-05,9.327563e-05,5.9319977e-05,4.1753494e-05,8.350699e-05
160,0.00014548777118303445,9.918200697393335e-05,0.0004499619244597852,0.0013622851325582038,3.978476e-05,2.6874146e-05,5.3748292e-05,6.743753e-05,4.084988e-05,8.169976e-05,7.211586e-05,4.996579e-05,9.993158e-05,3.5859302e-05,3.200949e-05,6.401898e-05,5.5929926e-05,4.0603412e-05,8.131755e-05,5.8327038e-05,3.4622873e-05,6.924575e-05
161,0.00014111806887467487,8.876062437987293e-05,0.00039555589319206774,0.0013467428833209723,3.943742e-05,1.9893876e-05,3.9787752e-05,6.572451e-05,4.148991e-05,8.297982e-05,7.068267e-05,5.0774128e-05,0.000101548256,3.445845e-05,1.9730493e-05,3.9460985e-05,5.1939176e-05,3.3409604e-05,6.681921e-05,5.781956e-05,3.2479915e-05,6.495983e-05
162,0.00013961370524573764,0.00010446265609515877,0.0004805813077837229,0.001331213876730022,3.823528e-05,2.7170698e-05,5.4341395e-05,6.452728e-05,5.1535837e-05,0.000103071674,6.9165886e-05,5.272919e-05,0.00010545838,3.4507986e-05,2.9510771e-05,5.9021542e-05,5.3606906e-05,3.7416157e-05,7.4832315e-05,5.6466008e-05,4.1928e-05,8.3856e-05
163,0.00014603653203878377,0.00010555429468777748,0.0004901208449155092,0.001315699873931039,4.0671104e-05,2.6840065e-05,5.368013e-05,6.765744e-05,4.622418e-05,9.244836e-05,7.2395706e-05,5.2034415e-05,0.00010406883,3.645013e-05,2.5881956e-05,5.1763913e-05,5.516775e-05,4.263162e-05,8.526324e-05,5.844656e-05,5.144818e-05,0.00010289636
164,0.00013675621218258406,9.881513644782211e-05,0.0004528870922513306,0.0013002026343681267,3.7922153e-05,3.0175828e-05,6.0351656e-05,6.3820655e-05,3.407066e-05,6.814132e-05,6.8458234e-05,4.1851872e-05,8.3703744e-05,3.341701e-05,3.191949e-05,6.383898e-05,5.0680686e-05,4.795601e-05,9.591202e-05,5.587199e-05,4.0469677e-05,8.093935e-05
165,0.00013985579874089478,9.824719339554189e-05,0.00044797477312386036,0.0012847239155842714,3.8336566e-05,2.3249224e-05,4.6498448e-05,6.457981e-05,5.3218402e-05,0.000106436804,6.9658956e-05,5.4212596e-05,0.00010842519,3.4951012e-05,1.9728674e-05,3.9457347e-05,5.3228297e-05,3.0944062e-05,6.188813e-05,5.6424098e-05,4.2634434e-05,8.526887e-05
166,0.0001311265115258169,8.127311183625013e-05,0.0003632193256635219,0.0012692654730220147,3.660945e-05,1.5545518e-05,3.1091036e-05,6.0359096e-05,4.0815514e-05,8.163103e-05,6.506454e-05,4.7430785e-05,9.486157e-05,3.2646305e-05,1.7263745e-05,3.452749e-05,4.9656133e-05,3.1029052e-05,6.2058105e-05,5.2521158e-05,2.952505e-05,5.90501e-05
167,0.00013539913950049877,0.00011131107386154948,0.000533919082954526,0.001253829059824371,3.74146e-05,3.849509e-05,7.699018e-05,6.3287116e-05,3.8511134e-05,7.702227e-05,6.783238e-05,4.6517027e-05,9.3034054e-05,3.3690998e-05,3.9919232e-05,7.9838464e-05,5.0243503e-05,4.380093e-05,8.760186e-05,5.4582182e-05,5.9716112e-05,0.000119432225
168,0.0001362078905735952,0.00010488817234191184,0.0004971621674485505,0.0012384164266360032,3.659853e-05,3.638842e-05,7.277684e-05,6.215717e-05,3.7746366e-05,7.549273e-05,6.728275e-05,4.3694938e-05,8.7389875e-05,3.3722135e-05,4.8816895e-05,9.763379e-05,5.4113643e-05,4.1655087e-05,8.331017e-05,5.4443644e-05,4.0279385e-05,8.055877e-05
169,0.00012947723667770252,0.00010344004385732517,0.0005140806897543371,0.0012230293214046818,3.539439e-05,2.6055064e-05,5.211013e-05,5.945718e-05,4.5613255e-05,9.122651e-05,6.4412656e-05,4.8021782e-05,9.6043565e-05,3.173896e-05,3.8009282e-05,7.6018565e-05,5.0299994e-05,3.806345e-05,7.61269e-05,5.0893992e-05,6.127751e-05,0.00012255502
170,0.00013277367447047606,9.350146956853098e-05,0.0004391081747598946,0.0012076694891830493,3.5486883e-05,1.9139034e-05,3.8278067e-05,6.222917e-05,4.788236e-05,9.576472e-05,6.692362e-05,5.1422707e-05,0.00010284541,3.222176e-05,2.0133077e-05,4.0266154e-05,5.0645864e-05,3.249787e-05,6.499574e-05,5.268558e-05,4.8479043e-05,9.695809e-05
171,0.0002053243213732593,0.0001392630701212377,0.000675003626383841,0.0011923386719307149,5.649785e-05,6.4742395e-05,0.00012948479,8.316019e-05,4.7298527e-05,9.459705e-05,8.7462e-05,4.9941507e-05,9.9883015e-05,5.118219e-05,5.5033423e-05,0.000110066845,7.014845e-05,4.1637133e-05,8.3274266e-05,0.00019119249,7.8848825e-05,0.00015769765
172,0.0001133952941169245,8.171729317549766e-05,0.0003642341180238873,0.001177038608316698,3.0214997e-05,1.92685e-05,3.8537e-05,5.2842373e-05,3.973715e-05,7.94743e-05,5.7789213e-05,4.358056e-05,8.716112e-05,2.8665883e-05,1.6594315e-05,3.318863e-05,4.340044e-05,3.207047e-05,6.414094e-05,4.2194497e-05,3.0866053e-05,6.1732106e-05
173,0.0001252400513254853,0.00011206187364263078,0.0004981586243957281,0.0011617710335222466,3.5389392e-05,2.310652e-05,4.621304e-05,5.8410264e-05,5.0444793e-05,0.000100889585,6.304843e-05,6.808877e-05,0.00013617754,3.1705567e-05,2.1085447e-05,4.2170894e-05,4.5684756e-05,4.180604e-05,8.361208e-05,4.864023e-05,4.454774e-05,8.909548e-05
174,0.0001293707459349997,0.00013832042446096281,0.000611841503996402,0.0011465376790440484,3.3316235e-05,3.3389515e-05,6.677903e-05,6.088582e-05,6.7187575e-05,0.00013437515,6.549932e-05,6.3202235e-05,0.00012640447,3.1175852e-05,2.636996e-05,5.273992e-05,5.1026585e-05,6.603612e-05,0.00013207224,4.9335395e-05,4.9735325e-05,9.947065e-05
175,0.00011957751728291462,9.573494348464439e-05,0.0004173295455984771,0.0011313402724978624,3.2014214e-05,1.619939e-05,3.239878e-05,5.691499e-05,5.704719e-05,0.00011409438,6.190769e-05,6.362867e-05,0.00012725734,2.917453e-05,1.74437e-05,3.48874e-05,4.3409575e-05,2.7357579e-05,5.4715158e-05,4.6415713e-05,2.6988244e-05,5.3976488e-05
176,0.00012153429379461203,0.00010045684715059786,0.0004929564311169088,0.001116180537422592,3.3811262e-05,3.5877485e-05,7.175497e-05,5.56826e-05,3.7606835e-05,7.521367e-05,6.0487917e-05,4.798636e-05,9.597272e-05,3.051982e-05,2.8146489e-05,5.6292978e-05,4.6216715e-05,2.7282651e-05,5.4565302e-05,4.823247e-05,6.9578375e-05,0.00013915675
177,0.00011971802561009948,0.00013814173095077998,0.0005890965694561601,0.0011010601930848147,3.2120985e-05,2.877183e-05,5.754366e-05,5.6260647e-05,8.0451944e-05,0.00016090389,6.070515e-05,7.63746e-05,0.0001527492,2.8814964e-05,2.125212e-05,4.250424e-05,4.5378398e-05,5.36155e-05,0.000107534586,4.6526166e-05,3.393049e-05,6.786098e-05
178,0.00011825174630538186,7.697519979576554e-05,0.0003591060230974108,0.0010859809542838024,3.2419808e-05,2.3564919e-05,4.7129837e-05,5.460048e-05,3.5114157e-05,7.0228314e-05,5.9512193e-05,3.841511e-05,7.683022e-05,2.9712335e-05,2.0172767e-05,4.0345534e-05,4.4224285e-05,2.4196783e-05,4.8393566e-05,4.7933452e-05,3.808927e-05,7.617854e-05
179,0.00011773419138002815,9.224046544898289e-05,0.000418454990722239,0.0010709445311570462,3.2026503e-05,2.3422765e-05,4.684553e-05,5.4548644e-05,5.12942e-05,0.0001025884,5.9287173e-05,4.341723e-05,8.683446e-05,2.9177558e-05,1.7072918e-05,3.4145836e-05,4.4589637e-05,3.4917462e-05,6.9834925e-05,4.6679077e-05,3.910291e-05,7.820582e-05
180,0.00011999301713132891,0.00012142053814257022,0.0005304526421241462,0.001055952628986307,3.2928274e-05,2.790604e-05,5.581208e-05,5.5592256e-05,6.6112065e-05,0.00013222413,6.0466482e-05,8.371612e-05,0.00016743224,2.9934587e-05,2.3257897e-05,4.6515794e-05,4.5046672e-05,2.5471061e-05,5.0942122e-05,4.741312e-05,3.8763123e-05,7.7526245e-05
181,0.00011617714999054814,0.00010578964586310392,0.0004739216819871217,0.0010410069480042228,3.243044e-05,2.8443526e-05,5.6887053e-05,5.3863467e-05,5.3514977e-05,0.000107029955,5.8599864e-05,5.900463e-05,0.00011800926,2.9136034e-05,1.813178e-05,3.626356e-05,4.263216e-05,3.2346306e-05,6.469261e-05,4.652973e-05,4.5519628e-05,9.1039255e-05
182,0.00011308054628931504,8.942848273004926e-05,0.00038389471592381597,0.001026109183201482,3.0800846e-05,2.4478979e-05,4.8957958e-05,5.2757845e-05,4.052381e-05,8.104762e-05,5.7651716e-05,5.049435e-05,0.0001009887,2.7748483e-05,1.789853e-05,3.579706e-05,4.1994328e-05,3.2559168e-05,6.5118336e-05,4.4286164e-05,2.5992507e-05,5.1985015e-05
183,0.00011081219912277743,8.65573344093546e-05,0.0004045727546326816,0.0010112610241345965,2.9907596e-05,2.3083976e-05,4.6167952e-05,5.161236e-05,4.4950222e-05,8.9900444e-05,5.6183682e-05,4.5592773e-05,9.1185546e-05,2.7119895e-05,1.8740851e-05,3.7481703e-05,4.1821735e-05,2.5414145e-05,5.082829e-05,4.3674467e-05,4.4504402e-05,8.9008805e-05
184,0.00010797756294498947,0.00011250935569262526,0.0005491338670253754,0.0009964641547342893,2.9302313e-05,5.0570794e-05,0.00010114159,5.12641e-05,3.7834587e-05,7.566917e-05,5.625736e-05,3.9599567e-05,7.919913e-05,2.6656235e-05,3.8433256e-05,7.686651e-05,3.8365048e-05,3.612239e-05,7.224478e-05,4.1847936e-05,7.2006354e-05,0.00014401271
185,0.0001142920996994963,9.621148659335105e-05,0.00044307328062132,0.0009817202531145171,3.112291e-05,3.2840922e-05,6.5681845e-05,5.304766e-05,4.2276508e-05,8.4553016e-05,5.7921687e-05,4.9155722e-05,9.8311444e-05,2.847311e-05,3.433936e-05,6.867872e-05,4.304203e-05,2.6842386e-05,5.3684773e-05,4.4295426e-05,3.6081732e-05,7.2163464e-05
186,0.00010894126794510477,8.076910958265339e-05,0.0003574760921765119,0.0009670309913821582,2.9776831e-05,1.8551484e-05,3.7102967e-05,5.1288047e-05,3.907537e-05,7.815074e-05,5.5965895e-05,4.6096e-05,9.2192e-05,2.680279e-05,1.7358305e-05,3.471661e-05,3.9564842e-05,2.9646486e-05,5.9292972e-05,4.2505224e-05,2.8010418e-05,5.6020835e-05
187,0.00010839878834231352,8.101626668292205e-05,0.00034733512438833714,0.0009523980354473773,2.8192402e-05,1.838279e-05,3.676558e-05,5.0577153e-05,3.9335868e-05,7.8671736e-05,5.538923e-05,5.2684132e-05,0.000105368264,2.6400805e-05,1.5512174e-05,3.102435e-05,4.223677e-05,2.5168536e-05,5.0337072e-05,4.0926698e-05,2.2584056e-05,4.516811e-05
188,0.00010853346066174382,8.055242509794127e-05,0.0003595196467358619,0.0009378230448346944,2.9704059e-05,1.7961052e-05,3.5922105e-05,5.013673e-05,3.81504e-05,7.63008e-05,5.474957e-05,4.6079138e-05,9.2158276e-05,2.701734e-05,1.47060155e-05,2.9412031e-05,4.1164043e-05,3.0012761e-05,6.0025526e-05,4.2004813e-05,3.285045e-05,6.57009e-05
189,0.00010568586192238857,7.951473056272608e-05,0.00036514055682346225,0.0009233076724947792,2.8924636e-05,1.8779998e-05,3.7559996e-05,4.931823e-05,3.7977698e-05,7.5955395e-05,5.3945972e-05,4.6518642e-05,9.3037284e-05,2.6220203e-05,1.5846686e-05,3.1693373e-05,3.9012608e-05,2.4760307e-05,4.9520615e-05,4.1078365e-05,3.8686943e-05,7.737389e-05
190,0.00010626959091654791,7.591170806468658e-05,0.0003633365558926016,0.0009088535646169883,2.9219704e-05,2.2225675e-05,4.445135e-05,4.8479244e-05,3.475671e-05,6.951342e-05,5.3251413e-05,4.0522675e-05,8.104535e-05,2.6301268e-05,1.8546607e-05,3.7093218e-05,4.0936287e-05,2.0217576e-05,4.0435152e-05,4.140267e-05,4.5399036e-05,9.079807e-05
191,0.00010602994595107674,9.819074378211587e-05,0.00043480764725245535,0.000894462360442672,2.7753216e-05,1.5163631e-05,3.0327263e-05,5.0303413e-05,5.6173965e-05,0.00011234793,5.49133e-05,6.0730606e-05,0.00012146121,2.581571e-05,1.6149646e-05,3.2299293e-05,3.9764822e-05,3.4960816e-05,6.992163e-05,3.9828694e-05,3.4225162e-05,6.8450325e-05
192,0.0001012459227310656,0.00011245414846341756,0.00048385339323431253,0.0008801356920792667,2.6822547e-05,2.504709e-05,5.009418e-05,4.8259615e-05,6.3711304e-05,0.00012742261,5.2835814e-05,7.230229e-05,0.00014460458,2.4468327e-05,2.1388265e-05,4.277653e-05,3.7020658e-05,3.046063e-05,6.092126e-05,3.810117e-05,2.9017132e-05,5.8034264e-05
193,0.00010245267347021158,8.336626094958025e-05,0.00040307172457687557,0.0008658751843151987,2.7438668e-05,2.5255214e-05,5.051043e-05,4.794232e-05,3.3685898e-05,6.7371795e-05,5.2432464e-05,3.816791e-05,7.633582e-05,2.4886966e-05,3.883118e-05,7.766236e-05,3.865023e-05,3.007203e-05,6.014405e-05,3.9168423e-05,3.5523644e-05,7.104729e-05
194,9.816535412605302e-05,7.466775883214469e-05,0.00033857906237244606,0.000851682454435617,2.6612744e-05,1.980176e-05,3.960352e-05,4.586176e-05,3.6224712e-05,7.2449424e-05,5.043258e-05,3.9908635e-05,7.981727e-05,2.4165223e-05,1.4275354e-05,2.8550709e-05,3.6364556e-05,2.5204563e-05,5.0409126e-05,3.763211e-05,3.3874494e-05,6.774899e-05
195,0.00010137745690797715,8.44290547183221e-05,0.0003680721565615386,0.0008375591120389744,2.7638853e-05,1.6812235e-05,3.362447e-05,4.7389953e-05,5.0029474e-05,0.00010005895,5.170554e-05,5.3208092e-05,0.000106416184,2.5352101e-05,1.5202185e-05,3.0404372e-05,3.7554135e-05,2.4258317e-05,4.8516635e-05,3.9138708e-05,2.4525782e-05,4.9051563e-05
196,9.780673527711326e-05,9.563738477203221e-05,0.00042495623347349465,0.0008235067588544863,2.6317606e-05,2.8144896e-05,5.628979e-05,4.5756362e-05,4.2999927e-05,8.5999854e-05,5.02932e-05,5.102966e-05,0.00010205932,2.3895205e-05,2.3498786e-05,4.699757e-05,3.617239e-05,3.2741227e-05,6.5482454e-05,3.8360977e-05,3.4063636e-05,6.812727e-05
197,9.472539438370957e-05,8.933970698541622e-05,0.00039540164289064705,0.000809526988560475,2.5469137e-05,2.8300266e-05,5.6600533e-05,4.4695596e-05,3.5651447e-05,7.130289e-05,4.9317798e-05,4.3025186e-05,8.605037e-05,2.3521494e-05,2.0302934e-05,4.0605868e-05,3.4456578e-05,3.6263336e-05,7.252667e-05,3.564838e-05,3.415767e-05,6.831534e-05
198,9.711736506486899e-05,6.483196685907988e-05,0.00028963963268324733,0.0007956213866036342,2.5499263e-05,1.660139e-05,3.320278e-05,4.5142973e-05,3.3387092e-05,6.6774184e-05,4.971499e-05,3.5308967e-05,7.0617934e-05,2.3873654e-05,1.4315324e-05,2.8630648e-05,3.7617447e-05,2.1646254e-05,4.3292508e-05,3.6315552e-05,2.3560788e-05,4.7121575e-05
199,9.362767817231285e-05,9.277616765491154e-05,0.0004124738625250757,0.0007817915300192196,2.5176303e-05,2.4089817e-05,4.8179634e-05,4.4249042e-05,3.558241e-05,7.116482e-05,4.8999285e-05,4.8354497e-05,9.6708995e-05,2.2544331e-05,2.2102724e-05,4.4205448e-05,3.378842e-05,4.0915897e-05,8.183179e-05,3.5739788e-05,3.5191584e-05,7.038317e-05
200,9.32894253185446e-05,6.466907417850709e-05,0.0002815237967297435,0.0007680389872522006,2.4865682e-05,1.672852e-05,3.345704e-05,4.3328335e-05,3.0203268e-05,6.0406535e-05,4.7894053e-05,3.820444e-05,7.640888e-05,2.3081866e-05,1.3785045e-05,2.757009e-05,3.548705e-05,2.15432e-05,4.30864e-05,3.499408e-05,2.0297426e-05,4.0594852e-05
201,9.024799358648767e-05,6.187571199726777e-05,0.00027527258498594165,0.0007543653179793804,2.4273288e-05,1.8146211e-05,3.6292422e-05,4.2185864e-05,2.7526778e-05,5.5053555e-05,4.6596422e-05,3.4950765e-05,6.990153e-05,2.2507405e-05,1.7725897e-05,3.5451794e-05,3.341707e-05,1.9232768e-05,3.8465536e-05,3.4240926e-05,2.0053883e-05,4.0107767e-05
202,9.232426639719198e-05,9.112214330693573e-05,0.00038749605300836265,0.0007407720729325148,2.4470262e-05,2.7299226e-05,5.459845e-05,4.4181837e-05,3.9457147e-05,7.8914294e-05,4.8466474e-05,4.585037e-05,9.170074e-05,2.2676235e-05,1.8189014e-05,3.6378027e-05,3.332319e-05,3.825496e-05,7.650992e-05,3.433375e-05,2.4697305e-05,4.939461e-05
203,9.012833055648563e-05,6.446278296064541e-05,0.0002865527058020234,0.0007272607937224413,2.3744302e-05,1.4971126e-05,2.9942252e-05,4.2419913e-05,3.1315147e-05,6.263029e-05,4.7119855e-05,3.8619906e-05,7.723981e-05,2.186619e-05,1.3447245e-05,2.689449e-05,3.349988e-05,2.1075197e-05,4.2150394e-05,3.3552344e-05,2.3847739e-05,4.7695477e-05
204,8.683230152676365e-05,7.187850274103436e-05,0.00033516480471007526,0.0007138330126642476,2.2560167e-05,2.5594942e-05,5.1189883e-05,4.1062824e-05,2.6749542e-05,5.3499083e-05,4.565375e-05,3.0919957e-05,6.183991e-05,2.113296e-05,2.1568832e-05,4.3137665e-05,3.2279153e-05,2.7222539e-05,5.4445078e-05,3.211522e-05,3.552658e-05,7.105316e-05
205,8.832519032125954e-05,5.6222958356195994e-05,0.0002568771305959672,0.0007004902526034898,2.3913924e-05,1.474208e-05,2.948416e-05,4.211997e-05,2.6200249e-05,5.2400497e-05,4.6392786e-05,3.123198e-05,6.246396e-05,2.1653083e-05,1.8119852e-05,3.6239704e-05,3.1257972e-05,1.8150862e-05,3.6301724e-05,3.3206576e-05,1.9993535e-05,3.998707e-05
206,8.658042093428184e-05,6.594838619761343e-05,0.00029325115610845387,0.0006872340267434881,2.2399228e-05,1.9192652e-05,3.8385304e-05,4.1597526e-05,2.7893768e-05,5.5787536e-05,4.5987847e-05,3.5217203e-05,7.0434406e-05,2.091803e-05,2.0413874e-05,4.082775e-05,3.1441465e-05,2.3869008e-05,4.7738016e-05,3.1769156e-05,2.0039062e-05,4.0078125e-05
207,8.19659523995846e-05,6.852626468544443e-05,0.00031300284899771214,0.0006740658384737107,2.1813725e-05,1.8530145e-05,3.706029e-05,3.90309e-05,2.9522902e-05,5.904581e-05,4.3398395e-05,3.7677306e-05,7.535461e-05,2.0113757e-05,1.5247826e-05,3.0495652e-05,2.920342e-05,2.3326234e-05,4.665247e-05,3.055473e-05,3.219702e-05,6.439404e-05
208,8.374816043107718e-05,9.444940474480473e-05,0.00040535887819714844,0.0006609871811992791,2.2006743e-05,2.9773642e-05,5.9547285e-05,3.9507242e-05,4.4248434e-05,8.849687e-05,4.39244e-05,5.2411837e-05,0.00010482367,2.0694866e-05,2.6450205e-05,5.290041e-05,3.0915948e-05,2.9483048e-05,5.8966096e-05,3.1018924e-05,2.031227e-05,4.062454e-05
209,8.494120611413238e-05,6.374438668070493e-05,0.00027844429132528603,0.000647999538171597,2.2540382e-05,1.797923e-05,3.595846e-05,4.0353087e-05,3.0052837e-05,6.0105674e-05,4.4669472e-05,3.8005004e-05,7.601001e-05,2.0975154e-05,1.0601684e-05,2.1203368e-05,3.0851563e-05,1.8550161e-05,3.7100323e-05,3.1154275e-05,2.4033234e-05,4.8066468e-05
210,8.134381653434109e-05,0.00012810707645639834,0.0005518977413885295,0.0006351043823201377,2.0805233e-05,4.7568108e-05,9.5136216e-05,3.868633e-05,5.9327045e-05,0.00011865409,4.3127988e-05,7.347558e-05,0.00014695116,1.9536881e-05,3.034546e-05,6.069092e-05,3.0419373e-05,2.805212e-05,5.610424e-05,2.9229983e-05,3.7180573e-05,7.4361145e-05
211,8.138195449538768e-05,5.4942261533587474e-05,0.0002475408837199211,0.0006223031760853958,2.1221684e-05,1.39104095e-05,2.7820819e-05,3.812449e-05,2.4482999e-05,4.8965998e-05,4.2412517e-05,3.222664e-05,6.445328e-05,1.9695965e-05,1.2639e-05,2.5278e-05,3.093223e-05,1.790744e-05,3.581488e-05,2.98609e-05,2.2603952e-05,4.5207904e-05
212,8.003882697900732e-05,6.833798330897246e-05,0.000322600913932547,0.0006095973712530354,2.091046e-05,2.140396e-05,4.280792e-05,3.771996e-05,2.5399777e-05,5.0799554e-05,4.2084048e-05,3.308099e-05,6.616198e-05,1.9718465e-05,3.0945266e-05,6.189053e-05,2.9680927e-05,2.4776848e-05,4.9553695e-05,2.9457991e-05,2.5693613e-05,5.1387226e-05
213,8.039827228263268e-05,6.10405627254823e-05,0.00026926095597445965,0.0005969884087892396,2.1230155e-05,1.499551e-05,2.9991023e-05,3.838209e-05,3.5349036e-05,7.069807e-05,4.2584685e-05,3.5440407e-05,7.0880815e-05,1.9634834e-05,1.2199551e-05,2.4399102e-05,2.9015993e-05,1.7073322e-05,3.4146644e-05,2.9192493e-05,1.9572642e-05,3.9145285e-05
214,7.589787943925777e-05,6.378989122537564e-05,0.0002827230200637132,0.0005844777186772925,1.967859e-05,1.23151995e-05,2.4630399e-05,3.6589612e-05,3.407435e-05,6.81487e-05,4.106367e-05,3.9805353e-05,7.9610705e-05,1.8362094e-05,1.4106573e-05,2.8213146e-05,2.6649474e-05,2.059098e-05,4.118196e-05,2.76972e-05,2.0469046e-05,4.0938092e-05
215,7.750610792253807e-05,6.429293940616203e-05,0.0002911134797614068,0.0005720667197554047,2.0328662e-05,1.5674865e-05,3.134973e-05,3.7018006e-05,3.0163901e-05,6.0327802e-05,4.1098807e-05,3.7626454e-05,7.525291e-05,1.8964369e-05,1.4495454e-05,2.8990908e-05,2.8060576e-05,2.0585898e-05,4.1171796e-05,2.8158149e-05,2.701017e-05,5.402034e-05
216,7.467972589782338e-05,7.107596963862821e-05,0.000307150388834998,0.000559756819555802,1.9824643e-05,1.34710735e-05,2.6942147e-05,3.5509154e-05,3.2417585e-05,6.483517e-05,3.972195e-05,4.079952e-05,8.159904e-05,1.8284725e-05,1.5084436e-05,3.0168872e-05,2.659207e-05,3.229707e-05,6.459832e-05,2.7602411e-05,1.950342e-05,3.900684e-05
217,7.624966098378461e-05,6.337068054093155e-05,0.0002803583920467645,0.000547549414145096,1.9085557e-05,1.4622472e-05,2.9244944e-05,3.6351907e-05,3.4537596e-05,6.907519e-05,4.0641145e-05,3.9353887e-05,7.870777e-05,1.8280882e-05,1.4693827e-05,2.9387656e-05,2.8860497e-05,1.7269616e-05,3.4539233e-05,2.6962487e-05,1.9701805e-05,3.940361e-05
218,7.40319234065407e-05,5.8502688660504914e-05,0.0002537318505346775,0.0005354458879659596,1.954964e-05,1.3227874e-05,2.6455748e-05,3.5325123e-05,2.4185962e-05,4.8371927e-05,3.9670424e-05,2.8160784e-05,5.632157e-05,1.8112392e-05,1.1161134e-05,2.2322269e-05,2.6193675e-05,3.118013e-05,6.236026e-05,2.6996378e-05,1.895005e-05,3.79001e-05
219,7.31239992212845e-05,5.547444265938144e-05,0.00024333929468411952,0.0005234476136801124,1.8507386e-05,1.2358556e-05,2.4717112e-05,3.4825705e-05,2.581469e-05,5.162938e-05,3.9082573e-05,3.224097e-05,6.448194e-05,1.7576021e-05,1.3608068e-05,2.7216136e-05,2.7404592e-05,2.1309239e-05,4.2618478e-05,2.560377e-05,1.6338125e-05,3.267625e-05
220,7.293900774568804e-05,5.7020705321596036e-05,0.000256091560004279,0.0005115559520126519,1.8917639e-05,1.328797e-05,2.657594e-05,3.539386e-05,2.5167157e-05,5.0334314e-05,3.965072e-05,3.1476065e-05,6.295213e-05,1.777821e-05,1.5277032e-05,3.0554063e-05,2.5333056e-05,2.2575505e-05,4.515101e-05,2.6147496e-05,2.0262049e-05,4.0524097e-05
221,7.157802502562865e-05,5.1811125867000175e-05,0.00023371950373984873,0.000499772251597731,1.8616603e-05,1.0704852e-05,2.1409704e-05,3.394792e-05,2.4036468e-05,4.8072936e-05,3.8044556e-05,2.9279798e-05,5.8559595e-05,1.743521e-05,1.5204211e-05,3.0408422e-05,2.6295127e-05,2.0588728e-05,4.1177456e-05,2.570296e-05,1.7045699e-05,3.4091398e-05
222,7.090055619672144e-05,5.724799786085574e-05,0.00025062094209715724,0.0004880978488256082,1.7980356e-05,1.6858286e-05,3.3716573e-05,3.440857e-05,2.2374767e-05,4.4749533e-05,3.8640977e-05,2.8617422e-05,5.7234844e-05,1.688952e-05,1.5029148e-05,3.0058296e-05,2.5293282e-05,2.4597626e-05,4.9195252e-05,2.4847637e-05,1.7833223e-05,3.5666446e-05
223,7.03186039943311e-05,5.907646408078439e-05,0.00026578118558973074,0.0004765340676910908,1.8278168e-05,1.6257643e-05,3.2515287e-05,3.3086053e-05,2.9930312e-05,5.9860624e-05,3.7287115e-05,3.223431e-05,6.446862e-05,1.7101756e-05,1.244579e-05,2.489158e-05,2.6149926e-05,1.8111306e-05,3.6222613e-05,2.5225409e-05,2.3911227e-05,4.7822454e-05
224,6.919892953846611e-05,5.5944971173784945e-05,0.00024024434969760478,0.0004650822196433772,1.7497345e-05,1.5570866e-05,3.114173e-05,3.303409e-05,2.7492766e-05,5.4985525e-05,3.7290658e-05,3.3432807e-05,6.6865614e-05,1.6790922e-05,1.1119895e-05,2.223979e-05,2.5568348e-05,1.6650667e-05,3.3301334e-05,2.4065941e-05,1.5855177e-05,3.1710355e-05
225,6.59363056633535e-05,5.466184679553524e-05,0.00024138287699315697,0.0004537436034373276,1.7120745e-05,1.3768148e-05,2.7536296e-05,3.1547283e-05,2.5977513e-05,5.1955027e-05,3.576007e-05,3.113327e-05,6.226654e-05,1.599386e-05,1.3061232e-05,2.6122463e-05,2.3312306e-05,1.8974837e-05,3.7949674e-05,2.365659e-05,1.777644e-05,3.555288e-05
226,6.69038133630117e-05,5.3382324248566824e-05,0.00023318752937484533,0.00044251950498617174,1.7499584e-05,1.034718e-05,2.069436e-05,3.1894575e-05,2.5914727e-05,5.1829455e-05,3.6145102e-05,3.2424286e-05,6.484857e-05,1.6396129e-05,1.1642164e-05,2.3284329e-05,2.3605815e-05,2.0488567e-05,4.0977135e-05,2.4275374e-05,1.5776843e-05,3.1553685e-05
227,6.54411879185711e-05,5.199361636981229e-05,0.0002389909786870703,0.0004314111972156727,1.6627933e-05,1.3313166e-05,2.6626332e-05,3.1787215e-05,2.3892795e-05,4.778559e-05,3.5922632e-05,2.7921782e-05,5.5843564e-05,1.5910997e-05,1.0596404e-05,2.1192807e-05,2.2879056e-05,1.8157662e-05,3.6315323e-05,2.3051061e-05,2.5613677e-05,5.1227355e-05
228,6.541281635685903e-05,7.412963182462723e-05,0.00032114313216879964,0.00042041993991976393,1.6640995e-05,1.7836925e-05,3.567385e-05,3.133963e-05,4.2604403e-05,8.5208805e-05,3.5466786e-05,4.855472e-05,9.710944e-05,1.5755848e-05,1.532793e-05,3.065586e-05,2.3746346e-05,1.6543498e-05,3.3087e-05,2.281751e-05,1.9704074e-05,3.9408147e-05
229,6.338593017609425e-05,5.7169254450333255e-05,0.00024597893934696913,0.00040954697961767815,1.6301245e-05,1.3372525e-05,2.674505e-05,3.0710093e-05,3.2659846e-05,6.531969e-05,3.4855624e-05,3.4853314e-05,6.9706635e-05,1.5413447e-05,1.1037574e-05,2.2075148e-05,2.1929707e-05,1.6605394e-05,3.321079e-05,2.2282255e-05,1.4460816e-05,2.8921631e-05
230,6.408854241492077e-05,4.9642060131421256e-05,0.00022025645012035966,0.00039879354941257624,1.6366957e-05,1.1810203e-05,2.3620407e-05,3.0658328e-05,2.7355667e-05,5.4711334e-05,3.4828743e-05,2.7784987e-05,5.5569966e-05,1.5305191e-05,1.0807835e-05,2.161567e-05,2.316387e-05,1.6123086e-05,3.224617e-05,2.2391294e-05,1.6246457e-05,3.2492913e-05
231,6.0924093141440986e-05,4.641852792110756e-05,0.00021202594507485628,0.0003881608688517048,1.5385636e-05,1.0505839e-05,2.1011678e-05,2.9647481e-05,2.133955e-05,4.26791e-05,3.378663e-05,2.593518e-05,5.187036e-05,1.4557408e-05,1.1681097e-05,2.3362194e-05,2.1151816e-05,1.7155038e-05,3.4310076e-05,2.1210546e-05,1.9396264e-05,3.879253e-05
232,6.115398544819826e-05,4.867473235978905e-05,0.00021418560936581343,0.0003776501437880827,1.5688773e-05,1.0069631e-05,2.0139261e-05,2.949032e-05,2.4955478e-05,4.9910956e-05,3.3636064e-05,3.1202606e-05,6.240521e-05,1.4919956e-05,1.0139764e-05,2.0279527e-05,2.1352553e-05,1.4896541e-05,2.9793082e-05,2.1256265e-05,1.5828786e-05,3.165757e-05
233,6.102895651419301e-05,4.968011842335033e-05,0.00023201166186481714,0.00036726256624374995,1.5384372e-05,1.5932448e-05,3.1864896e-05,2.9525378e-05,2.0573878e-05,4.1147756e-05,3.3679815e-05,2.565316e-05,5.130632e-05,1.4653675e-05,1.20282275e-05,2.4056455e-05,2.1518908e-05,1.49670495e-05,2.9934099e-05,2.1202786e-05,2.6851072e-05,5.3702144e-05
234,6.00956891464346e-05,5.046681258182456e-05,0.00022593315225094557,0.0003569993142745764,1.51650775e-05,1.2971244e-05,2.5942489e-05,2.9179735e-05,2.6030655e-05,5.206131e-05,3.326047e-05,2.881155e-05,5.76231e-05,1.44069845e-05,1.2004246e-05,2.4008492e-05,2.1052236e-05,1.5193411e-05,3.038682e-05,2.0691952e-05,1.7955477e-05,3.5910954e-05
235,5.903970032402918e-05,4.6906133259461484e-05,0.00021391277550719678,0.0003468615518366613,1.4926572e-05,1.1433051e-05,2.2866103e-05,2.8560087e-05,2.1882584e-05,4.376517e-05,3.25199e-05,2.6554411e-05,5.3108823e-05,1.4182975e-05,1.0033923e-05,2.0067846e-05,2.084341e-05,1.576953e-05,3.153906e-05,2.047348e-05,2.128289e-05,4.256578e-05
236,5.790613818679189e-05,6.039014364278429e-05,0.0002595245314296335,0.0003368504286543259,1.4480752e-05,1.11558065e-05,2.2311613e-05,2.8261153e-05,3.6915822e-05,7.3831645e-05,3.228866e-05,4.0681556e-05,8.136311e-05,1.3866278e-05,1.0649215e-05,2.129843e-05,2.0096768e-05,1.565974e-05,3.131948e-05,1.9897485e-05,1.4700122e-05,2.9400246e-05
237,5.755630020015786e-05,4.267848781704358e-05,0.00019152017193846405,0.00032696708008972777,1.46890925e-05,1.0275183e-05,2.0550366e-05,2.7405582e-05,2.0045323e-05,4.0090647e-05,3.1569718e-05,2.5114485e-05,5.022897e-05,1.3975468e-05,1.0123521e-05,2.0247042e-05,2.0591546e-05,1.4032608e-05,2.8065217e-05,1.9896699e-05,1.616897e-05,3.233794e-05
238,5.7349889747818245e-05,4.4708973587400315e-05,0.00019217999943066388,0.00031721262701409346,1.433161e-05,1.0322255e-05,2.064451e-05,2.7407224e-05,2.062657e-05,4.125314e-05,3.138793e-05,2.8576402e-05,5.7152803e-05,1.37170355e-05,9.039463e-06,1.8078927e-05,2.0997048e-05,1.4773558e-05,2.9547116e-05,1.9656845e-05,1.2751758e-05,2.5503516e-05
239,5.4973275785164254e-05,4.669586572471243e-05,0.00020016627968288958,0.0003075881756806055,1.39252525e-05,9.988527e-06,1.9977055e-05,2.6653739e-05,2.4810428e-05,4.9620856e-05,3.0679992e-05,2.9145802e-05,5.8291604e-05,1.3294959e-05,8.344928e-06,1.6689855e-05,1.8881443e-05,1.5327058e-05,3.0654115e-05,1.9038818e-05,1.2466399e-05,2.4932799e-05
240,5.60599491056012e-05,4.6755240797239626e-05,0.0002079484984278679,0.00029809481759893885,1.36711715e-05,1.1396413e-05,2.2792827e-05,2.6940726e-05,2.391242e-05,4.782484e-05,3.092683e-05,2.6965788e-05,5.3931577e-05,1.3301799e-05,1.3296854e-05,2.6593709e-05,2.072827e-05,1.4992867e-05,2.9985735e-05,1.8752251e-05,1.34099055e-05,2.6819811e-05
241,5.462910467566714e-05,5.872412661254293e-05,0.00025235177599824965,0.0002887336294114749,1.385844e-05,1.2206968e-05,2.4413936e-05,2.6539696e-05,3.3924258e-05,6.7848516e-05,3.051267e-05,3.9105264e-05,7.821053e-05,1.3231264e-05,1.0142983e-05,2.0285966e-05,1.8748708e-05,1.5199234e-05,3.0398469e-05,1.8646979e-05,1.5597185e-05,3.119437e-05
242,5.309631439120374e-05,4.877815220831348e-05,0.00021216853929217905,0.0002795056727711971,1.3382279e-05,1.047958e-05,2.095916e-05,2.5823432e-05,2.4564704e-05,4.912941e-05,2.9781539e-05,3.0730273e-05,6.1460545e-05,1.2789603e-05,9.336154e-06,1.8672308e-05,1.8140798e-05,1.5820478e-05,3.1640957e-05,1.8300838e-05,1.5153085e-05,3.030617e-05
243,5.24197333729143e-05,4.31061132723488e-05,0.00018703113892115653,0.0002704119942212917,1.3192208e-05,1.0721707e-05,2.1443415e-05,2.5416224e-05,2.1122534e-05,4.224507e-05,2.9433304e-05,2.680702e-05,5.361404e-05,1.2597492e-05,9.5300065e-06,1.9060013e-05,1.8059098e-05,1.2946924e-05,2.5893847e-05,1.7752356e-05,1.238738e-05,2.477476e-05
244,5.174652801945418e-05,4.479795839206358e-05,0.00020028337894473225,0.0002614536250764564,1.2694857e-05,1.0178512e-05,2.0357023e-05,2.5413736e-05,2.3173263e-05,4.6346526e-05,2.928873e-05,2.5566877e-05,5.1133753e-05,1.23161135e-05,1.0817045e-05,2.163409e-05,1.778629e-05,1.5235394e-05,3.0470788e-05,1.746697e-05,1.5170595e-05,3.034119e-05
245,5.1710558460679866e-05,4.424398119957571e-05,0.00019765757315326482,0.0002526315813059412,1.2830196e-05,1.3831061e-05,2.7662121e-05,2.5204883e-05,1.8774354e-05,3.7548707e-05,2.9092409e-05,2.5302186e-05,5.0604373e-05,1.2214659e-05,1.0304364e-05,2.0608728e-05,1.7966055e-05,1.2686826e-05,2.5373653e-05,1.7425951e-05,1.7929997e-05,3.5859994e-05
246,5.054627837086063e-05,5.020410182207702e-05,0.000216049695154652,0.00024394686341832486,1.2765954e-05,8.656282e-06,1.7312565e-05,2.4434761e-05,2.887853e-05,5.775706e-05,2.830141e-05,3.1626147e-05,6.325229e-05,1.2171047e-05,9.517047e-06,1.9034094e-05,1.7477514e-05,1.730347e-05,3.460694e-05,1.7163813e-05,1.2043365e-05,2.408673e-05
247,4.9468652703259857e-05,4.747636021017622e-05,0.0002166173217119649,0.0002354004563480497,1.2342548e-05,1.674319e-05,3.348638e-05,2.4079713e-05,1.855937e-05,3.711874e-05,2.7949793e-05,2.4519442e-05,4.9038885e-05,1.1881052e-05,1.1897002e-05,2.3794004e-05,1.6979886e-05,1.4102509e-05,2.8205019e-05,1.6539976e-05,2.2487147e-05,4.4974295e-05
248,4.9162325695156074e-05,4.87178103984065e-05,0.00020854349713772535,0.0002269933293437185,1.2096486e-05,8.636841e-06,1.7273682e-05,2.4262228e-05,2.5037878e-05,5.0075756e-05,2.8128483e-05,2.9035089e-05,5.8070178e-05,1.1700374e-05,9.1970705e-06,1.8394141e-05,1.6513806e-05,2.0399313e-05,4.0798626e-05,1.6357297e-05,1.196556e-05,2.393112e-05
249,4.871517572582889e-05,4.2079135212257536e-05,0.00018152558186557144,0.0002187264358581727,1.234359e-05,8.1210765e-06,1.6242153e-05,2.3686705e-05,2.4286057e-05,4.8572114e-05,2.7475298e-05,2.7344191e-05,5.4688382e-05,1.1706215e-05,7.783648e-06,1.5567295e-05,1.650743e-05,1.23152495e-05,2.4630499e-05,1.6473774e-05,1.091257e-05,2.182514e-05
250,4.751881545400833e-05,3.885186740806046e-05,0.00017639968427829444,0.0002106007134403597,1.1779621e-05,1.0008861e-05,2.0017722e-05,2.3148697e-05,1.7247856e-05,3.449571e-05,2.6954463e-05,2.2539107e-05,4.5078214e-05,1.1395398e-05,9.417133e-06,1.8834266e-05,1.6318474e-05,1.2471964e-05,2.4943922e-05,1.5760115e-05,1.6514927e-05,3.3029857e-05
251,4.7331815889185577e-05,4.0072247889265726e-05,0.00017899491649586707,0.00020261708362900798,1.15957155e-05,1.0595002e-05,2.1190004e-05,2.3234305e-05,1.7951723e-05,3.5903446e-05,2.7066948e-05,2.3094291e-05,4.6188583e-05,1.1254458e-05,1.02724225e-05,2.0544845e-05,1.6115466e-05,1.3207033e-05,2.6414065e-05,1.5590225e-05,1.43769885e-05,2.8753977e-05
252,4.647055179291837e-05,3.991872527870774e-05,0.00017704277706798166,0.0001947764518481136,1.1624864e-05,9.479562e-06,1.8959125e-05,2.2613991e-05,2.0004296e-05,4.0008592e-05,2.6529517e-05,2.3146462e-05,4.6292924e-05,1.1152074e-05,8.97019e-06,1.794038e-05,1.5589505e-05,1.334308e-05,2.668616e-05,1.5664267e-05,1.35777955e-05,2.7155591e-05
253,4.5985502099974954e-05,4.2573924302006624e-05,0.00018517275748308748,0.00018707970730425536,1.1293504e-05,8.631538e-06,1.7263075e-05,2.2612783e-05,2.1304448e-05,4.2608895e-05,2.6417067e-05,2.6770522e-05,5.3541044e-05,1.0946035e-05,9.936818e-06,1.9873636e-05,1.5506677e-05,1.4617882e-05,2.9235764e-05,1.4998389e-05,1.1325173e-05,2.2650345e-05
254,4.5154319818776796e-05,4.408294503269697e-05,0.00019050174159929156,0.0001795277228857522,1.1103891e-05,9.409677e-06,1.8819353e-05,2.207548e-05,2.5238274e-05,5.047655e-05,2.5956157e-05,2.957535e-05,5.91507e-05,1.0772761e-05,7.804287e-06,1.5608573e-05,1.5257451e-05,1.0763645e-05,2.152729e-05,1.4796812e-05,1.2459637e-05,2.4919274e-05
255,4.451077830991424e-05,3.900083246680189e-05,0.00017301415209658444,0.0001721213550636664,1.0991082e-05,8.958436e-06,1.7916873e-05,2.1802252e-05,2.1466834e-05,4.293367e-05,2.558964e-05,2.3975688e-05,4.7951376e-05,1.0656743e-05,8.660252e-06,1.7320504e-05,1.4928511e-05,1.0721372e-05,2.1442744e-05,1.4624808e-05,1.272449e-05,2.544898e-05
256,4.383235731862626e-05,3.8080938424770246e-05,0.0001698830456007272,0.0001648614437946729,1.0776015e-05,9.146363e-06,1.8292725e-05,2.1516838e-05,1.800043e-05,3.6000863e-05,2.5234232e-05,2.359289e-05,4.718578e-05,1.0469433e-05,8.412885e-06,1.682577e-05,1.47067585e-05,1.1377836e-05,2.2755672e-05,1.4356065e-05,1.441112e-05,2.882224e-05
257,4.353496381626723e-05,3.651689871378402e-05,0.00016643342678435147,0.00015774881242579814,1.0769002e-05,9.385035e-06,1.877007e-05,2.1246302e-05,1.6129346e-05,3.2258693e-05,2.4893092e-05,2.036965e-05,4.07393e-05,1.0452218e-05,8.633742e-06,1.7267485e-05,1.475974e-05,1.2570463e-05,2.5140926e-05,1.43466705e-05,1.612848e-05,3.225696e-05
258,4.2841678676612805e-05,3.806594579456038e-05,0.0001717472041491419,0.00015078426760104687,1.0518616e-05,9.28058e-06,1.856116e-05,2.1089741e-05,1.9016341e-05,3.8032682e-05,2.4760506e-05,2.30585e-05,4.6117e-05,1.0206299e-05,7.1774166e-06,1.4354833e-05,1.427061e-05,1.0735321e-05,2.1470642e-05,1.3968426e-05,1.6605443e-05,3.3210887e-05
259,4.231440421290202e-05,3.4615259240108065e-05,0.00015388136671390384,0.00014396859916991707,1.0375941e-05,7.884571e-06,1.5769141e-05,2.0790916e-05,1.6151838e-05,3.2303677e-05,2.4516723e-05,2.2112568e-05,4.4225137e-05,1.0089648e-05,8.369279e-06,1.6738559e-05,1.4080964e-05,1.0402431e-05,2.0804862e-05,1.37643e-05,1.20199975e-05,2.4039995e-05
260,4.1568712930739054e-05,3.530171826716341e-05,0.00015488718054257333,0.00013730258009782593,1.02153235e-05,9.1705615e-06,1.8341123e-05,2.0393109e-05,1.753645e-05,3.50729e-05,2.4115812e-05,2.0915195e-05,4.183039e-05,9.859611e-06,7.667919e-06,1.5335838e-05,1.3802548e-05,1.07400365e-05,2.1480073e-05,1.35500795e-05,1.1413431e-05,2.2826862e-05
261,4.114705020661559e-05,3.305895743782209e-05,0.00014455591735895723,0.000130786966378446,1.0104717e-05,8.371817e-06,1.6743634e-05,2.0227648e-05,1.5854022e-05,3.1708045e-05,2.3860795e-05,2.01807e-05,4.03614e-05,9.8167875e-06,8.24557e-06,1.649114e-05,1.3650543e-05,1.0134134e-05,2.0268268e-05,1.3360507e-05,9.491722e-06,1.8983445e-05
262,4.07747790937284e-05,3.3453359976761215e-05,0.00014525357983075082,0.00012442249694796957,9.906816e-06,7.330973e-06,1.4661946e-05,2.0116662e-05,1.651217e-05,3.3024342e-05,2.3865801e-05,2.09106e-05,4.18212e-05,9.661822e-06,6.78375e-06,1.35675e-05,1.3414399e-05,1.1109522e-05,2.2219045e-05,1.3139485e-05,9.979773e-06,1.9959545e-05
263,4.008603314741202e-05,3.483135250903782e-05,0.00015668458945583552,0.00011820989360130374,9.8352675e-06,8.646844e-06,1.7293687e-05,1.9692396e-05,1.5954567e-05,3.1909134e-05,2.3320581e-05,2.0614572e-05,4.1229145e-05,9.563986e-06,8.873002e-06,1.7746004e-05,1.3238165e-05,1.115627e-05,2.231254e-05,1.3017523e-05,1.3097041e-05,2.6194082e-05
264,3.95730225968408e-05,3.452649070935159e-05,0.0001520233927294612,0.00011214986091021406,9.707125e-06,7.5494277e-06,1.5098855e-05,1.9460958e-05,1.9136516e-05,3.8273032e-05,2.3116469e-05,2.2165317e-05,4.4330634e-05,9.428444e-06,8.25286e-06,1.650572e-05,1.3010636e-05,9.101508e-06,1.8203016e-05,1.2675491e-05,9.806066e-06,1.9612133e-05
265,3.8728899251760904e-05,3.289472469368849e-05,0.0001428386167390272,0.00010624308614341652,9.424681e-06,7.633029e-06,1.5266058e-05,1.9106128e-05,1.5361062e-05,3.0722123e-05,2.2692884e-05,2.1405322e-05,4.2810643e-05,9.21474e-06,7.3806314e-06,1.4761263e-05,1.2713877e-05,9.980201e-06,1.9960402e-05,1.2387609e-05,9.659066e-06,1.9318131e-05
266,3.867092397790976e-05,3.364537611705348e-05,0.00014677915896754712,0.0001004902391886366,9.356759e-06,7.624543e-06,1.5249086e-05,1.9107405e-05,1.6610584e-05,3.3221168e-05,2.2710157e-05,1.9876756e-05,3.975351e-05,9.1956645e-06,8.310282e-06,1.6620565e-05,1.2718555e-05,1.1981804e-05,2.3963608e-05,1.2254116e-05,8.985609e-06,1.7971219e-05
267,3.7987811565036725e-05,3.578162722430744e-05,0.00015587719099130481,9.489197247663543e-05,9.206881e-06,7.473184e-06,1.4946368e-05,1.8798084e-05,1.7675224e-05,3.5350447e-05,2.2318902e-05,2.3334705e-05,4.666941e-05,9.000933e-06,7.715468e-06,1.5430936e-05,1.2461054e-05,1.1166485e-05,2.233297e-05,1.2012128e-05,1.0573528e-05,2.1147056e-05
268,3.764713447562744e-05,3.098440335545154e-05,0.0001336395798716694,8.944892090721896e-05,9.203487e-06,6.8497625e-06,1.3699525e-05,1.8591842e-05,1.5044151e-05,3.0088302e-05,2.2139458e-05,2.0506632e-05,4.1013263e-05,8.937922e-06,6.577771e-06,1.3155542e-05,1.2233885e-05,9.292897e-06,1.8585793e-05,1.1971786e-05,8.548581e-06,1.7097162e-05
269,3.702814237040552e-05,3.3693705658014834e-05,0.0001487854024162516,8.416170177723301e-05,8.9321975e-06,7.919461e-06,1.5838921e-05,1.8348126e-05,1.6820924e-05,3.364185e-05,2.1909902e-05,2.1198039e-05,4.2396077e-05,8.7457e-06,7.341752e-06,1.4683504e-05,1.20253935e-05,9.702587e-06,1.9405174e-05,1.16905785e-05,1.14099375e-05,2.2819875e-05
270,3.6804955319338944e-05,3.164828152216004e-05,0.0001365549978800118,7.903091471055628e-05,8.867479e-06,8.000339e-06,1.6000682e-05,1.8254908e-05,1.5205061e-05,3.0410121e-05,2.1743688e-05,2.0672303e-05,4.1344607e-05,8.680986e-06,6.5208847e-06,1.3041769e-05,1.20246505e-05,8.58907e-06,1.717814e-05,1.151657e-05,9.289837e-06,1.8579674e-05
271,3.5949920471194475e-05,3.450819208564196e-05,0.0001532239402877167,7.405714159009596e-05,8.69567e-06,7.968318e-06,1.5936635e-05,1.7766337e-05,1.6697008e-05,3.3394015e-05,2.1324668e-05,2.1042495e-05,4.208499e-05,8.566649e-06,8.263514e-06,1.6527028e-05,1.1641765e-05,1.1012177e-05,2.2024355e-05,1.1216933e-05,1.162846e-05,2.325692e-05
272,3.58512416425555e-05,3.112976317783014e-05,0.0001352432882413268,6.924094649179761e-05,8.731196e-06,6.74823e-06,1.349646e-05,1.7741408e-05,1.5897798e-05,3.1795596e-05,2.1197477e-05,1.9789455e-05,3.957891e-05,8.501357e-06,6.44073e-06,1.288146e-05,1.1601684e-05,9.720123e-06,1.9440246e-05,1.12053585e-05,9.025308e-06,1.8050616e-05
273,3.527632972344679e-05,3.052424960939219e-05,0.0001369431265629828,6.458287562067227e-05,8.513945e-06,7.3198935e-06,1.4639787e-05,1.7490916e-05,1.4102405e-05,2.820481e-05,2.097413e-05,1.9156038e-05,3.8312075e-05,8.376602e-06,7.0364517e-06,1.40729035e-05,1.1372955e-05,8.901882e-06,1.7803764e-05,1.096556e-05,1.1954891e-05,2.3909783e-05
274,3.4884653992235976e-05,3.12641240961355e-05,0.00013979466166347265,6.0083457248852294e-05,8.361735e-06,7.0331143e-06,1.4066229e-05,1.7373408e-05,1.5639462e-05,3.1278923e-05,2.0869384e-05,1.9568308e-05,3.9136616e-05,8.270088e-06,6.595703e-06,1.3191406e-05,1.11601075e-05,9.134127e-06,1.8268254e-05,1.072894e-05,1.1926616e-05,2.3853232e-05
275,3.4667475842560306e-05,2.8953804392159942e-05,0.00013018236495554447,5.5743201655678346e-05,8.363943e-06,6.737204e-06,1.3474408e-05,1.7204798e-05,1.3938226e-05,2.7876453e-05,2.0667863e-05,1.865568e-05,3.731136e-05,8.202704e-06,5.9938466e-06,1.1987693e-05,1.11311765e-05,7.763695e-06,1.552739e-05,1.0729945e-05,1.2002528e-05,2.4005056e-05
276,3.411793485052969e-05,2.8956205803503073e-05,0.0001323832111665979,5.156260106983074e-05,8.241696e-06,6.8276518e-06,1.36553035e-05,1.6931788e-05,1.3362346e-05,2.6724692e-05,2.0369804e-05,1.7657432e-05,3.5314864e-05,8.066936e-06,6.5713853e-06,1.31427705e-05,1.0915065e-05,8.6504815e-06,1.7300963e-05,1.0550051e-05,1.31223105e-05,2.6244621e-05
277,3.391462315988496e-05,3.105612762833868e-05,0.00013750750804319978,4.7542129613503686e-05,8.122824e-06,7.674441e-06,1.5348882e-05,1.6951357e-05,1.5851529e-05,3.1703054e-05,2.0352943e-05,1.9776211e-05,3.9552422e-05,7.970079e-06,6.3697985e-06,1.2739597e-05,1.0786272e-05,7.902747e-06,1.5805494e-05,1.0359129e-05,1.117903e-05,2.235806e-05
278,3.331223864703799e-05,2.93532185994081e-05,0.00012809156032744795,4.368224324863674e-05,8.000372e-06,6.9001317e-06,1.3800263e-05,1.6638416e-05,1.3947005e-05,2.789401e-05,2.0029658e-05,1.892715e-05,3.78543e-05,7.8257e-06,6.212288e-06,1.2424576e-05,1.0512484e-05,8.701312e-06,1.7402625e-05,1.02549175e-05,9.357896e-06,1.8715791e-05
279,3.302771327377486e-05,2.8298267470360563e-05,0.00012356102524790913,3.998337972520306e-05,7.935989e-06,6.279073e-06,1.2558146e-05,1.6438988e-05,1.4484481e-05,2.8968961e-05,1.9807689e-05,1.8177227e-05,3.6354453e-05,7.825184e-06,6.116987e-06,1.2233974e-05,1.051788e-05,8.2903125e-06,1.6580625e-05,1.0091832e-05,8.432428e-06,1.6864857e-05
280,3.277310090213107e-05,2.9032337547517497e-05,0.00013021280756220222,3.644595853156466e-05,7.862777e-06,6.774812e-06,1.3549624e-05,1.63637e-05,1.3415575e-05,2.683115e-05,1.9704541e-05,1.7984481e-05,3.5968962e-05,7.753313e-06,8.067462e-06,1.6134923e-05,1.0377464e-05,8.977684e-06,1.7955368e-05,9.966872e-06,9.886392e-06,1.9772784e-05
281,3.2407224022180895e-05,2.9138895169478604e-05,0.00012950047675985843,3.3070380846897496e-05,7.779028e-06,6.589989e-06,1.3179978e-05,1.6158236e-05,1.433938e-05,2.867876e-05,1.9504369e-05,1.8367262e-05,3.6734524e-05,7.677216e-06,6.6532116e-06,1.3306423e-05,1.0237947e-05,8.639615e-06,1.727923e-05,9.891363e-06,1.0160778e-05,2.0321557e-05
282,3.208691938314303e-05,2.9067515186420615e-05,0.00012861649156548083,2.985702949569505e-05,7.697258e-06,6.8267764e-06,1.3653553e-05,1.602932e-05,1.4510875e-05,2.902175e-05,1.9344865e-05,1.852093e-05,3.704186e-05,7.576942e-06,6.2979675e-06,1.2595935e-05,1.0131827e-05,8.063809e-06,1.6127618e-05,9.6603235e-06,1.0087886e-05,2.0175772e-05
283,3.1831675921604116e-05,2.8953606228640874e-05,0.00012968777446076274,2.680626890435082e-05,7.5770045e-06,6.802457e-06,1.3604914e-05,1.595019e-05,1.4214085e-05,2.842817e-05,1.9236235e-05,1.8453879e-05,3.6907757e-05,7.50016e-06,6.043378e-06,1.2086756e-05,1.003764e-05,7.8372195e-06,1.5674439e-05,9.600786e-06,1.14928725e-05,2.2985745e-05
284,3.155640665421232e-05,2.814121371809442e-05,0.00012487918138504028,2.3918445059829292e-05,7.537096e-06,6.528637e-06,1.3057274e-05,1.5767562e-05,1.3332623e-05,2.6665246e-05,1.9082887e-05,1.7933025e-05,3.586605e-05,7.482549e-06,6.2590334e-06,1.2518067e-05,9.923587e-06,8.274031e-06,1.6548061e-05,9.519993e-06,1.01122405e-05,2.0224481e-05
285,3.121223973235168e-05,2.7153063285480994e-05,0.00011957918468397111,2.1193885470427926e-05,7.4540553e-06,5.9093804e-06,1.1818761e-05,1.5581647e-05,1.392993e-05,2.785986e-05,1.8902236e-05,1.7920334e-05,3.584067e-05,7.406183e-06,5.485845e-06,1.097169e-05,9.804891e-06,7.337343e-06,1.4674686e-05,9.383863e-06,9.206756e-06,1.8413511e-05
286,3.103306310491691e-05,2.831037342353581e-05,0.0001245431776624173,1.8632899128633367e-05,7.3792503e-06,6.094394e-06,1.2188788e-05,1.5555364e-05,1.4244559e-05,2.8489118e-05,1.8855051e-05,1.8725663e-05,3.7451326e-05,7.326718e-06,6.117575e-06,1.223515e-05,9.686381e-06,7.891315e-06,1.578263e-05,9.331098e-06,9.19808e-06,1.839616e-05
287,3.080113774352792e-05,2.760928677859764e-05,0.00012184484512545168,1.6235776476079712e-05,7.3418005e-06,6.0920433e-06,1.2184087e-05,1.5446944e-05,1.3644586e-05,2.7289172e-05,1.8659677e-05,1.7775152e-05,3.5550303e-05,7.239885e-06,6.0941056e-06,1.2188211e-05,9.6596295e-06,8.115137e-06,1.6230273e-05,9.245833e-06,9.201399e-06,1.8402798e-05
288,3.0592476671970844e-05,2.7793449022039172e-05,0.00012270854495000094,1.4002789370608606e-05,7.2853168e-06,5.927134e-06,1.1854268e-05,1.5335138e-05,1.38994155e-05,2.7798831e-05,1.8572455e-05,1.854225e-05,3.70845e-05,7.224497e-06,5.8385963e-06,1.1677193e-05,9.554097e-06,7.602913e-06,1.5205826e-05,9.187277e-06,9.543961e-06,1.9087922e-05
289,3.0429898278319264e-05,2.7440523947531013e-05,0.00011977963731624186,1.1934191055438554e-05,7.210635e-06,6.0404122e-06,1.20808245e-05,1.5315276e-05,1.3364473e-05,2.6728947e-05,1.854965e-05,1.8108607e-05,3.6217214e-05,7.171087e-06,5.967481e-06,1.1934962e-05,9.441876e-06,7.99481e-06,1.598962e-05,9.079642e-06,8.414032e-06,1.6828064e-05
290,3.0237144758076184e-05,2.7516566523618065e-05,0.00012171908747404814,1.0030216130444066e-05,7.1754307e-06,6.3101443e-06,1.26202885e-05,1.5219526e-05,1.3735124e-05,2.7470249e-05,1.8431056e-05,1.7824927e-05,3.564986e-05,7.118057e-06,5.9664453e-06,1.1932891e-05,9.374948e-06,7.514399e-06,1.5028798e-05,9.003577e-06,9.5085e-06,1.9017e-05
291,3.0008792367094828e-05,2.6541064058478437e-05,0.00011721825285349041,8.291080525549979e-06,7.1106465e-06,6.077992e-06,1.2155984e-05,1.510094e-05,1.3129524e-05,2.6259047e-05,1.829242e-05,1.7296825e-05,3.459365e-05,7.101837e-06,5.7635166e-06,1.1527033e-05,9.327701e-06,7.256414e-06,1.4512828e-05,8.877861e-06,9.084854e-06,1.8169709e-05
292,2.9852928566444217e-05,2.7798409688402195e-05,0.00012355161015875638,6.716981476242446e-06,7.120205e-06,6.1801247e-06,1.23602495e-05,1.4977758e-05,1.4058783e-05,2.8117565e-05,1.8203065e-05,1.805639e-05,3.611278e-05,7.0338997e-06,6.0306647e-06,1.20613295e-05,9.237026e-06,7.5512157e-06,1.51024315e-05,8.905587e-06,9.898628e-06,1.9797257e-05
293,2.9764250441591014e-05,2.7502549533851555e-05,0.00012152304407209158,5.308097501201297e-06,7.0623446e-06,6.1607357e-06,1.2321471e-05,1.4947971e-05,1.3933604e-05,2.7867207e-05,1.8165641e-05,1.7855175e-05,3.5710345e-05,7.0226033e-06,5.9802724e-06,1.1960545e-05,9.232344e-06,7.5570615e-06,1.5114123e-05,8.844196e-06,9.274677e-06,1.8549354e-05
294,2.9613422547802564e-05,2.6966681908547677e-05,0.00011906739382538944,4.064588382052951e-06,7.011146e-06,6.105656e-06,1.2211312e-05,1.4927881e-05,1.3412428e-05,2.6824857e-05,1.8075527e-05,1.7743076e-05,3.548615e-05,7.0007586e-06,5.7329144e-06,1.1465829e-05,9.164947e-06,7.237187e-06,1.4474374e-05,8.774365e-06,9.302432e-06,1.8604864e-05
295,2.9506924960802468e-05,2.6934050769438753e-05,0.00011887203436344862,2.9865951452505528e-06,6.9705507e-06,5.897851e-06,1.1795702e-05,1.4849066e-05,1.3680447e-05,2.7360895e-05,1.8057179e-05,1.7725864e-05,3.545173e-05,6.9797425e-06,5.776408e-06,1.1552816e-05,9.1389875e-06,7.3176057e-06,1.4635211e-05,8.6706705e-06,9.037841e-06,1.8075682e-05
296,2.9419925938084616e-05,2.6941251410892174e-05,0.00011878709483426064,2.0742400460798576e-06,6.9733746e-06,5.9648346e-06,1.1929669e-05,1.4772248e-05,1.343911e-05,2.687822e-05,1.7976898e-05,1.7662654e-05,3.532531e-05,6.938179e-06,5.7566403e-06,1.1513281e-05,9.122558e-06,7.4865184e-06,1.4973037e-05,8.71503e-06,9.083786e-06,1.8167571e-05
297,2.9333183369060992e-05,2.6820787742539534e-05,0.00011829374125227332,1.3276265547944553e-06,6.962423e-06,5.8808955e-06,1.1761791e-05,1.4733769e-05,1.3271379e-05,2.6542759e-05,1.7940158e-05,1.780083e-05,3.560166e-05,6.9383386e-06,5.727745e-06,1.145549e-05,9.060477e-06,7.344603e-06,1.4689206e-05,8.677172e-06,9.1214215e-06,1.8242843e-05
298,2.9326855027852346e-05,2.672383625245788e-05,0.00011779857595684007,7.468393448804831e-07,6.9622647e-06,5.900142e-06,1.1800284e-05,1.4732784e-05,1.3351291e-05,2.6702583e-05,1.7922994e-05,1.7617467e-05,3.5234938e-05,6.9131684e-06,5.7519715e-06,1.1503943e-05,9.075975e-06,7.333175e-06,1.466635e-05,8.6766895e-06,8.945241e-06,1.7890481e-05
299,2.9360570047244217e-05,2.665387166686424e-05,0.00011746135714929551,3.3194428345489493e-07,6.9365155e-06,5.891798e-06,1.1783596e-05,1.4769128e-05,1.3326423e-05,2.6652846e-05,1.798973e-05,1.7533566e-05,3.506713e-05,6.956672e-06,5.7218294e-06,1.1443659e-05,9.066597e-06,7.346555e-06,1.469311e-05,8.639123e-06,8.910507e-06,1.7821014e-05
300,2.9218393924287813e-05,2.6726759546641556e-05,0.00011780427303165197,8.298842379436137e-08,6.9241073e-06,5.9309505e-06,1.1861901e-05,1.473444e-05,1.331919e-05,2.663838e-05,1.7867535e-05,1.7588776e-05,3.5177552e-05,6.910331e-06,5.7668735e-06,1.1533747e-05,8.998709e-06,7.351279e-06,1.4702558e-05,8.642104e-06,8.9450705e-06,1.7890141e-05
